[
{
  "fields": {
    "username": "linxiz",
    "first_name": "",
    "last_name": "",
    "is_active": true,
    "is_superuser": false,
    "is_staff": false,
    "last_login": "2015-11-23T20:32:54Z",
    "groups": [],
    "user_permissions": [],
    "password": "pbkdf2_sha256$20000$w3zAqv4eiDA5$tdEX5Dggz2ARKP9MEb+To9NZb2vDPej8Km6hTQuzSPI=",
    "email": "linxiz@test.com",
    "date_joined": "2015-11-04T06:05:50Z"
  },
  "model": "auth.user",
  "pk": 1
},
{
  "fields": {
    "username": "bowenz",
    "first_name": "",
    "last_name": "",
    "is_active": true,
    "is_superuser": false,
    "is_staff": false,
    "last_login": "2015-11-29T05:18:03Z",
    "groups": [],
    "user_permissions": [],
    "password": "pbkdf2_sha256$20000$eqZhiTAMJHf0$8OGqfS1E32vrJjJdsjbzljwndxG5EnshY2a9tO6/tfA=",
    "email": "bowenz@test.com",
    "date_joined": "2015-11-04T06:06:11Z"
  },
  "model": "auth.user",
  "pk": 2
},
{
  "fields": {
    "username": "zruan",
    "first_name": "",
    "last_name": "",
    "is_active": true,
    "is_superuser": false,
    "is_staff": false,
    "last_login": "2015-11-29T20:06:50Z",
    "groups": [],
    "user_permissions": [],
    "password": "pbkdf2_sha256$20000$f5vhCyuaWC3c$oO1UYDVEBtBRAXm5R3OT3+8an4okhTf1m69f19c39Kw=",
    "email": "zruan@test.com",
    "date_joined": "2015-11-04T06:06:24Z"
  },
  "model": "auth.user",
  "pk": 3
},
{
  "fields": {
    "username": "Brother Jamie",
    "first_name": "",
    "last_name": "",
    "is_active": true,
    "is_superuser": false,
    "is_staff": false,
    "last_login": "2015-11-09T00:30:10Z",
    "groups": [],
    "user_permissions": [],
    "password": "pbkdf2_sha256$20000$PXNO11xISV6n$4JxzQVy8RSeHd9BN4wTZdQbOkY2S30IlLABWtTJ+cg0=",
    "email": "jamie@test.com",
    "date_joined": "2015-11-06T01:44:56Z"
  },
  "model": "auth.user",
  "pk": 6
},
{
  "fields": {
    "username": "King of LTI",
    "first_name": "",
    "last_name": "",
    "is_active": true,
    "is_superuser": false,
    "is_staff": false,
    "last_login": "2015-11-09T00:33:40Z",
    "groups": [],
    "user_permissions": [],
    "password": "pbkdf2_sha256$20000$nXF1FkA2G04H$mYhaE6K5N/K2c1x6sQHMtdTj3ex+wzVITYwX667evoI=",
    "email": "king@test.com",
    "date_joined": "2015-11-06T01:46:12Z"
  },
  "model": "auth.user",
  "pk": 7
},
{
  "fields": {
    "username": "xiaohei",
    "first_name": "",
    "last_name": "",
    "is_active": true,
    "is_superuser": false,
    "is_staff": false,
    "last_login": "2015-11-06T12:56:52Z",
    "groups": [],
    "user_permissions": [],
    "password": "pbkdf2_sha256$20000$P9uFFnTvPhOZ$3NWbEIxQdUeb1H2SRH2dKWSn1kOKoBN5dJ04MAWrNCM=",
    "email": "xiaohei@test.com",
    "date_joined": "2015-11-06T04:51:41Z"
  },
  "model": "auth.user",
  "pk": 9
},
{
  "fields": {
    "username": "lalala",
    "first_name": "",
    "last_name": "",
    "is_active": true,
    "is_superuser": false,
    "is_staff": false,
    "last_login": "2015-11-23T18:28:45Z",
    "groups": [],
    "user_permissions": [],
    "password": "pbkdf2_sha256$20000$x3DPzKyAXHjj$NF8hoZYw8RAoinqu6yt2hpAieF39v1CSz+rfRVBSZkw=",
    "email": "lalala@test.com",
    "date_joined": "2015-11-06T11:06:40Z"
  },
  "model": "auth.user",
  "pk": 11
},
{
  "fields": {
    "username": "cmubbs-system",
    "first_name": "",
    "last_name": "",
    "is_active": true,
    "is_superuser": false,
    "is_staff": false,
    "last_login": "2015-11-17T14:45:09Z",
    "groups": [],
    "user_permissions": [],
    "password": "pbkdf2_sha256$20000$HuSZxGIemcQc$HiOpXKVHlbT+hlNxXe08S+oRjkUTwBix+fvoZuitJZs=",
    "email": "cmubbs-system@test.com",
    "date_joined": "2015-11-17T14:45:09Z"
  },
  "model": "auth.user",
  "pk": 12
},
{
  "fields": {
    "username": "wanpiqiao",
    "first_name": "",
    "last_name": "",
    "is_active": true,
    "is_superuser": false,
    "is_staff": false,
    "last_login": "2015-11-22T23:01:59Z",
    "groups": [],
    "user_permissions": [],
    "password": "pbkdf2_sha256$20000$4hR38z2sdnny$dcr9nIROfkbHkt97ypJXIGut+RRZYrXGiq+m5ufhHtc=",
    "email": "wanpiqiao@gmail.com",
    "date_joined": "2015-11-22T23:01:59Z"
  },
  "model": "auth.user",
  "pk": 13
},
{
  "fields": {
    "username": "cmulq",
    "first_name": "",
    "last_name": "",
    "is_active": true,
    "is_superuser": false,
    "is_staff": false,
    "last_login": "2015-11-22T23:06:07Z",
    "groups": [],
    "user_permissions": [],
    "password": "pbkdf2_sha256$20000$IGnXoFseKHO2$nuvhELR0UfPnmVoLG46s17VRid5OXxfAvTWN2YE0MwE=",
    "email": "li1@andrew.cmu.edu",
    "date_joined": "2015-11-22T23:06:07Z"
  },
  "model": "auth.user",
  "pk": 14
},
{
  "fields": {
    "username": "immzz",
    "first_name": "",
    "last_name": "",
    "is_active": true,
    "is_superuser": false,
    "is_staff": false,
    "last_login": "2015-11-23T16:34:58Z",
    "groups": [],
    "user_permissions": [],
    "password": "pbkdf2_sha256$20000$LpzkKaqtGqml$JaPzPs/boIWid3yd75eFB3tsWhHq3OdrfrrgSps17hg=",
    "email": "zeostudio@gmail.com",
    "date_joined": "2015-11-23T16:34:58Z"
  },
  "model": "auth.user",
  "pk": 15
},
{
  "fields": {
    "username": "\u5e7c\u513f\u56ed\u5c0f\u9738\u738b",
    "first_name": "",
    "last_name": "",
    "is_active": true,
    "is_superuser": false,
    "is_staff": false,
    "last_login": "2015-11-23T17:35:01Z",
    "groups": [],
    "user_permissions": [],
    "password": "pbkdf2_sha256$20000$Jf9i11vgamz1$fDVgYjChRxm9PpCkLKo4OTPv5ZHyJIbNrIM9tAPMfeg=",
    "email": "pysunxiangyu@gmail.com",
    "date_joined": "2015-11-23T17:35:01Z"
  },
  "model": "auth.user",
  "pk": 16
},
{
  "fields": {
    "username": "lianguasth",
    "first_name": "",
    "last_name": "",
    "is_active": true,
    "is_superuser": false,
    "is_staff": false,
    "last_login": "2015-11-27T20:53:31Z",
    "groups": [],
    "user_permissions": [],
    "password": "pbkdf2_sha256$20000$0f28hKwcDAPJ$lr/vFoiz5v2gcgDIKbk0Z+IOxQ1XyokjD4TRh1yjXS0=",
    "email": "lianguasth@sina.com",
    "date_joined": "2015-11-23T17:35:03Z"
  },
  "model": "auth.user",
  "pk": 17
},
{
  "fields": {
    "username": "admin",
    "first_name": "",
    "last_name": "",
    "is_active": true,
    "is_superuser": false,
    "is_staff": false,
    "last_login": "2015-11-26T01:42:36Z",
    "groups": [],
    "user_permissions": [],
    "password": "pbkdf2_sha256$20000$J7ROHc6WDgMh$IeV/BY+AHAkvjDd73v4i0MpPyJxVvgdUWwWiNHQCfa8=",
    "email": "ap_lee@163.com",
    "date_joined": "2015-11-26T01:42:36Z"
  },
  "model": "auth.user",
  "pk": 18
},
{
  "fields": {
    "username": "MostHandsomeGuyInLTI",
    "first_name": "",
    "last_name": "",
    "is_active": true,
    "is_superuser": false,
    "is_staff": false,
    "last_login": "2015-11-27T21:18:24Z",
    "groups": [],
    "user_permissions": [],
    "password": "pbkdf2_sha256$20000$ggz2BOWftsQn$QodZaxHYiFPQnOxLx6n3Ag9WuDja2ORNpuj8Fx4yN2w=",
    "email": "firstprayer.zhang@gmail.com",
    "date_joined": "2015-11-27T21:18:24Z"
  },
  "model": "auth.user",
  "pk": 19
},
{
  "fields": {
    "username": "xvblack",
    "first_name": "",
    "last_name": "",
    "is_active": true,
    "is_superuser": false,
    "is_staff": false,
    "last_login": "2015-11-27T21:28:49Z",
    "groups": [],
    "user_permissions": [],
    "password": "pbkdf2_sha256$20000$qGnJptx4xcwr$JtjHLC7I+58A4hy6hVs2qJMlr1zg9eibbO+DQ8tz38Q=",
    "email": "chez@andrew.cmu.edu",
    "date_joined": "2015-11-27T21:28:49Z"
  },
  "model": "auth.user",
  "pk": 20
},
{
  "fields": {
    "expire_date": "2015-12-07T18:47:42Z",
    "session_data": "MWRkYWQ3NzI4ODQ5N2ZkZWFmZDU3NDJmYzU4ZTFmMTU0M2I5NTZlYjp7Il9hdXRoX3VzZXJfaGFzaCI6IjQ2MmQ0M2JmZTgyOWU2ZTBmZWZmNDUxZjcxNjU0ZTdhOWZmNjFkYWYiLCJfYXV0aF91c2VyX2JhY2tlbmQiOiJkamFuZ28uY29udHJpYi5hdXRoLmJhY2tlbmRzLk1vZGVsQmFja2VuZCIsIl9hdXRoX3VzZXJfaWQiOiIyIn0="
  },
  "model": "sessions.session",
  "pk": "1sxeuwtu0bp6a3bfrc7p7466by5ei9dv"
},
{
  "fields": {
    "expire_date": "2015-11-25T03:08:38Z",
    "session_data": "MWRkYWQ3NzI4ODQ5N2ZkZWFmZDU3NDJmYzU4ZTFmMTU0M2I5NTZlYjp7Il9hdXRoX3VzZXJfaGFzaCI6IjQ2MmQ0M2JmZTgyOWU2ZTBmZWZmNDUxZjcxNjU0ZTdhOWZmNjFkYWYiLCJfYXV0aF91c2VyX2JhY2tlbmQiOiJkamFuZ28uY29udHJpYi5hdXRoLmJhY2tlbmRzLk1vZGVsQmFja2VuZCIsIl9hdXRoX3VzZXJfaWQiOiIyIn0="
  },
  "model": "sessions.session",
  "pk": "27zmzk69i4dc4q2qfg81gugxw2uvt5nx"
},
{
  "fields": {
    "expire_date": "2015-11-29T23:48:15Z",
    "session_data": "ZDNjNmVkNjM0M2Q5Y2U4NGM3YjczZGQwOTU2NmQ0MmNhNTExYTVlZDp7Il9hdXRoX3VzZXJfaGFzaCI6IjdiNWRiOTQ2ZDEyNzhmZDY3Y2E2NzhhMDk0NTc5YTYyMjU0MjRjMTgiLCJfYXV0aF91c2VyX2JhY2tlbmQiOiJkamFuZ28uY29udHJpYi5hdXRoLmJhY2tlbmRzLk1vZGVsQmFja2VuZCIsIl9hdXRoX3VzZXJfaWQiOiIxIn0="
  },
  "model": "sessions.session",
  "pk": "39i7u5iqt2ps06xnalk9tc2fmvgodngw"
},
{
  "fields": {
    "expire_date": "2015-11-18T09:43:09Z",
    "session_data": "M2IxMWY1MDY5N2ZiYzkzN2UyNTkyODFhMjkzMmY4ODU0MTZlMGZiZjp7Il9hdXRoX3VzZXJfaGFzaCI6IjhlOTBjZmZhMmUzNmUyYzVjNzk5OTJmNjFhMzU4MTFjZWE5NjY2ZmMiLCJfYXV0aF91c2VyX2JhY2tlbmQiOiJkamFuZ28uY29udHJpYi5hdXRoLmJhY2tlbmRzLk1vZGVsQmFja2VuZCIsIl9hdXRoX3VzZXJfaWQiOiIxIn0="
  },
  "model": "sessions.session",
  "pk": "3jnjwy5e18ef5nqat5xq485xpmx1x2vl"
},
{
  "fields": {
    "expire_date": "2015-11-30T02:41:35Z",
    "session_data": "ZDNjNmVkNjM0M2Q5Y2U4NGM3YjczZGQwOTU2NmQ0MmNhNTExYTVlZDp7Il9hdXRoX3VzZXJfaGFzaCI6IjdiNWRiOTQ2ZDEyNzhmZDY3Y2E2NzhhMDk0NTc5YTYyMjU0MjRjMTgiLCJfYXV0aF91c2VyX2JhY2tlbmQiOiJkamFuZ28uY29udHJpYi5hdXRoLmJhY2tlbmRzLk1vZGVsQmFja2VuZCIsIl9hdXRoX3VzZXJfaWQiOiIxIn0="
  },
  "model": "sessions.session",
  "pk": "3t1gb0lc6wsbpotix8oqc9gvypv0evir"
},
{
  "fields": {
    "expire_date": "2015-12-10T20:59:42Z",
    "session_data": "YWZkMmE4M2U1MmVmMTc4NGFjOWJhNDQxYzE1NTc0MDRkZmNmZjIwZTp7Il9hdXRoX3VzZXJfaGFzaCI6ImY2Yjg1MTA4ZGEwZTYwZjczZjA4MDZhZjJlMWZjNjAzZmI3NjdiOGQiLCJfYXV0aF91c2VyX2JhY2tlbmQiOiJkamFuZ28uY29udHJpYi5hdXRoLmJhY2tlbmRzLk1vZGVsQmFja2VuZCIsIl9hdXRoX3VzZXJfaWQiOiIzIn0="
  },
  "model": "sessions.session",
  "pk": "4hchma5kuhdlkcpjtjmqltgycf1ysh6h"
},
{
  "fields": {
    "expire_date": "2015-12-01T02:47:29Z",
    "session_data": "YWZkMmE4M2U1MmVmMTc4NGFjOWJhNDQxYzE1NTc0MDRkZmNmZjIwZTp7Il9hdXRoX3VzZXJfaGFzaCI6ImY2Yjg1MTA4ZGEwZTYwZjczZjA4MDZhZjJlMWZjNjAzZmI3NjdiOGQiLCJfYXV0aF91c2VyX2JhY2tlbmQiOiJkamFuZ28uY29udHJpYi5hdXRoLmJhY2tlbmRzLk1vZGVsQmFja2VuZCIsIl9hdXRoX3VzZXJfaWQiOiIzIn0="
  },
  "model": "sessions.session",
  "pk": "51hg46j0mklqpcn6xb5at61g7wt91klz"
},
{
  "fields": {
    "expire_date": "2015-12-06T23:01:59Z",
    "session_data": "NjhmYmRjM2MyMzNhMmYwYTM0ZjY2ZDU1YWRjMjQ2MmMwZmE2MDUzMjp7Il9hdXRoX3VzZXJfaGFzaCI6IjIxYmI1ZGI3NTlmNDg1NDkwZDRmNTgwZGQzYzBkM2VkMTg5NzQ0NTciLCJfYXV0aF91c2VyX2JhY2tlbmQiOiJkamFuZ28uY29udHJpYi5hdXRoLmJhY2tlbmRzLk1vZGVsQmFja2VuZCIsIl9hdXRoX3VzZXJfaWQiOiIxMyJ9"
  },
  "model": "sessions.session",
  "pk": "65p8v5rjf3u7vq3gilt08e66x78eo8oi"
},
{
  "fields": {
    "expire_date": "2015-12-10T01:42:36Z",
    "session_data": "NGE3MGJjY2ViZDBkNTUwYWU2ZTU1Yzc3NWQ2NjZlMzE2YmExZWY2Nzp7Il9hdXRoX3VzZXJfaGFzaCI6ImNiMjRjMGFiN2MxMzQwNjg0NTA0NjAxOTJjYzYxMGVhMjAwN2JlNDQiLCJfYXV0aF91c2VyX2JhY2tlbmQiOiJkamFuZ28uY29udHJpYi5hdXRoLmJhY2tlbmRzLk1vZGVsQmFja2VuZCIsIl9hdXRoX3VzZXJfaWQiOiIxOCJ9"
  },
  "model": "sessions.session",
  "pk": "6fuiz0qgvjjf47plxsbaku7bhhljht29"
},
{
  "fields": {
    "expire_date": "2015-11-19T03:46:23Z",
    "session_data": "MWRkYWQ3NzI4ODQ5N2ZkZWFmZDU3NDJmYzU4ZTFmMTU0M2I5NTZlYjp7Il9hdXRoX3VzZXJfaGFzaCI6IjQ2MmQ0M2JmZTgyOWU2ZTBmZWZmNDUxZjcxNjU0ZTdhOWZmNjFkYWYiLCJfYXV0aF91c2VyX2JhY2tlbmQiOiJkamFuZ28uY29udHJpYi5hdXRoLmJhY2tlbmRzLk1vZGVsQmFja2VuZCIsIl9hdXRoX3VzZXJfaWQiOiIyIn0="
  },
  "model": "sessions.session",
  "pk": "6i2r7ja7rub4tbp06btox9450pmqsyzu"
},
{
  "fields": {
    "expire_date": "2015-12-07T13:01:09Z",
    "session_data": "ZDNjNmVkNjM0M2Q5Y2U4NGM3YjczZGQwOTU2NmQ0MmNhNTExYTVlZDp7Il9hdXRoX3VzZXJfaGFzaCI6IjdiNWRiOTQ2ZDEyNzhmZDY3Y2E2NzhhMDk0NTc5YTYyMjU0MjRjMTgiLCJfYXV0aF91c2VyX2JhY2tlbmQiOiJkamFuZ28uY29udHJpYi5hdXRoLmJhY2tlbmRzLk1vZGVsQmFja2VuZCIsIl9hdXRoX3VzZXJfaWQiOiIxIn0="
  },
  "model": "sessions.session",
  "pk": "760e6pyk64a6yv8588b8rd5rm1xbjqti"
},
{
  "fields": {
    "expire_date": "2015-11-19T16:40:49Z",
    "session_data": "YWZkMmE4M2U1MmVmMTc4NGFjOWJhNDQxYzE1NTc0MDRkZmNmZjIwZTp7Il9hdXRoX3VzZXJfaGFzaCI6ImY2Yjg1MTA4ZGEwZTYwZjczZjA4MDZhZjJlMWZjNjAzZmI3NjdiOGQiLCJfYXV0aF91c2VyX2JhY2tlbmQiOiJkamFuZ28uY29udHJpYi5hdXRoLmJhY2tlbmRzLk1vZGVsQmFja2VuZCIsIl9hdXRoX3VzZXJfaWQiOiIzIn0="
  },
  "model": "sessions.session",
  "pk": "80fizndzx912rjodhctuk2ng7rw9qlii"
},
{
  "fields": {
    "expire_date": "2015-11-26T03:44:02Z",
    "session_data": "MWRkYWQ3NzI4ODQ5N2ZkZWFmZDU3NDJmYzU4ZTFmMTU0M2I5NTZlYjp7Il9hdXRoX3VzZXJfaGFzaCI6IjQ2MmQ0M2JmZTgyOWU2ZTBmZWZmNDUxZjcxNjU0ZTdhOWZmNjFkYWYiLCJfYXV0aF91c2VyX2JhY2tlbmQiOiJkamFuZ28uY29udHJpYi5hdXRoLmJhY2tlbmRzLk1vZGVsQmFja2VuZCIsIl9hdXRoX3VzZXJfaWQiOiIyIn0="
  },
  "model": "sessions.session",
  "pk": "8abahbang96mpdbiqz4w6gr75dl5ubck"
},
{
  "fields": {
    "expire_date": "2015-11-19T20:54:49Z",
    "session_data": "YWZkMmE4M2U1MmVmMTc4NGFjOWJhNDQxYzE1NTc0MDRkZmNmZjIwZTp7Il9hdXRoX3VzZXJfaGFzaCI6ImY2Yjg1MTA4ZGEwZTYwZjczZjA4MDZhZjJlMWZjNjAzZmI3NjdiOGQiLCJfYXV0aF91c2VyX2JhY2tlbmQiOiJkamFuZ28uY29udHJpYi5hdXRoLmJhY2tlbmRzLk1vZGVsQmFja2VuZCIsIl9hdXRoX3VzZXJfaWQiOiIzIn0="
  },
  "model": "sessions.session",
  "pk": "bcbpazbec2buel3x9fkjaptnnmuufvmz"
},
{
  "fields": {
    "expire_date": "2015-12-11T20:53:31Z",
    "session_data": "OWMzNWFmYzk4MjAyNzE0NjM1MDFkMDc5NjA2NTEzZTY1ZTVlNzMxNzp7Il9hdXRoX3VzZXJfaGFzaCI6ImZkYjAzMTU1YTNiZGRjMzdjOWMzNjAwOThkZGJmMjQ5N2NkOGE0OTUiLCJfYXV0aF91c2VyX2JhY2tlbmQiOiJkamFuZ28uY29udHJpYi5hdXRoLmJhY2tlbmRzLk1vZGVsQmFja2VuZCIsIl9hdXRoX3VzZXJfaWQiOiIxNyJ9"
  },
  "model": "sessions.session",
  "pk": "bworh8871i97twgkd1zgwl6d6yis0cgn"
},
{
  "fields": {
    "expire_date": "2015-12-07T16:34:58Z",
    "session_data": "OWU1MTc1ODc2MWNkY2NkYzdmZDk0YmE3NGE3MTIyNzYzNjZhNjIxODp7Il9hdXRoX3VzZXJfaGFzaCI6ImFkYzhmY2U0M2ZiMzgxMjYyMjFjYjg4ZjgyZmE3ZmE5MTY5ZTVjOWQiLCJfYXV0aF91c2VyX2JhY2tlbmQiOiJkamFuZ28uY29udHJpYi5hdXRoLmJhY2tlbmRzLk1vZGVsQmFja2VuZCIsIl9hdXRoX3VzZXJfaWQiOiIxNSJ9"
  },
  "model": "sessions.session",
  "pk": "c9fhnugu119m1e4umiq13x6ry96rdi94"
},
{
  "fields": {
    "expire_date": "2015-11-20T11:06:40Z",
    "session_data": "OGUyODUwNjVmNWVkZWQ4OGNmNzJmMGVlNzYxMmMyN2VmMjM5YzA1ZTp7Il9hdXRoX3VzZXJfaGFzaCI6ImU1OTBjMjBmMTYyOTJjZTI2NDQ1MDkwNTk0MDRmMjAwNDNkMmFmYmUiLCJfYXV0aF91c2VyX2JhY2tlbmQiOiJkamFuZ28uY29udHJpYi5hdXRoLmJhY2tlbmRzLk1vZGVsQmFja2VuZCIsIl9hdXRoX3VzZXJfaWQiOiIxMSJ9"
  },
  "model": "sessions.session",
  "pk": "d6qfdf3gvw2y6zf258h0ieepsz37rvs3"
},
{
  "fields": {
    "expire_date": "2015-11-23T00:33:40Z",
    "session_data": "OTE0OGUwOGU4OTg0NzdkOTcwMjkyM2EwNzdkYjc4MmMyMjE2M2FkMzp7Il9hdXRoX3VzZXJfaGFzaCI6Ijc5YWYzNTA3ODFjMTBmNTdkNzJhMGQzODc5NTViOTBjMzBjYzUyNGEiLCJfYXV0aF91c2VyX2JhY2tlbmQiOiJkamFuZ28uY29udHJpYi5hdXRoLmJhY2tlbmRzLk1vZGVsQmFja2VuZCIsIl9hdXRoX3VzZXJfaWQiOiI3In0="
  },
  "model": "sessions.session",
  "pk": "g0wdsavwn1tzr27038g8r1s1he78khr5"
},
{
  "fields": {
    "expire_date": "2015-12-04T04:49:37Z",
    "session_data": "MWRkYWQ3NzI4ODQ5N2ZkZWFmZDU3NDJmYzU4ZTFmMTU0M2I5NTZlYjp7Il9hdXRoX3VzZXJfaGFzaCI6IjQ2MmQ0M2JmZTgyOWU2ZTBmZWZmNDUxZjcxNjU0ZTdhOWZmNjFkYWYiLCJfYXV0aF91c2VyX2JhY2tlbmQiOiJkamFuZ28uY29udHJpYi5hdXRoLmJhY2tlbmRzLk1vZGVsQmFja2VuZCIsIl9hdXRoX3VzZXJfaWQiOiIyIn0="
  },
  "model": "sessions.session",
  "pk": "gzzjkkq8q1bawnq4f9x89zr59ot1rglj"
},
{
  "fields": {
    "expire_date": "2015-11-30T05:47:42Z",
    "session_data": "ZDNjNmVkNjM0M2Q5Y2U4NGM3YjczZGQwOTU2NmQ0MmNhNTExYTVlZDp7Il9hdXRoX3VzZXJfaGFzaCI6IjdiNWRiOTQ2ZDEyNzhmZDY3Y2E2NzhhMDk0NTc5YTYyMjU0MjRjMTgiLCJfYXV0aF91c2VyX2JhY2tlbmQiOiJkamFuZ28uY29udHJpYi5hdXRoLmJhY2tlbmRzLk1vZGVsQmFja2VuZCIsIl9hdXRoX3VzZXJfaWQiOiIxIn0="
  },
  "model": "sessions.session",
  "pk": "h6nb9cpkr7bbeb1vkk323dw5azecjz9y"
},
{
  "fields": {
    "expire_date": "2015-11-20T06:45:19Z",
    "session_data": "M2IxMWY1MDY5N2ZiYzkzN2UyNTkyODFhMjkzMmY4ODU0MTZlMGZiZjp7Il9hdXRoX3VzZXJfaGFzaCI6IjhlOTBjZmZhMmUzNmUyYzVjNzk5OTJmNjFhMzU4MTFjZWE5NjY2ZmMiLCJfYXV0aF91c2VyX2JhY2tlbmQiOiJkamFuZ28uY29udHJpYi5hdXRoLmJhY2tlbmRzLk1vZGVsQmFja2VuZCIsIl9hdXRoX3VzZXJfaWQiOiIxIn0="
  },
  "model": "sessions.session",
  "pk": "hnili3vl2wg6uhmt634z4z0kl00ppv8e"
},
{
  "fields": {
    "expire_date": "2015-11-30T15:25:02Z",
    "session_data": "YWZkMmE4M2U1MmVmMTc4NGFjOWJhNDQxYzE1NTc0MDRkZmNmZjIwZTp7Il9hdXRoX3VzZXJfaGFzaCI6ImY2Yjg1MTA4ZGEwZTYwZjczZjA4MDZhZjJlMWZjNjAzZmI3NjdiOGQiLCJfYXV0aF91c2VyX2JhY2tlbmQiOiJkamFuZ28uY29udHJpYi5hdXRoLmJhY2tlbmRzLk1vZGVsQmFja2VuZCIsIl9hdXRoX3VzZXJfaWQiOiIzIn0="
  },
  "model": "sessions.session",
  "pk": "iv0s32f89rch13r2rt6zp7d9w7cy4bd0"
},
{
  "fields": {
    "expire_date": "2015-11-23T01:34:59Z",
    "session_data": "YWZkMmE4M2U1MmVmMTc4NGFjOWJhNDQxYzE1NTc0MDRkZmNmZjIwZTp7Il9hdXRoX3VzZXJfaGFzaCI6ImY2Yjg1MTA4ZGEwZTYwZjczZjA4MDZhZjJlMWZjNjAzZmI3NjdiOGQiLCJfYXV0aF91c2VyX2JhY2tlbmQiOiJkamFuZ28uY29udHJpYi5hdXRoLmJhY2tlbmRzLk1vZGVsQmFja2VuZCIsIl9hdXRoX3VzZXJfaWQiOiIzIn0="
  },
  "model": "sessions.session",
  "pk": "kk7jkkov0fjgleobfq6h3uk8ezf59q6x"
},
{
  "fields": {
    "expire_date": "2015-12-07T17:35:01Z",
    "session_data": "ODcyMTEyM2QyMmExNzFjYTA0ODVjZjliYmE5NDNjZmRlNjcxNmI1MTp7Il9hdXRoX3VzZXJfaGFzaCI6IjQwODc1NWE1YjkxMWE0OGU1N2E4MmQwNzNkNzQxODAxYWQ1NmYwMzQiLCJfYXV0aF91c2VyX2JhY2tlbmQiOiJkamFuZ28uY29udHJpYi5hdXRoLmJhY2tlbmRzLk1vZGVsQmFja2VuZCIsIl9hdXRoX3VzZXJfaWQiOiIxNiJ9"
  },
  "model": "sessions.session",
  "pk": "nchcoe4enkl4as925jm0gw03slizbtgq"
},
{
  "fields": {
    "expire_date": "2015-11-28T12:02:53Z",
    "session_data": "ZDNjNmVkNjM0M2Q5Y2U4NGM3YjczZGQwOTU2NmQ0MmNhNTExYTVlZDp7Il9hdXRoX3VzZXJfaGFzaCI6IjdiNWRiOTQ2ZDEyNzhmZDY3Y2E2NzhhMDk0NTc5YTYyMjU0MjRjMTgiLCJfYXV0aF91c2VyX2JhY2tlbmQiOiJkamFuZ28uY29udHJpYi5hdXRoLmJhY2tlbmRzLk1vZGVsQmFja2VuZCIsIl9hdXRoX3VzZXJfaWQiOiIxIn0="
  },
  "model": "sessions.session",
  "pk": "nzung906kwqyz2v5t638wfv40nq5hesd"
},
{
  "fields": {
    "expire_date": "2015-12-11T21:28:49Z",
    "session_data": "OGJjZWJhMDAyZGIzMmM1MThjM2QwYmQwMmEzOWQ0OGFjYTA3ZmQwODp7Il9hdXRoX3VzZXJfaGFzaCI6IjQ0MjA1NThmZTM0YzY4ODdhY2MzZGI4MjllMTEyMGRiMzA3ZDY0MTAiLCJfYXV0aF91c2VyX2JhY2tlbmQiOiJkamFuZ28uY29udHJpYi5hdXRoLmJhY2tlbmRzLk1vZGVsQmFja2VuZCIsIl9hdXRoX3VzZXJfaWQiOiIyMCJ9"
  },
  "model": "sessions.session",
  "pk": "osf0s3mqxcvynci5gyqptfgb1rbbtvcs"
},
{
  "fields": {
    "expire_date": "2015-12-13T20:06:50Z",
    "session_data": "YWZkMmE4M2U1MmVmMTc4NGFjOWJhNDQxYzE1NTc0MDRkZmNmZjIwZTp7Il9hdXRoX3VzZXJfaGFzaCI6ImY2Yjg1MTA4ZGEwZTYwZjczZjA4MDZhZjJlMWZjNjAzZmI3NjdiOGQiLCJfYXV0aF91c2VyX2JhY2tlbmQiOiJkamFuZ28uY29udHJpYi5hdXRoLmJhY2tlbmRzLk1vZGVsQmFja2VuZCIsIl9hdXRoX3VzZXJfaWQiOiIzIn0="
  },
  "model": "sessions.session",
  "pk": "pa0ye3tgh22miue4lcxfi0ksvrzv5y7m"
},
{
  "fields": {
    "expire_date": "2015-12-03T16:49:48Z",
    "session_data": "YWZkMmE4M2U1MmVmMTc4NGFjOWJhNDQxYzE1NTc0MDRkZmNmZjIwZTp7Il9hdXRoX3VzZXJfaGFzaCI6ImY2Yjg1MTA4ZGEwZTYwZjczZjA4MDZhZjJlMWZjNjAzZmI3NjdiOGQiLCJfYXV0aF91c2VyX2JhY2tlbmQiOiJkamFuZ28uY29udHJpYi5hdXRoLmJhY2tlbmRzLk1vZGVsQmFja2VuZCIsIl9hdXRoX3VzZXJfaWQiOiIzIn0="
  },
  "model": "sessions.session",
  "pk": "pcjg5de8972ixnpkatoc0vxbk72705je"
},
{
  "fields": {
    "expire_date": "2015-11-25T14:51:33Z",
    "session_data": "YWZkMmE4M2U1MmVmMTc4NGFjOWJhNDQxYzE1NTc0MDRkZmNmZjIwZTp7Il9hdXRoX3VzZXJfaGFzaCI6ImY2Yjg1MTA4ZGEwZTYwZjczZjA4MDZhZjJlMWZjNjAzZmI3NjdiOGQiLCJfYXV0aF91c2VyX2JhY2tlbmQiOiJkamFuZ28uY29udHJpYi5hdXRoLmJhY2tlbmRzLk1vZGVsQmFja2VuZCIsIl9hdXRoX3VzZXJfaWQiOiIzIn0="
  },
  "model": "sessions.session",
  "pk": "pd0vcneosax0iksgxyb21afwudh60wdg"
},
{
  "fields": {
    "expire_date": "2015-11-20T02:36:29Z",
    "session_data": "YWZkMmE4M2U1MmVmMTc4NGFjOWJhNDQxYzE1NTc0MDRkZmNmZjIwZTp7Il9hdXRoX3VzZXJfaGFzaCI6ImY2Yjg1MTA4ZGEwZTYwZjczZjA4MDZhZjJlMWZjNjAzZmI3NjdiOGQiLCJfYXV0aF91c2VyX2JhY2tlbmQiOiJkamFuZ28uY29udHJpYi5hdXRoLmJhY2tlbmRzLk1vZGVsQmFja2VuZCIsIl9hdXRoX3VzZXJfaWQiOiIzIn0="
  },
  "model": "sessions.session",
  "pk": "pdo9g5czf1xzajvky4s43fyj8imri5bz"
},
{
  "fields": {
    "expire_date": "2015-11-20T21:32:54Z",
    "session_data": "ZDNjNmVkNjM0M2Q5Y2U4NGM3YjczZGQwOTU2NmQ0MmNhNTExYTVlZDp7Il9hdXRoX3VzZXJfaGFzaCI6IjdiNWRiOTQ2ZDEyNzhmZDY3Y2E2NzhhMDk0NTc5YTYyMjU0MjRjMTgiLCJfYXV0aF91c2VyX2JhY2tlbmQiOiJkamFuZ28uY29udHJpYi5hdXRoLmJhY2tlbmRzLk1vZGVsQmFja2VuZCIsIl9hdXRoX3VzZXJfaWQiOiIxIn0="
  },
  "model": "sessions.session",
  "pk": "rhg924umtjo9qptrw2f462krh8qor0c7"
},
{
  "fields": {
    "expire_date": "2015-12-13T05:18:03Z",
    "session_data": "MWRkYWQ3NzI4ODQ5N2ZkZWFmZDU3NDJmYzU4ZTFmMTU0M2I5NTZlYjp7Il9hdXRoX3VzZXJfaGFzaCI6IjQ2MmQ0M2JmZTgyOWU2ZTBmZWZmNDUxZjcxNjU0ZTdhOWZmNjFkYWYiLCJfYXV0aF91c2VyX2JhY2tlbmQiOiJkamFuZ28uY29udHJpYi5hdXRoLmJhY2tlbmRzLk1vZGVsQmFja2VuZCIsIl9hdXRoX3VzZXJfaWQiOiIyIn0="
  },
  "model": "sessions.session",
  "pk": "t9b47o5326yt3zxpy2klqibn1q1ayvm4"
},
{
  "fields": {
    "expire_date": "2015-12-11T21:18:24Z",
    "session_data": "ZDMwYzNhZGFlNGI2MDNmNjgyNDllYWJlMWRjNWRhOTIzMGY3YjcyZTp7Il9hdXRoX3VzZXJfaGFzaCI6IjZjM2U3ZjYzNjY1YjRiY2Y3YmQwYmFkODMyZTE0ZGMxNzEwMDAzYjMiLCJfYXV0aF91c2VyX2JhY2tlbmQiOiJkamFuZ28uY29udHJpYi5hdXRoLmJhY2tlbmRzLk1vZGVsQmFja2VuZCIsIl9hdXRoX3VzZXJfaWQiOiIxOSJ9"
  },
  "model": "sessions.session",
  "pk": "tncjv77jjoe847grplypcrtepdaevg6d"
},
{
  "fields": {
    "expire_date": "2015-11-30T08:05:29Z",
    "session_data": "ZDNjNmVkNjM0M2Q5Y2U4NGM3YjczZGQwOTU2NmQ0MmNhNTExYTVlZDp7Il9hdXRoX3VzZXJfaGFzaCI6IjdiNWRiOTQ2ZDEyNzhmZDY3Y2E2NzhhMDk0NTc5YTYyMjU0MjRjMTgiLCJfYXV0aF91c2VyX2JhY2tlbmQiOiJkamFuZ28uY29udHJpYi5hdXRoLmJhY2tlbmRzLk1vZGVsQmFja2VuZCIsIl9hdXRoX3VzZXJfaWQiOiIxIn0="
  },
  "model": "sessions.session",
  "pk": "tzb1vmavdwt5nsz948oqmqbjndcagmwp"
},
{
  "fields": {
    "expire_date": "2015-12-01T13:01:32Z",
    "session_data": "ZDNjNmVkNjM0M2Q5Y2U4NGM3YjczZGQwOTU2NmQ0MmNhNTExYTVlZDp7Il9hdXRoX3VzZXJfaGFzaCI6IjdiNWRiOTQ2ZDEyNzhmZDY3Y2E2NzhhMDk0NTc5YTYyMjU0MjRjMTgiLCJfYXV0aF91c2VyX2JhY2tlbmQiOiJkamFuZ28uY29udHJpYi5hdXRoLmJhY2tlbmRzLk1vZGVsQmFja2VuZCIsIl9hdXRoX3VzZXJfaWQiOiIxIn0="
  },
  "model": "sessions.session",
  "pk": "uwh38uu3ntzp6rrryhcltep395xy44so"
},
{
  "fields": {
    "expire_date": "2015-11-20T13:06:33Z",
    "session_data": "ZDNjNmVkNjM0M2Q5Y2U4NGM3YjczZGQwOTU2NmQ0MmNhNTExYTVlZDp7Il9hdXRoX3VzZXJfaGFzaCI6IjdiNWRiOTQ2ZDEyNzhmZDY3Y2E2NzhhMDk0NTc5YTYyMjU0MjRjMTgiLCJfYXV0aF91c2VyX2JhY2tlbmQiOiJkamFuZ28uY29udHJpYi5hdXRoLmJhY2tlbmRzLk1vZGVsQmFja2VuZCIsIl9hdXRoX3VzZXJfaWQiOiIxIn0="
  },
  "model": "sessions.session",
  "pk": "vha3h19n8dhg2a697j0vsm521aoymj4m"
},
{
  "fields": {
    "expire_date": "2015-11-20T18:56:06Z",
    "session_data": "MWRkYWQ3NzI4ODQ5N2ZkZWFmZDU3NDJmYzU4ZTFmMTU0M2I5NTZlYjp7Il9hdXRoX3VzZXJfaGFzaCI6IjQ2MmQ0M2JmZTgyOWU2ZTBmZWZmNDUxZjcxNjU0ZTdhOWZmNjFkYWYiLCJfYXV0aF91c2VyX2JhY2tlbmQiOiJkamFuZ28uY29udHJpYi5hdXRoLmJhY2tlbmRzLk1vZGVsQmFja2VuZCIsIl9hdXRoX3VzZXJfaWQiOiIyIn0="
  },
  "model": "sessions.session",
  "pk": "vi27vb5fyx02vnkm69uqbxyrvu35f044"
},
{
  "fields": {
    "expire_date": "2015-12-01T20:55:23Z",
    "session_data": "ZDNjNmVkNjM0M2Q5Y2U4NGM3YjczZGQwOTU2NmQ0MmNhNTExYTVlZDp7Il9hdXRoX3VzZXJfaGFzaCI6IjdiNWRiOTQ2ZDEyNzhmZDY3Y2E2NzhhMDk0NTc5YTYyMjU0MjRjMTgiLCJfYXV0aF91c2VyX2JhY2tlbmQiOiJkamFuZ28uY29udHJpYi5hdXRoLmJhY2tlbmRzLk1vZGVsQmFja2VuZCIsIl9hdXRoX3VzZXJfaWQiOiIxIn0="
  },
  "model": "sessions.session",
  "pk": "wyto1xzog7otjz4og9sqsedg8le4nhtp"
},
{
  "fields": {
    "expire_date": "2015-12-01T21:33:25Z",
    "session_data": "OGUyODUwNjVmNWVkZWQ4OGNmNzJmMGVlNzYxMmMyN2VmMjM5YzA1ZTp7Il9hdXRoX3VzZXJfaGFzaCI6ImU1OTBjMjBmMTYyOTJjZTI2NDQ1MDkwNTk0MDRmMjAwNDNkMmFmYmUiLCJfYXV0aF91c2VyX2JhY2tlbmQiOiJkamFuZ28uY29udHJpYi5hdXRoLmJhY2tlbmRzLk1vZGVsQmFja2VuZCIsIl9hdXRoX3VzZXJfaWQiOiIxMSJ9"
  },
  "model": "sessions.session",
  "pk": "xyphghslxgg4blwyjq0cvjuhmk2dlig1"
},
{
  "fields": {
    "father_forum": null,
    "moderators": [
      1,
      2,
      3
    ],
    "name": "Life in Pittsburgh",
    "description": "You can find useful information about the life in Pittsburgh!"
  },
  "model": "cmubbs.forum",
  "pk": 5
},
{
  "fields": {
    "father_forum": 5,
    "moderators": [
      1,
      2,
      3
    ],
    "name": "Restaurants",
    "description": "Find good restaurants here!"
  },
  "model": "cmubbs.forum",
  "pk": 6
},
{
  "fields": {
    "father_forum": null,
    "moderators": [
      1,
      2,
      3
    ],
    "name": "Secret Words",
    "description": "You can post anonymous here."
  },
  "model": "cmubbs.forum",
  "pk": 7
},
{
  "fields": {
    "father_forum": null,
    "moderators": [
      2
    ],
    "name": "Job",
    "description": "Finding jobs, working status, career fair, interview tips, etc."
  },
  "model": "cmubbs.forum",
  "pk": 8
},
{
  "fields": {
    "father_forum": 7,
    "moderators": [
      1,
      9
    ],
    "name": "Boys & Girls",
    "description": "He loves him? Really?!"
  },
  "model": "cmubbs.forum",
  "pk": 9
},
{
  "fields": {
    "father_forum": null,
    "moderators": [
      2
    ],
    "name": "Study in CMU",
    "description": "Homework discussion, course recommendation, tech talk, etc. "
  },
  "model": "cmubbs.forum",
  "pk": 10
},
{
  "fields": {
    "father_forum": null,
    "moderators": [
      2
    ],
    "name": "Entertaiment",
    "description": "Parties, sports, music!"
  },
  "model": "cmubbs.forum",
  "pk": 11
},
{
  "fields": {
    "father_forum": 5,
    "moderators": [
      1
    ],
    "name": "House Rent",
    "description": "Finding apartment & roommates? Come here!"
  },
  "model": "cmubbs.forum",
  "pk": 13
},
{
  "fields": {
    "father_forum": 5,
    "moderators": [
      1
    ],
    "name": "Travel",
    "description": "Have a say go to go trip"
  },
  "model": "cmubbs.forum",
  "pk": 14
},
{
  "fields": {
    "father_forum": 7,
    "moderators": [],
    "name": "Complains",
    "description": "Don't like a teacher or a course? Shout it out!"
  },
  "model": "cmubbs.forum",
  "pk": 15
},
{
  "fields": {
    "father_forum": 8,
    "moderators": [],
    "name": "Job Oppurtunities",
    "description": "Publish positions for internship and full time jobs"
  },
  "model": "cmubbs.forum",
  "pk": 16
},
{
  "fields": {
    "father_forum": 8,
    "moderators": [],
    "name": "Working Status",
    "description": "Questions about OPT, CPT, F1, H1B, etc."
  },
  "model": "cmubbs.forum",
  "pk": 17
},
{
  "fields": {
    "father_forum": 11,
    "moderators": [],
    "name": "Jokes",
    "description": "You must see this when you are boring."
  },
  "model": "cmubbs.forum",
  "pk": 18
},
{
  "fields": {
    "father_forum": 10,
    "moderators": [],
    "name": "Homework Disscussion",
    "description": "make your life easier"
  },
  "model": "cmubbs.forum",
  "pk": 19
},
{
  "fields": {
    "father_forum": null,
    "moderators": [
      1,
      2
    ],
    "name": "Technology",
    "description": "Dark technologies..."
  },
  "model": "cmubbs.forum",
  "pk": 20
},
{
  "fields": {
    "father_forum": 20,
    "moderators": [],
    "name": "Machine Learning",
    "description": "What everyone is talking about"
  },
  "model": "cmubbs.forum",
  "pk": 21
},
{
  "fields": {
    "father_forum": 11,
    "moderators": [],
    "name": "Video Gaming",
    "description": "dota2, lol, war3, cs go, fifa, etc..."
  },
  "model": "cmubbs.forum",
  "pk": 22
},
{
  "fields": {
    "father_forum": 7,
    "moderators": [
      3
    ],
    "name": "Friends",
    "description": "Testing Chinese topics."
  },
  "model": "cmubbs.forum",
  "pk": 24
},
{
  "fields": {
    "view_count": 12,
    "liked": [
      [
        "linxiz"
      ],
      [
        "bowenz"
      ]
    ],
    "forum": 6,
    "title": "Anyone knows Little Asia?",
    "good_topic": true,
    "tags": [
      5
    ],
    "created_on": "2015-11-04T16:01:17Z",
    "user": [
      "zruan"
    ],
    "upped": false
  },
  "model": "cmubbs.topic",
  "pk": 1
},
{
  "fields": {
    "view_count": 8,
    "liked": [
      [
        "linxiz"
      ]
    ],
    "forum": 6,
    "title": "Hard to find hot pot!",
    "good_topic": false,
    "tags": [
      5
    ],
    "created_on": "2015-11-04T20:04:34Z",
    "user": [
      "bowenz"
    ],
    "upped": false
  },
  "model": "cmubbs.topic",
  "pk": 2
},
{
  "fields": {
    "view_count": 5,
    "liked": [],
    "forum": 18,
    "title": "Did Xiao Ming fell? ",
    "good_topic": false,
    "tags": [
      5
    ],
    "created_on": "2015-11-04T20:05:56Z",
    "user": [
      "bowenz"
    ],
    "upped": false
  },
  "model": "cmubbs.topic",
  "pk": 3
},
{
  "fields": {
    "view_count": 3,
    "liked": [
      [
        "linxiz"
      ]
    ],
    "forum": 13,
    "title": "2br apt on Squirrel Hill with just 1500$/mo",
    "good_topic": false,
    "tags": [
      5
    ],
    "created_on": "2015-11-04T20:12:20Z",
    "user": [
      "bowenz"
    ],
    "upped": false
  },
  "model": "cmubbs.topic",
  "pk": 4
},
{
  "fields": {
    "view_count": 2,
    "liked": [],
    "forum": 10,
    "title": "Web app is a good course",
    "good_topic": false,
    "tags": [
      5
    ],
    "created_on": "2015-11-04T20:14:35Z",
    "user": [
      "bowenz"
    ],
    "upped": false
  },
  "model": "cmubbs.topic",
  "pk": 5
},
{
  "fields": {
    "view_count": 12,
    "liked": [
      [
        "zruan"
      ]
    ],
    "forum": 9,
    "title": "\u738b\u7131\u548c\u6797\u6960\u5230\u5e95\u662f\u4ec0\u4e48\u5173\u7cfb?",
    "good_topic": false,
    "tags": [
      5
    ],
    "created_on": "2015-11-06T01:06:20Z",
    "user": [
      "bowenz"
    ],
    "upped": false
  },
  "model": "cmubbs.topic",
  "pk": 7
},
{
  "fields": {
    "view_count": 5,
    "liked": [],
    "forum": 14,
    "title": "\u6709\u4eba\u60f3\u53bb\u65e5\u672c\u4e48\uff1f",
    "good_topic": false,
    "tags": [
      5
    ],
    "created_on": "2015-11-06T01:08:14Z",
    "user": [
      "bowenz"
    ],
    "upped": false
  },
  "model": "cmubbs.topic",
  "pk": 8
},
{
  "fields": {
    "view_count": 22,
    "liked": [
      [
        "bowenz"
      ]
    ],
    "forum": 9,
    "title": "\u6770\u7c73\u5361\u5170\u548c\u8010\u4f2f\u683c\u662f\u4ec0\u4e48\u5173\u7cfb\uff1f",
    "good_topic": false,
    "tags": [
      5
    ],
    "created_on": "2015-11-06T01:09:19Z",
    "user": [
      "bowenz"
    ],
    "upped": false
  },
  "model": "cmubbs.topic",
  "pk": 9
},
{
  "fields": {
    "view_count": 14,
    "liked": [],
    "forum": 6,
    "title": "Which food do you like best?",
    "good_topic": true,
    "tags": [
      5
    ],
    "created_on": "2015-11-09T00:27:52Z",
    "user": [
      "bowenz"
    ],
    "upped": false
  },
  "model": "cmubbs.topic",
  "pk": 13
},
{
  "fields": {
    "view_count": 1,
    "liked": [],
    "forum": 13,
    "title": "finding an 3br apartment",
    "good_topic": false,
    "tags": [
      5
    ],
    "created_on": "2015-11-09T01:27:18Z",
    "user": [
      "linxiz"
    ],
    "upped": false
  },
  "model": "cmubbs.topic",
  "pk": 14
},
{
  "fields": {
    "view_count": 10,
    "liked": [],
    "forum": 19,
    "title": "How to deploy django on aws?",
    "good_topic": false,
    "tags": [
      5
    ],
    "created_on": "2015-11-09T01:28:03Z",
    "user": [
      "linxiz"
    ],
    "upped": false
  },
  "model": "cmubbs.topic",
  "pk": 15
},
{
  "fields": {
    "view_count": 5,
    "liked": [],
    "forum": 22,
    "title": "Who is the best carry in the world?",
    "good_topic": false,
    "tags": [
      5
    ],
    "created_on": "2015-11-09T01:30:22Z",
    "user": [
      "bowenz"
    ],
    "upped": false
  },
  "model": "cmubbs.topic",
  "pk": 16
},
{
  "fields": {
    "view_count": 1,
    "liked": [],
    "forum": 22,
    "title": "Anyone knows 2009?",
    "good_topic": false,
    "tags": [
      5
    ],
    "created_on": "2015-11-09T01:31:54Z",
    "user": [
      "bowenz"
    ],
    "upped": false
  },
  "model": "cmubbs.topic",
  "pk": 17
},
{
  "fields": {
    "view_count": 4,
    "liked": [],
    "forum": 17,
    "title": "OPT extension",
    "good_topic": false,
    "tags": [
      5
    ],
    "created_on": "2015-11-09T01:33:07Z",
    "user": [
      "bowenz"
    ],
    "upped": false
  },
  "model": "cmubbs.topic",
  "pk": 18
},
{
  "fields": {
    "view_count": 4,
    "liked": [],
    "forum": 16,
    "title": "Yahoo membership team",
    "good_topic": false,
    "tags": [
      5
    ],
    "created_on": "2015-11-09T01:34:27Z",
    "user": [
      "bowenz"
    ],
    "upped": false
  },
  "model": "cmubbs.topic",
  "pk": 19
},
{
  "fields": {
    "view_count": 4,
    "liked": [],
    "forum": 21,
    "title": "Google next generation ML platform",
    "good_topic": false,
    "tags": [
      5
    ],
    "created_on": "2015-11-09T01:35:19Z",
    "user": [
      "zruan"
    ],
    "upped": false
  },
  "model": "cmubbs.topic",
  "pk": 20
},
{
  "fields": {
    "view_count": 0,
    "liked": [],
    "forum": 6,
    "title": "Bubble tea in Rose Tea Caffe",
    "good_topic": false,
    "tags": [
      5
    ],
    "created_on": "2015-11-09T01:36:52Z",
    "user": [
      "zruan"
    ],
    "upped": false
  },
  "model": "cmubbs.topic",
  "pk": 21
},
{
  "fields": {
    "view_count": 1,
    "liked": [],
    "forum": 14,
    "title": "1day in Hangzhou",
    "good_topic": false,
    "tags": [
      5
    ],
    "created_on": "2015-11-09T01:39:58Z",
    "user": [
      "zruan"
    ],
    "upped": false
  },
  "model": "cmubbs.topic",
  "pk": 22
},
{
  "fields": {
    "view_count": 5,
    "liked": [],
    "forum": 6,
    "title": "test_image",
    "good_topic": false,
    "tags": [
      5
    ],
    "created_on": "2015-11-14T22:38:06Z",
    "user": [
      "zruan"
    ],
    "upped": false
  },
  "model": "cmubbs.topic",
  "pk": 34
},
{
  "fields": {
    "view_count": 6,
    "liked": [],
    "forum": 6,
    "title": "1",
    "good_topic": false,
    "tags": [
      3
    ],
    "created_on": "2015-11-15T19:58:35Z",
    "user": [
      "bowenz"
    ],
    "upped": false
  },
  "model": "cmubbs.topic",
  "pk": 35
},
{
  "fields": {
    "view_count": 7,
    "liked": [],
    "forum": 6,
    "title": "haha",
    "good_topic": false,
    "tags": [
      3
    ],
    "created_on": "2015-11-17T01:31:10Z",
    "user": [
      "bowenz"
    ],
    "upped": false
  },
  "model": "cmubbs.topic",
  "pk": 49
},
{
  "fields": {
    "view_count": 7,
    "liked": [],
    "forum": 6,
    "title": "a private event",
    "good_topic": true,
    "tags": [
      4
    ],
    "created_on": "2015-11-17T19:39:54Z",
    "user": [
      "linxiz"
    ],
    "upped": false
  },
  "model": "cmubbs.topic",
  "pk": 59
},
{
  "fields": {
    "view_count": 6,
    "liked": [],
    "forum": 6,
    "title": "an expired event",
    "good_topic": false,
    "tags": [
      4
    ],
    "created_on": "2015-11-17T19:40:32Z",
    "user": [
      "linxiz"
    ],
    "upped": false
  },
  "model": "cmubbs.topic",
  "pk": 60
},
{
  "fields": {
    "view_count": 14,
    "liked": [],
    "forum": 6,
    "title": "a public event",
    "good_topic": true,
    "tags": [
      4
    ],
    "created_on": "2015-11-17T19:41:07Z",
    "user": [
      "linxiz"
    ],
    "upped": false
  },
  "model": "cmubbs.topic",
  "pk": 61
},
{
  "fields": {
    "view_count": 3,
    "liked": [],
    "forum": 24,
    "title": "\u4e2d\u6587\u6d4b\u8bd5",
    "good_topic": false,
    "tags": [
      5
    ],
    "created_on": "2015-11-20T19:31:57Z",
    "user": [
      "zruan"
    ],
    "upped": false
  },
  "model": "cmubbs.topic",
  "pk": 64
},
{
  "fields": {
    "view_count": 3,
    "liked": [],
    "forum": 24,
    "title": "\u6c34",
    "good_topic": false,
    "tags": [
      5
    ],
    "created_on": "2015-11-21T01:29:12Z",
    "user": [
      "zruan"
    ],
    "upped": false
  },
  "model": "cmubbs.topic",
  "pk": 65
},
{
  "fields": {
    "view_count": 4,
    "liked": [],
    "forum": 24,
    "title": "\u4e00\u5207\u90fd\u662f\u547d\u8fd0\u77f3\u4e4b\u95e8\u7684\u9009\u62e9",
    "good_topic": false,
    "tags": [
      5
    ],
    "created_on": "2015-11-22T06:26:55Z",
    "user": [
      "bowenz"
    ],
    "upped": false
  },
  "model": "cmubbs.topic",
  "pk": 66
},
{
  "fields": {
    "view_count": 6,
    "liked": [],
    "forum": 24,
    "title": "\u6ca1\u4eba\u5417\uff1f",
    "good_topic": false,
    "tags": [
      5
    ],
    "created_on": "2015-11-22T06:32:02Z",
    "user": [
      "bowenz"
    ],
    "upped": false
  },
  "model": "cmubbs.topic",
  "pk": 67
},
{
  "fields": {
    "view_count": 2,
    "liked": [],
    "forum": 22,
    "title": "\u897f\u6069\u5200\u5854\u8981\u5b8c\uff1f",
    "good_topic": false,
    "tags": [
      5
    ],
    "created_on": "2015-11-22T06:33:45Z",
    "user": [
      "bowenz"
    ],
    "upped": false
  },
  "model": "cmubbs.topic",
  "pk": 68
},
{
  "fields": {
    "view_count": 16,
    "liked": [],
    "forum": 6,
    "title": "Vote for your favorite food!",
    "good_topic": true,
    "tags": [
      3
    ],
    "created_on": "2015-11-22T12:10:42Z",
    "user": [
      "linxiz"
    ],
    "upped": true
  },
  "model": "cmubbs.topic",
  "pk": 69
},
{
  "fields": {
    "view_count": 1,
    "liked": [],
    "forum": 6,
    "title": "A good restaurant to share",
    "good_topic": false,
    "tags": [
      5
    ],
    "created_on": "2015-11-22T12:21:19Z",
    "user": [
      "linxiz"
    ],
    "upped": false
  },
  "model": "cmubbs.topic",
  "pk": 70
},
{
  "fields": {
    "view_count": 4,
    "liked": [],
    "forum": 6,
    "title": "Fantastic restaurants around campus!",
    "good_topic": false,
    "tags": [
      5
    ],
    "created_on": "2015-11-22T12:24:29Z",
    "user": [
      "linxiz"
    ],
    "upped": false
  },
  "model": "cmubbs.topic",
  "pk": 71
},
{
  "fields": {
    "view_count": 8,
    "liked": [],
    "forum": 14,
    "title": "A trip to orlando!",
    "good_topic": false,
    "tags": [
      4
    ],
    "created_on": "2015-11-22T12:42:27Z",
    "user": [
      "linxiz"
    ],
    "upped": false
  },
  "model": "cmubbs.topic",
  "pk": 74
},
{
  "fields": {
    "view_count": 6,
    "liked": [],
    "forum": 13,
    "title": "Shadyside Apartment Sublease",
    "good_topic": false,
    "tags": [
      4
    ],
    "created_on": "2015-11-22T12:45:44Z",
    "user": [
      "linxiz"
    ],
    "upped": false
  },
  "model": "cmubbs.topic",
  "pk": 75
},
{
  "fields": {
    "view_count": 10,
    "liked": [
      [
        "immzz"
      ]
    ],
    "forum": 15,
    "title": "Is there anyone who dislikes 15213?",
    "good_topic": false,
    "tags": [
      5
    ],
    "created_on": "2015-11-23T11:27:58Z",
    "user": [
      "linxiz"
    ],
    "upped": false
  },
  "model": "cmubbs.topic",
  "pk": 77
},
{
  "fields": {
    "view_count": 13,
    "liked": [],
    "forum": 15,
    "title": "Cloud computing? No time for party at weekends!",
    "good_topic": false,
    "tags": [
      5
    ],
    "created_on": "2015-11-23T11:32:20Z",
    "user": [
      "linxiz"
    ],
    "upped": true
  },
  "model": "cmubbs.topic",
  "pk": 78
},
{
  "fields": {
    "view_count": 7,
    "liked": [
      [
        "lianguasth"
      ]
    ],
    "forum": 15,
    "title": "Life in cmu",
    "good_topic": false,
    "tags": [
      5
    ],
    "created_on": "2015-11-23T17:37:23Z",
    "user": [
      "lianguasth"
    ],
    "upped": false
  },
  "model": "cmubbs.topic",
  "pk": 87
},
{
  "fields": {
    "view_count": 6,
    "liked": [],
    "forum": 15,
    "title": "Which course do you hate most?",
    "good_topic": false,
    "tags": [
      3
    ],
    "created_on": "2015-11-23T18:03:13Z",
    "user": [
      "bowenz"
    ],
    "upped": false
  },
  "model": "cmubbs.topic",
  "pk": 91
},
{
  "fields": {
    "view_count": 3,
    "liked": [],
    "forum": 6,
    "title": "tt",
    "good_topic": false,
    "tags": [
      3
    ],
    "created_on": "2015-11-23T18:52:26Z",
    "user": [
      "linxiz"
    ],
    "upped": false
  },
  "model": "cmubbs.topic",
  "pk": 93
},
{
  "fields": {
    "view_count": 2,
    "liked": [],
    "forum": 6,
    "title": "tt",
    "good_topic": false,
    "tags": [
      4
    ],
    "created_on": "2015-11-23T20:13:02Z",
    "user": [
      "linxiz"
    ],
    "upped": false
  },
  "model": "cmubbs.topic",
  "pk": 96
},
{
  "fields": {
    "view_count": 3,
    "liked": [],
    "forum": 6,
    "title": "test",
    "good_topic": false,
    "tags": [
      3
    ],
    "created_on": "2015-11-23T20:33:57Z",
    "user": [
      "linxiz"
    ],
    "upped": false
  },
  "model": "cmubbs.topic",
  "pk": 97
},
{
  "fields": {
    "view_count": 3,
    "liked": [],
    "forum": 6,
    "title": "demo",
    "good_topic": false,
    "tags": [
      4
    ],
    "created_on": "2015-11-23T20:35:27Z",
    "user": [
      "linxiz"
    ],
    "upped": false
  },
  "model": "cmubbs.topic",
  "pk": 98
},
{
  "fields": {
    "view_count": 8,
    "liked": [
      [
        "bowenz"
      ],
      [
        "lianguasth"
      ]
    ],
    "forum": 9,
    "title": "\u8c01\u662fLTI\u6700\u5e05\u7684\u4eba\uff1f",
    "good_topic": false,
    "tags": [
      3
    ],
    "created_on": "2015-11-23T23:07:56Z",
    "user": [
      "bowenz"
    ],
    "upped": false
  },
  "model": "cmubbs.topic",
  "pk": 99
},
{
  "fields": {
    "topic": 61,
    "created_on": "2015-11-30T22:30:02Z",
    "session": "t9b47o5326yt3zxpy2klqibn1q1ayvm4"
  },
  "model": "cmubbs.topicview",
  "pk": 400
},
{
  "fields": {
    "topic": 69,
    "created_on": "2015-11-30T22:32:51Z",
    "session": "t9b47o5326yt3zxpy2klqibn1q1ayvm4"
  },
  "model": "cmubbs.topicview",
  "pk": 401
},
{
  "fields": {
    "topic": 19,
    "created_on": "2015-12-01T16:38:21Z",
    "session": "t9b47o5326yt3zxpy2klqibn1q1ayvm4"
  },
  "model": "cmubbs.topicview",
  "pk": 402
},
{
  "fields": {
    "topic": 15,
    "created_on": "2015-12-01T16:38:42Z",
    "session": "t9b47o5326yt3zxpy2klqibn1q1ayvm4"
  },
  "model": "cmubbs.topicview",
  "pk": 403
},
{
  "fields": {
    "topic": 99,
    "created_on": "2015-12-01T18:14:11Z",
    "session": "t9b47o5326yt3zxpy2klqibn1q1ayvm4"
  },
  "model": "cmubbs.topicview",
  "pk": 404
},
{
  "fields": {
    "topic": 99,
    "created_on": "2015-12-01T18:14:56Z",
    "session": "nchcoe4enkl4as925jm0gw03slizbtgq"
  },
  "model": "cmubbs.topicview",
  "pk": 405
},
{
  "fields": {
    "topic": 91,
    "created_on": "2015-12-01T18:15:19Z",
    "session": "bworh8871i97twgkd1zgwl6d6yis0cgn"
  },
  "model": "cmubbs.topicview",
  "pk": 406
},
{
  "fields": {
    "topic": 99,
    "created_on": "2015-12-01T18:15:30Z",
    "session": "bworh8871i97twgkd1zgwl6d6yis0cgn"
  },
  "model": "cmubbs.topicview",
  "pk": 407
},
{
  "fields": {
    "topic": 74,
    "created_on": "2015-12-01T20:14:47Z",
    "session": "t9b47o5326yt3zxpy2klqibn1q1ayvm4"
  },
  "model": "cmubbs.topicview",
  "pk": 408
},
{
  "fields": {
    "topic": 98,
    "created_on": "2015-12-01T20:27:48Z",
    "session": "t9b47o5326yt3zxpy2klqibn1q1ayvm4"
  },
  "model": "cmubbs.topicview",
  "pk": 409
},
{
  "fields": {
    "topic": 97,
    "created_on": "2015-12-01T20:27:51Z",
    "session": "t9b47o5326yt3zxpy2klqibn1q1ayvm4"
  },
  "model": "cmubbs.topicview",
  "pk": 410
},
{
  "fields": {
    "name": "Vote"
  },
  "model": "cmubbs.tag",
  "pk": 3
},
{
  "fields": {
    "name": "Event"
  },
  "model": "cmubbs.tag",
  "pk": 4
},
{
  "fields": {
    "name": "Normal"
  },
  "model": "cmubbs.tag",
  "pk": 5
},
{
  "fields": {
    "topic": 1,
    "text": "Which dish is good in Little Asia?",
    "created_on": "2015-11-04T16:02:44Z",
    "reply_to": null,
    "user": [
      "zruan"
    ]
  },
  "model": "cmubbs.post",
  "pk": 1
},
{
  "fields": {
    "topic": 1,
    "text": "Every dish",
    "created_on": "2015-11-04T16:03:26Z",
    "reply_to": null,
    "user": [
      "bowenz"
    ]
  },
  "model": "cmubbs.post",
  "pk": 2
},
{
  "fields": {
    "topic": 2,
    "text": "Hot pot!!!!!!!!!!!!!!!!!!!!!!!!!!!!!!!!!!!!!!!!!",
    "created_on": "2015-11-04T20:04:34Z",
    "reply_to": null,
    "user": [
      "bowenz"
    ]
  },
  "model": "cmubbs.post",
  "pk": 3
},
{
  "fields": {
    "topic": 3,
    "text": "Xiao Ming walk walk walk walk then fell.\r\nDid Xiao Ming fell?",
    "created_on": "2015-11-04T20:05:56Z",
    "reply_to": null,
    "user": [
      "bowenz"
    ]
  },
  "model": "cmubbs.post",
  "pk": 4
},
{
  "fields": {
    "topic": 4,
    "text": "Give money and take it!",
    "created_on": "2015-11-04T20:12:20Z",
    "reply_to": null,
    "user": [
      "bowenz"
    ]
  },
  "model": "cmubbs.post",
  "pk": 5
},
{
  "fields": {
    "topic": 5,
    "text": "Really!",
    "created_on": "2015-11-04T20:14:35Z",
    "reply_to": null,
    "user": [
      "bowenz"
    ]
  },
  "model": "cmubbs.post",
  "pk": 6
},
{
  "fields": {
    "topic": 1,
    "text": "sun jian rou si ",
    "created_on": "2015-11-05T20:56:00Z",
    "reply_to": null,
    "user": [
      "zruan"
    ]
  },
  "model": "cmubbs.post",
  "pk": 7
},
{
  "fields": {
    "topic": 1,
    "text": "suan cai yu pian tang",
    "created_on": "2015-11-05T20:56:17Z",
    "reply_to": null,
    "user": [
      "zruan"
    ]
  },
  "model": "cmubbs.post",
  "pk": 8
},
{
  "fields": {
    "topic": 1,
    "text": "xiao jiao tu dou niu rou si",
    "created_on": "2015-11-05T20:56:27Z",
    "reply_to": null,
    "user": [
      "zruan"
    ]
  },
  "model": "cmubbs.post",
  "pk": 9
},
{
  "fields": {
    "topic": 1,
    "text": "\u8fd8\u6709\u5565",
    "created_on": "2015-11-05T20:56:52Z",
    "reply_to": null,
    "user": [
      "zruan"
    ]
  },
  "model": "cmubbs.post",
  "pk": 10
},
{
  "fields": {
    "topic": 1,
    "text": "\u756a\u8304\u7092\u86cb\u8fd8\u662f\u4e0d\u9519\u7684",
    "created_on": "2015-11-05T20:57:05Z",
    "reply_to": null,
    "user": [
      "zruan"
    ]
  },
  "model": "cmubbs.post",
  "pk": 11
},
{
  "fields": {
    "topic": 1,
    "text": "\u869d\u6cb9\u751f\u83dc\u4e5f\u4e0d\u9519",
    "created_on": "2015-11-05T20:57:15Z",
    "reply_to": null,
    "user": [
      "zruan"
    ]
  },
  "model": "cmubbs.post",
  "pk": 12
},
{
  "fields": {
    "topic": 1,
    "text": "\u5976\u8336\u4e0d\u600e\u4e48\u597d\u559d",
    "created_on": "2015-11-05T20:57:26Z",
    "reply_to": null,
    "user": [
      "zruan"
    ]
  },
  "model": "cmubbs.post",
  "pk": 13
},
{
  "fields": {
    "topic": 1,
    "text": "\u5c45\u7136\u8fd8\u6ca1\u7f16\u5b8c",
    "created_on": "2015-11-05T20:57:39Z",
    "reply_to": null,
    "user": [
      "zruan"
    ]
  },
  "model": "cmubbs.post",
  "pk": 14
},
{
  "fields": {
    "topic": 1,
    "text": "\u6211\u5b9e\u5728\u662f\u7f16\u4e0d\u4e0b\u53bb\u4e86",
    "created_on": "2015-11-05T20:57:49Z",
    "reply_to": null,
    "user": [
      "zruan"
    ]
  },
  "model": "cmubbs.post",
  "pk": 15
},
{
  "fields": {
    "topic": 1,
    "text": "\u6211\u4eec\u6765\u804alulu noodle\u5427",
    "created_on": "2015-11-05T20:58:08Z",
    "reply_to": null,
    "user": [
      "zruan"
    ]
  },
  "model": "cmubbs.post",
  "pk": 16
},
{
  "fields": {
    "topic": 1,
    "text": "\u90a3\u91cc\u7684\u5976\u8336\u6bd4\u8f83\u597d\u559d",
    "created_on": "2015-11-05T20:58:30Z",
    "reply_to": null,
    "user": [
      "zruan"
    ]
  },
  "model": "cmubbs.post",
  "pk": 17
},
{
  "fields": {
    "topic": 1,
    "text": "\u540c\u610f\uff01",
    "created_on": "2015-11-06T01:02:33Z",
    "reply_to": null,
    "user": [
      "bowenz"
    ]
  },
  "model": "cmubbs.post",
  "pk": 18
},
{
  "fields": {
    "topic": 1,
    "text": "\u4e0d\u8fc7\u5403\u592a\u591a\u4f1a\u817b",
    "created_on": "2015-11-06T01:03:00Z",
    "reply_to": null,
    "user": [
      "bowenz"
    ]
  },
  "model": "cmubbs.post",
  "pk": 19
},
{
  "fields": {
    "topic": 7,
    "text": "\u5982\u9898",
    "created_on": "2015-11-06T01:06:20Z",
    "reply_to": null,
    "user": [
      "bowenz"
    ]
  },
  "model": "cmubbs.post",
  "pk": 25
},
{
  "fields": {
    "topic": 2,
    "text": "\u633d\u5c0a",
    "created_on": "2015-11-06T01:07:55Z",
    "reply_to": null,
    "user": [
      "bowenz"
    ]
  },
  "model": "cmubbs.post",
  "pk": 26
},
{
  "fields": {
    "topic": 8,
    "text": "\u8bf4\u8d70\u5c31\u8d70",
    "created_on": "2015-11-06T01:08:14Z",
    "reply_to": null,
    "user": [
      "bowenz"
    ]
  },
  "model": "cmubbs.post",
  "pk": 27
},
{
  "fields": {
    "topic": 9,
    "text": "\u770b\u5f7c\u6b64\u7684\u773c\u795e\u90fd\u6709\u4e9b\u5947\u602a",
    "created_on": "2015-11-06T01:09:19Z",
    "reply_to": null,
    "user": [
      "bowenz"
    ]
  },
  "model": "cmubbs.post",
  "pk": 28
},
{
  "fields": {
    "topic": 9,
    "text": "\u4e0d\u670d\uff1f",
    "created_on": "2015-11-06T01:46:58Z",
    "reply_to": null,
    "user": [
      "Brother Jamie"
    ]
  },
  "model": "cmubbs.post",
  "pk": 29
},
{
  "fields": {
    "topic": 9,
    "text": "\u4e0d\u670d\uff1f\r\n",
    "created_on": "2015-11-06T01:47:38Z",
    "reply_to": null,
    "user": [
      "King of LTI"
    ]
  },
  "model": "cmubbs.post",
  "pk": 30
},
{
  "fields": {
    "topic": 1,
    "text": "\u4f60\u4eec\u5728\u8bf4\u5565\uff1f\u6211\u770b\u4e0d\u61c2",
    "created_on": "2015-11-06T01:49:09Z",
    "reply_to": null,
    "user": [
      "Brother Jamie"
    ]
  },
  "model": "cmubbs.post",
  "pk": 31
},
{
  "fields": {
    "topic": 9,
    "text": "\u8010\u4f2f\u683c\u662f\u6211\u4eb2\u5bc6\u7684\u5144\u5f1f\uff0c\u6211\u4eec\u5e76\u6ca1\u6709\u4ec0\u4e48\uff0c\u771f\u7684",
    "created_on": "2015-11-06T04:36:03Z",
    "reply_to": null,
    "user": [
      "Brother Jamie"
    ]
  },
  "model": "cmubbs.post",
  "pk": 33
},
{
  "fields": {
    "topic": 9,
    "text": "\u65e5\u6708\u4e3a\u8bc1\uff0c\u5929\u5730\u4e3a\u9274\uff0c\u6211\u4eec\u662f\u6e05\u767d\u7684\u554a\uff01",
    "created_on": "2015-11-06T04:36:37Z",
    "reply_to": null,
    "user": [
      "Brother Jamie"
    ]
  },
  "model": "cmubbs.post",
  "pk": 34
},
{
  "fields": {
    "topic": 9,
    "text": "\u5361\u5170\uff0c\u4e0d\u8981\u5728\u610f\u4e16\u4eba\u7684\u773c\u5149\uff0c\u505a\u6700\u771f\u5b9e\u7684\u81ea\u5df1\u3002",
    "created_on": "2015-11-06T04:38:01Z",
    "reply_to": null,
    "user": [
      "King of LTI"
    ]
  },
  "model": "cmubbs.post",
  "pk": 35
},
{
  "fields": {
    "topic": 9,
    "text": "\u6211\u4e00\u76f4\u90fd\u652f\u6301\u4f60\uff0c\u4e48\u4e48\u54d2",
    "created_on": "2015-11-06T04:38:17Z",
    "reply_to": null,
    "user": [
      "King of LTI"
    ]
  },
  "model": "cmubbs.post",
  "pk": 36
},
{
  "fields": {
    "topic": 9,
    "text": "\u597d\u50cf\u660e\u767d\u4e86\u4e9b\u4ec0\u4e48\u3002\u3002\u3002",
    "created_on": "2015-11-06T04:38:51Z",
    "reply_to": null,
    "user": [
      "bowenz"
    ]
  },
  "model": "cmubbs.post",
  "pk": 37
},
{
  "fields": {
    "topic": 1,
    "text": "\u869d\u6cb9\u751f\u83dc+1\r\n",
    "created_on": "2015-11-06T04:52:29Z",
    "reply_to": null,
    "user": [
      "xiaohei"
    ]
  },
  "model": "cmubbs.post",
  "pk": 38
},
{
  "fields": {
    "topic": 13,
    "text": "For me is moon cake. lol",
    "created_on": "2015-11-09T00:27:52Z",
    "reply_to": null,
    "user": [
      "bowenz"
    ]
  },
  "model": "cmubbs.post",
  "pk": 42
},
{
  "fields": {
    "topic": 13,
    "text": "And hot pot!!!!!!!!!!!",
    "created_on": "2015-11-09T00:28:14Z",
    "reply_to": null,
    "user": [
      "bowenz"
    ]
  },
  "model": "cmubbs.post",
  "pk": 43
},
{
  "fields": {
    "topic": 13,
    "text": "Hot pot + 1 !!!!!!",
    "created_on": "2015-11-09T00:28:42Z",
    "reply_to": null,
    "user": [
      "zruan"
    ]
  },
  "model": "cmubbs.post",
  "pk": 44
},
{
  "fields": {
    "topic": 13,
    "text": "Crab is also my favorite! ",
    "created_on": "2015-11-09T00:29:23Z",
    "reply_to": null,
    "user": [
      "zruan"
    ]
  },
  "model": "cmubbs.post",
  "pk": 45
},
{
  "fields": {
    "topic": 13,
    "text": "2333333333",
    "created_on": "2015-11-09T00:29:55Z",
    "reply_to": null,
    "user": [
      "linxiz"
    ]
  },
  "model": "cmubbs.post",
  "pk": 46
},
{
  "fields": {
    "topic": 13,
    "text": "I like salad. All kinds of salads.",
    "created_on": "2015-11-09T00:30:25Z",
    "reply_to": null,
    "user": [
      "Brother Jamie"
    ]
  },
  "model": "cmubbs.post",
  "pk": 47
},
{
  "fields": {
    "topic": 13,
    "text": "Me too! Jamie you have same favorite food with me!",
    "created_on": "2015-11-09T00:31:05Z",
    "reply_to": null,
    "user": [
      "King of LTI"
    ]
  },
  "model": "cmubbs.post",
  "pk": 48
},
{
  "fields": {
    "topic": 13,
    "text": "Anyone like sushi? I know a good sushi bar in Pitts.",
    "created_on": "2015-11-09T00:31:31Z",
    "reply_to": null,
    "user": [
      "King of LTI"
    ]
  },
  "model": "cmubbs.post",
  "pk": 49
},
{
  "fields": {
    "topic": 13,
    "text": "Nah, no love on sushi.",
    "created_on": "2015-11-09T00:31:57Z",
    "reply_to": null,
    "user": [
      "bowenz"
    ]
  },
  "model": "cmubbs.post",
  "pk": 50
},
{
  "fields": {
    "topic": 13,
    "text": "Crab!!!!!! And shrimp!!!!",
    "created_on": "2015-11-09T00:32:49Z",
    "reply_to": null,
    "user": [
      "zruan"
    ]
  },
  "model": "cmubbs.post",
  "pk": 51
},
{
  "fields": {
    "topic": 13,
    "text": "I like sushi! Where is that bar?",
    "created_on": "2015-11-09T00:33:27Z",
    "reply_to": null,
    "user": [
      "linxiz"
    ]
  },
  "model": "cmubbs.post",
  "pk": 52
},
{
  "fields": {
    "topic": 13,
    "text": "I can send you a message. We can go there together this weekend!",
    "created_on": "2015-11-09T00:34:01Z",
    "reply_to": null,
    "user": [
      "King of LTI"
    ]
  },
  "model": "cmubbs.post",
  "pk": 53
},
{
  "fields": {
    "topic": 13,
    "text": "Aha~",
    "created_on": "2015-11-09T01:19:58Z",
    "reply_to": null,
    "user": [
      "bowenz"
    ]
  },
  "model": "cmubbs.post",
  "pk": 54
},
{
  "fields": {
    "topic": 13,
    "text": "A hot soup can warm my heart in this cold day.",
    "created_on": "2015-11-09T01:21:24Z",
    "reply_to": null,
    "user": [
      "bowenz"
    ]
  },
  "model": "cmubbs.post",
  "pk": 55
},
{
  "fields": {
    "topic": 13,
    "text": "Do you like egg drop or miso soup?",
    "created_on": "2015-11-09T01:22:22Z",
    "reply_to": null,
    "user": [
      "zruan"
    ]
  },
  "model": "cmubbs.post",
  "pk": 56
},
{
  "fields": {
    "topic": 13,
    "text": "Both!",
    "created_on": "2015-11-09T01:22:44Z",
    "reply_to": null,
    "user": [
      "bowenz"
    ]
  },
  "model": "cmubbs.post",
  "pk": 57
},
{
  "fields": {
    "topic": 13,
    "text": "Have you guys tried seafood soup? Amazing!",
    "created_on": "2015-11-09T01:25:04Z",
    "reply_to": null,
    "user": [
      "bowenz"
    ]
  },
  "model": "cmubbs.post",
  "pk": 58
},
{
  "fields": {
    "topic": 13,
    "text": "I will try it!",
    "created_on": "2015-11-09T01:25:34Z",
    "reply_to": null,
    "user": [
      "zruan"
    ]
  },
  "model": "cmubbs.post",
  "pk": 59
},
{
  "fields": {
    "topic": 14,
    "text": "Anyone want to sublease?",
    "created_on": "2015-11-09T01:27:18Z",
    "reply_to": null,
    "user": [
      "linxiz"
    ]
  },
  "model": "cmubbs.post",
  "pk": 60
},
{
  "fields": {
    "topic": 15,
    "text": "Why my login module not work? Help me!",
    "created_on": "2015-11-09T01:28:03Z",
    "reply_to": null,
    "user": [
      "linxiz"
    ]
  },
  "model": "cmubbs.post",
  "pk": 61
},
{
  "fields": {
    "topic": 15,
    "text": "Same problem. ",
    "created_on": "2015-11-09T01:28:26Z",
    "reply_to": null,
    "user": [
      "bowenz"
    ]
  },
  "model": "cmubbs.post",
  "pk": 62
},
{
  "fields": {
    "topic": 16,
    "text": "in Dota2",
    "created_on": "2015-11-09T01:30:22Z",
    "reply_to": null,
    "user": [
      "bowenz"
    ]
  },
  "model": "cmubbs.post",
  "pk": 63
},
{
  "fields": {
    "topic": 16,
    "text": "I think is Burning, any different voice?",
    "created_on": "2015-11-09T01:30:46Z",
    "reply_to": null,
    "user": [
      "bowenz"
    ]
  },
  "model": "cmubbs.post",
  "pk": 64
},
{
  "fields": {
    "topic": 17,
    "text": "I'm the fan of 2009. See my photo. lol\r\n",
    "created_on": "2015-11-09T01:31:54Z",
    "reply_to": null,
    "user": [
      "bowenz"
    ]
  },
  "model": "cmubbs.post",
  "pk": 65
},
{
  "fields": {
    "topic": 18,
    "text": "Need your voice!",
    "created_on": "2015-11-09T01:33:07Z",
    "reply_to": null,
    "user": [
      "bowenz"
    ]
  },
  "model": "cmubbs.post",
  "pk": 66
},
{
  "fields": {
    "topic": 18,
    "text": "find it at http://www.regulations.gov/#!docketBrowser;rpp=25;po=75;dct=PS;D=ICEB-2015-0002",
    "created_on": "2015-11-09T01:33:57Z",
    "reply_to": null,
    "user": [
      "bowenz"
    ]
  },
  "model": "cmubbs.post",
  "pk": 67
},
{
  "fields": {
    "topic": 19,
    "text": "A good team. ",
    "created_on": "2015-11-09T01:34:27Z",
    "reply_to": null,
    "user": [
      "bowenz"
    ]
  },
  "model": "cmubbs.post",
  "pk": 68
},
{
  "fields": {
    "topic": 20,
    "text": "is pretty cool!",
    "created_on": "2015-11-09T01:35:19Z",
    "reply_to": null,
    "user": [
      "zruan"
    ]
  },
  "model": "cmubbs.post",
  "pk": 69
},
{
  "fields": {
    "topic": 3,
    "text": "No?",
    "created_on": "2015-11-09T01:35:48Z",
    "reply_to": null,
    "user": [
      "zruan"
    ]
  },
  "model": "cmubbs.post",
  "pk": 70
},
{
  "fields": {
    "topic": 21,
    "text": "is pretty good!",
    "created_on": "2015-11-09T01:36:52Z",
    "reply_to": null,
    "user": [
      "zruan"
    ]
  },
  "model": "cmubbs.post",
  "pk": 71
},
{
  "fields": {
    "topic": 22,
    "text": "I can provide meals and accommodation. Go with me!\r\nps: It would be cold even indoor :)",
    "created_on": "2015-11-09T01:39:58Z",
    "reply_to": null,
    "user": [
      "zruan"
    ]
  },
  "model": "cmubbs.post",
  "pk": 72
},
{
  "fields": {
    "topic": 34,
    "text": "test image",
    "created_on": "2015-11-14T22:38:06Z",
    "reply_to": null,
    "user": [
      "zruan"
    ]
  },
  "model": "cmubbs.post",
  "pk": 84
},
{
  "fields": {
    "topic": 34,
    "text": "nice pictures!",
    "created_on": "2015-11-14T23:10:47Z",
    "reply_to": 84,
    "user": [
      "bowenz"
    ]
  },
  "model": "cmubbs.post",
  "pk": 85
},
{
  "fields": {
    "topic": 35,
    "text": "1",
    "created_on": "2015-11-15T19:58:35Z",
    "reply_to": null,
    "user": [
      "bowenz"
    ]
  },
  "model": "cmubbs.post",
  "pk": 86
},
{
  "fields": {
    "topic": 49,
    "text": "2222",
    "created_on": "2015-11-17T01:31:10Z",
    "reply_to": null,
    "user": [
      "bowenz"
    ]
  },
  "model": "cmubbs.post",
  "pk": 100
},
{
  "fields": {
    "topic": 61,
    "text": "<h2> test </h2>",
    "created_on": "2015-11-17T20:27:06Z",
    "reply_to": null,
    "user": [
      "linxiz"
    ]
  },
  "model": "cmubbs.post",
  "pk": 111
},
{
  "fields": {
    "topic": 61,
    "text": "<p style=\"color:red\"> red </p>",
    "created_on": "2015-11-17T20:27:44Z",
    "reply_to": null,
    "user": [
      "linxiz"
    ]
  },
  "model": "cmubbs.post",
  "pk": 112
},
{
  "fields": {
    "topic": 61,
    "text": "[Toasted]",
    "created_on": "2015-11-17T20:28:17Z",
    "reply_to": null,
    "user": [
      "linxiz"
    ]
  },
  "model": "cmubbs.post",
  "pk": 113
},
{
  "fields": {
    "topic": 61,
    "text": "",
    "created_on": "2015-11-17T20:28:33Z",
    "reply_to": null,
    "user": [
      "linxiz"
    ]
  },
  "model": "cmubbs.post",
  "pk": 114
},
{
  "fields": {
    "topic": 64,
    "text": "\u6211\u5c31\u8bd5\u8bd5",
    "created_on": "2015-11-20T19:31:57Z",
    "reply_to": null,
    "user": [
      "zruan"
    ]
  },
  "model": "cmubbs.post",
  "pk": 115
},
{
  "fields": {
    "topic": 65,
    "text": "\u6c34\u6c34\u6c34\u6c34\u6c34\u6c34\u6c34\u6c34\u6c34\u6c34\u6c34\u6c34\u6c34\u6c34\u6c34\u6c34\u6c34\u6c34\u6c34\u6c34\u6c34\u6c34\u6c34\u6c34\u6c34\u6c34\u6c34",
    "created_on": "2015-11-21T01:29:12Z",
    "reply_to": null,
    "user": [
      "zruan"
    ]
  },
  "model": "cmubbs.post",
  "pk": 116
},
{
  "fields": {
    "topic": 65,
    "text": "\u5475\u5475",
    "created_on": "2015-11-21T21:47:13Z",
    "reply_to": null,
    "user": [
      "bowenz"
    ]
  },
  "model": "cmubbs.post",
  "pk": 118
},
{
  "fields": {
    "topic": 66,
    "text": "\u5982\u65f6\u949f\u822c\u89c4\u5f8b\uff0c\u65e0\u6cd5\u963b\u6321",
    "created_on": "2015-11-22T06:26:55Z",
    "reply_to": null,
    "user": [
      "bowenz"
    ]
  },
  "model": "cmubbs.post",
  "pk": 119
},
{
  "fields": {
    "topic": 66,
    "text": "\u4e0e\u5176\u611f\u6168\u8def\u96be\u884c\uff0c\u4e0d\u5982\u9a6c\u4e0a\u51fa\u53d1",
    "created_on": "2015-11-22T06:28:22Z",
    "reply_to": null,
    "user": [
      "bowenz"
    ]
  },
  "model": "cmubbs.post",
  "pk": 120
},
{
  "fields": {
    "topic": 67,
    "text": "\u5927\u5bb6\u591a\u63a8\u5e7f\u4e00\u4e0b\u554a\uff0c\u8fd9\u4e2a\u7ad9\u5f88\u597d\u7684",
    "created_on": "2015-11-22T06:32:02Z",
    "reply_to": null,
    "user": [
      "bowenz"
    ]
  },
  "model": "cmubbs.post",
  "pk": 121
},
{
  "fields": {
    "topic": 16,
    "text": "EE\u8fd8\u662f\u4e0d\u9519\u7684\uff0c\u4e0d\u8fc7\u4eca\u5929\u53c8\u827a\u672f\u4e86\uff0c\u770b\u5230\u4e86\u4ed6\u6bd4\u8d5b\u5b8c\u90a3\u5403\u4e86\u5c4e\u4e00\u822c\u7684\u8868\u60c5\uff0c\u6211\u8868\u793a\u5f88\u6b23\u6170",
    "created_on": "2015-11-22T06:33:18Z",
    "reply_to": null,
    "user": [
      "bowenz"
    ]
  },
  "model": "cmubbs.post",
  "pk": 122
},
{
  "fields": {
    "topic": 68,
    "text": "\u79cb\u5b63\u8d5b\u5168\u519b\u8986\u6ca1\u554a",
    "created_on": "2015-11-22T06:33:45Z",
    "reply_to": null,
    "user": [
      "bowenz"
    ]
  },
  "model": "cmubbs.post",
  "pk": 123
},
{
  "fields": {
    "topic": 69,
    "text": "Hi foodies! Choose your favoriate food here~",
    "created_on": "2015-11-22T12:10:42Z",
    "reply_to": null,
    "user": [
      "linxiz"
    ]
  },
  "model": "cmubbs.post",
  "pk": 124
},
{
  "fields": {
    "topic": 69,
    "text": "I want to vote for hotpot! But there is no such a choice ",
    "created_on": "2015-11-22T12:12:33Z",
    "reply_to": null,
    "user": [
      "linxiz"
    ]
  },
  "model": "cmubbs.post",
  "pk": 125
},
{
  "fields": {
    "topic": 69,
    "text": "I vote for steak. I also love mashed potatoes!!!!!",
    "created_on": "2015-11-22T12:16:50Z",
    "reply_to": null,
    "user": [
      "lalala"
    ]
  },
  "model": "cmubbs.post",
  "pk": 126
},
{
  "fields": {
    "topic": 70,
    "text": "I think Lulu's Noodles is a great place to have dinner! I love their wonton soup!",
    "created_on": "2015-11-22T12:21:19Z",
    "reply_to": null,
    "user": [
      "linxiz"
    ]
  },
  "model": "cmubbs.post",
  "pk": 127
},
{
  "fields": {
    "topic": 71,
    "text": "Lulu's Noodles, Little Asia, Rose Tea Cafe~~~",
    "created_on": "2015-11-22T12:24:29Z",
    "reply_to": null,
    "user": [
      "linxiz"
    ]
  },
  "model": "cmubbs.post",
  "pk": 128
},
{
  "fields": {
    "topic": 75,
    "text": "Up",
    "created_on": "2015-11-22T12:46:15Z",
    "reply_to": null,
    "user": [
      "linxiz"
    ]
  },
  "model": "cmubbs.post",
  "pk": 131
},
{
  "fields": {
    "topic": 75,
    "text": "Up",
    "created_on": "2015-11-22T12:46:20Z",
    "reply_to": null,
    "user": [
      "linxiz"
    ]
  },
  "model": "cmubbs.post",
  "pk": 132
},
{
  "fields": {
    "topic": 67,
    "text": "\u55e8\uff0c\u6211\u548c\u540c\u5b66\u4eec\u63a8\u5e7f\u7684\u65f6\u5019\uff0c\u8fd9\u7fa4\u4eba\u4e00\u4e2a\u4e2a\u6469\u62f3\u64e6\u638c\u60f3\u6765\u653b\u51fb\u8fd9\u4e2a\u7f51\u7ad9\uff0c\u4e0d\u8ba9\u9ed1\u4ee5\u540e\u5c31\u4e0d\u6765\u4e86\u3002\u3002\u90fd\u662f\u6cea\u3002\u3002",
    "created_on": "2015-11-22T23:00:13Z",
    "reply_to": null,
    "user": [
      "zruan"
    ]
  },
  "model": "cmubbs.post",
  "pk": 133
},
{
  "fields": {
    "topic": 75,
    "text": "up",
    "created_on": "2015-11-22T23:18:06Z",
    "reply_to": null,
    "user": [
      "cmulq"
    ]
  },
  "model": "cmubbs.post",
  "pk": 135
},
{
  "fields": {
    "topic": 77,
    "text": "Tooooooo much homework!",
    "created_on": "2015-11-23T11:27:58Z",
    "reply_to": null,
    "user": [
      "linxiz"
    ]
  },
  "model": "cmubbs.post",
  "pk": 136
},
{
  "fields": {
    "topic": 77,
    "text": "+1",
    "created_on": "2015-11-23T11:28:21Z",
    "reply_to": null,
    "user": [
      "lalala"
    ]
  },
  "model": "cmubbs.post",
  "pk": 137
},
{
  "fields": {
    "topic": 78,
    "text": "Every time my friends said they have to finish their homework of cloud computing and could not come. We lack people to play cards with!",
    "created_on": "2015-11-23T11:32:20Z",
    "reply_to": null,
    "user": [
      "linxiz"
    ]
  },
  "model": "cmubbs.post",
  "pk": 138
},
{
  "fields": {
    "topic": 78,
    "text": "But I think it is really worth the time.",
    "created_on": "2015-11-23T11:34:54Z",
    "reply_to": null,
    "user": [
      "linxiz"
    ]
  },
  "model": "cmubbs.post",
  "pk": 139
},
{
  "fields": {
    "topic": 78,
    "text": "cannot agree more!",
    "created_on": "2015-11-23T12:17:08Z",
    "reply_to": null,
    "user": [
      "linxiz"
    ]
  },
  "model": "cmubbs.post",
  "pk": 146
},
{
  "fields": {
    "topic": 78,
    "text": "+1",
    "created_on": "2015-11-23T12:58:15Z",
    "reply_to": null,
    "user": [
      "linxiz"
    ]
  },
  "model": "cmubbs.post",
  "pk": 150
},
{
  "fields": {
    "topic": 78,
    "text": "+2",
    "created_on": "2015-11-23T13:07:06Z",
    "reply_to": null,
    "user": [
      "linxiz"
    ]
  },
  "model": "cmubbs.post",
  "pk": 154
},
{
  "fields": {
    "topic": 77,
    "text": "+2",
    "created_on": "2015-11-23T16:32:06Z",
    "reply_to": null,
    "user": [
      "zruan"
    ]
  },
  "model": "cmubbs.post",
  "pk": 155
},
{
  "fields": {
    "topic": 78,
    "text": "aaaa, no card game, no fun ",
    "created_on": "2015-11-23T16:32:28Z",
    "reply_to": null,
    "user": [
      "zruan"
    ]
  },
  "model": "cmubbs.post",
  "pk": 156
},
{
  "fields": {
    "topic": 16,
    "text": "EE~",
    "created_on": "2015-11-23T17:35:10Z",
    "reply_to": null,
    "user": [
      "\u5e7c\u513f\u56ed\u5c0f\u9738\u738b"
    ]
  },
  "model": "cmubbs.post",
  "pk": 157
},
{
  "fields": {
    "topic": 7,
    "text": "\u5f88\u96be\u731c",
    "created_on": "2015-11-23T17:35:59Z",
    "reply_to": null,
    "user": [
      "\u5e7c\u513f\u56ed\u5c0f\u9738\u738b"
    ]
  },
  "model": "cmubbs.post",
  "pk": 158
},
{
  "fields": {
    "topic": 87,
    "text": "\u5929\u9ed1\u8bf7\u95ed\u773c\r\n\u7801\u519c\u8bf7\u7741\u773c\r\n\u7801\u519c\u8bf7\u9009\u62e9\u4e00\u79cd\u8bed\u8a00\uff01\r\n\u4f60\u9009\u62e9\u597d\u4e86\u4e48\r\n\u5929\u4eae\u4e86\r\n\u7801\u519c\u6b7b\u4e86",
    "created_on": "2015-11-23T17:37:23Z",
    "reply_to": null,
    "user": [
      "lianguasth"
    ]
  },
  "model": "cmubbs.post",
  "pk": 159
},
{
  "fields": {
    "topic": 91,
    "text": "Follow your heart",
    "created_on": "2015-11-23T18:03:13Z",
    "reply_to": null,
    "user": [
      "bowenz"
    ]
  },
  "model": "cmubbs.post",
  "pk": 164
},
{
  "fields": {
    "topic": 9,
    "text": "test",
    "created_on": "2015-11-23T18:08:25Z",
    "reply_to": null,
    "user": [
      "linxiz"
    ]
  },
  "model": "cmubbs.post",
  "pk": 165
},
{
  "fields": {
    "topic": 9,
    "text": "aaaa",
    "created_on": "2015-11-23T18:17:13Z",
    "reply_to": 37,
    "user": [
      "bowenz"
    ]
  },
  "model": "cmubbs.post",
  "pk": 166
},
{
  "fields": {
    "topic": 9,
    "text": "heihei",
    "created_on": "2015-11-23T18:17:25Z",
    "reply_to": 28,
    "user": [
      "linxiz"
    ]
  },
  "model": "cmubbs.post",
  "pk": 167
},
{
  "fields": {
    "topic": 93,
    "text": "tt",
    "created_on": "2015-11-23T18:52:26Z",
    "reply_to": null,
    "user": [
      "linxiz"
    ]
  },
  "model": "cmubbs.post",
  "pk": 169
},
{
  "fields": {
    "topic": 93,
    "text": "rrr",
    "created_on": "2015-11-23T18:52:44Z",
    "reply_to": 169,
    "user": [
      "linxiz"
    ]
  },
  "model": "cmubbs.post",
  "pk": 170
},
{
  "fields": {
    "topic": 93,
    "text": "rrr",
    "created_on": "2015-11-23T18:52:55Z",
    "reply_to": 170,
    "user": [
      "linxiz"
    ]
  },
  "model": "cmubbs.post",
  "pk": 171
},
{
  "fields": {
    "topic": 78,
    "text": "TT",
    "created_on": "2015-11-23T18:56:19Z",
    "reply_to": null,
    "user": [
      "linxiz"
    ]
  },
  "model": "cmubbs.post",
  "pk": 172
},
{
  "fields": {
    "topic": 97,
    "text": "demo",
    "created_on": "2015-11-23T20:33:57Z",
    "reply_to": null,
    "user": [
      "linxiz"
    ]
  },
  "model": "cmubbs.post",
  "pk": 176
},
{
  "fields": {
    "topic": 97,
    "text": "reply",
    "created_on": "2015-11-23T20:34:17Z",
    "reply_to": null,
    "user": [
      "linxiz"
    ]
  },
  "model": "cmubbs.post",
  "pk": 177
},
{
  "fields": {
    "topic": 97,
    "text": "demo",
    "created_on": "2015-11-23T20:34:29Z",
    "reply_to": 177,
    "user": [
      "linxiz"
    ]
  },
  "model": "cmubbs.post",
  "pk": 178
},
{
  "fields": {
    "topic": 78,
    "text": "+1",
    "created_on": "2015-11-23T20:38:32Z",
    "reply_to": null,
    "user": [
      "linxiz"
    ]
  },
  "model": "cmubbs.post",
  "pk": 179
},
{
  "fields": {
    "topic": 99,
    "text": "\u5982\u9898",
    "created_on": "2015-11-23T23:07:56Z",
    "reply_to": null,
    "user": [
      "bowenz"
    ]
  },
  "model": "cmubbs.post",
  "pk": 180
},
{
  "fields": {
    "topic": 99,
    "text": "\u5e94\u8be5\u8fd8\u6709bowen zhu",
    "created_on": "2015-11-23T23:08:23Z",
    "reply_to": null,
    "user": [
      "bowenz"
    ]
  },
  "model": "cmubbs.post",
  "pk": 181
},
{
  "fields": {
    "topic": 99,
    "text": "\u8bf4\u5f97\u5bf9\uff01",
    "created_on": "2015-11-23T23:08:30Z",
    "reply_to": 181,
    "user": [
      "bowenz"
    ]
  },
  "model": "cmubbs.post",
  "pk": 182
},
{
  "fields": {
    "topic": 7,
    "text": "\u96be\u9053\u662f\u4eb2\u5bc6\u7684\u5144\u5f1f\uff1f",
    "created_on": "2015-11-23T23:09:00Z",
    "reply_to": null,
    "user": [
      "bowenz"
    ]
  },
  "model": "cmubbs.post",
  "pk": 183
},
{
  "fields": {
    "topic": 87,
    "text": "\u4e2a\u5b50\u9ad8\u4e00\u70b9\u90fd\u4e0d\u597d @linxiz",
    "created_on": "2015-11-23T23:12:05Z",
    "reply_to": null,
    "user": [
      "bowenz"
    ]
  },
  "model": "cmubbs.post",
  "pk": 184
},
{
  "fields": {
    "topic": 15,
    "text": "<script language=\"javascript\">alert('haha')</script>",
    "created_on": "2015-11-26T01:44:43Z",
    "reply_to": null,
    "user": [
      "admin"
    ]
  },
  "model": "cmubbs.post",
  "pk": 185
},
{
  "fields": {
    "topic": 15,
    "text": "...",
    "created_on": "2015-11-26T21:31:34Z",
    "reply_to": 185,
    "user": [
      "zruan"
    ]
  },
  "model": "cmubbs.post",
  "pk": 186
},
{
  "fields": {
    "topic": 99,
    "text": "Hey it's good to see my name on it...",
    "created_on": "2015-11-27T21:19:25Z",
    "reply_to": null,
    "user": [
      "MostHandsomeGuyInLTI"
    ]
  },
  "model": "cmubbs.post",
  "pk": 187
},
{
  "fields": {
    "topic": 99,
    "text": "Hi, are you jamie or nyberg?",
    "created_on": "2015-11-29T05:18:41Z",
    "reply_to": 187,
    "user": [
      "bowenz"
    ]
  },
  "model": "cmubbs.post",
  "pk": 188
},
{
  "fields": {
    "topic": 97,
    "text": "",
    "created_on": "2015-11-29T20:09:27Z",
    "reply_to": null,
    "user": [
      "zruan"
    ]
  },
  "model": "cmubbs.post",
  "pk": 189
},
{
  "fields": {
    "post": 84,
    "image": "images/fz0.jpg",
    "forum": 6
  },
  "model": "cmubbs.postimage",
  "pk": 1
},
{
  "fields": {
    "post": 84,
    "image": "images/fz4.jpg",
    "forum": 6
  },
  "model": "cmubbs.postimage",
  "pk": 2
},
{
  "fields": {
    "post": 84,
    "image": "images/magi.jpg",
    "forum": 6
  },
  "model": "cmubbs.postimage",
  "pk": 3
},
{
  "fields": {
    "post": 115,
    "image": "images/\u4e03\u5927\u7f6a0_Dif8sTe.jpg",
    "forum": 6
  },
  "model": "cmubbs.postimage",
  "pk": 4
},
{
  "fields": {
    "post": 124,
    "image": "images/steak.jpg",
    "forum": 6
  },
  "model": "cmubbs.postimage",
  "pk": 5
},
{
  "fields": {
    "post": 124,
    "image": "images/sushi.jpg",
    "forum": 6
  },
  "model": "cmubbs.postimage",
  "pk": 6
},
{
  "fields": {
    "post": 124,
    "image": "images/burger.jpg",
    "forum": 6
  },
  "model": "cmubbs.postimage",
  "pk": 7
},
{
  "fields": {
    "post": 124,
    "image": "images/udon.png",
    "forum": 6
  },
  "model": "cmubbs.postimage",
  "pk": 8
},
{
  "fields": {
    "post": 136,
    "image": "images/emo.jpg",
    "forum": 6
  },
  "model": "cmubbs.postimage",
  "pk": 10
},
{
  "fields": {
    "post": 159,
    "image": "images/original_RWYW_075b0000aa411190.gif",
    "forum": 6
  },
  "model": "cmubbs.postimage",
  "pk": 12
},
{
  "fields": {
    "post": 169,
    "image": "images/emo_ZaqK13F.jpg",
    "forum": 6
  },
  "model": "cmubbs.postimage",
  "pk": 15
},
{
  "fields": {
    "post": 176,
    "image": "images/emo_7rDKoJm.jpg",
    "forum": 6
  },
  "model": "cmubbs.postimage",
  "pk": 17
},
{
  "fields": {
    "is_read": true,
    "text": "haha",
    "created_on": "2015-11-04T18:50:34Z",
    "sender": [
      "bowenz"
    ],
    "receiver": [
      "zruan"
    ]
  },
  "model": "cmubbs.message",
  "pk": 1
},
{
  "fields": {
    "is_read": true,
    "text": "233333",
    "created_on": "2015-11-04T18:59:01Z",
    "sender": [
      "bowenz"
    ],
    "receiver": [
      "zruan"
    ]
  },
  "model": "cmubbs.message",
  "pk": 2
},
{
  "fields": {
    "is_read": true,
    "text": "Holy high!",
    "created_on": "2015-11-05T03:27:56Z",
    "sender": [
      "bowenz"
    ],
    "receiver": [
      "zruan"
    ]
  },
  "model": "cmubbs.message",
  "pk": 3
},
{
  "fields": {
    "is_read": true,
    "text": "See it!",
    "created_on": "2015-11-05T03:44:29Z",
    "sender": [
      "zruan"
    ],
    "receiver": [
      "bowenz"
    ]
  },
  "model": "cmubbs.message",
  "pk": 4
},
{
  "fields": {
    "is_read": true,
    "text": "Lalalala~",
    "created_on": "2015-11-05T03:45:07Z",
    "sender": [
      "linxiz"
    ],
    "receiver": [
      "bowenz"
    ]
  },
  "model": "cmubbs.message",
  "pk": 5
},
{
  "fields": {
    "is_read": true,
    "text": "Hahaha~",
    "created_on": "2015-11-05T03:45:33Z",
    "sender": [
      "linxiz"
    ],
    "receiver": [
      "zruan"
    ]
  },
  "model": "cmubbs.message",
  "pk": 6
},
{
  "fields": {
    "is_read": true,
    "text": "Xiao ming wei shen me hui shuai dao ?",
    "created_on": "2015-11-05T03:46:10Z",
    "sender": [
      "zruan"
    ],
    "receiver": [
      "linxiz"
    ]
  },
  "model": "cmubbs.message",
  "pk": 7
},
{
  "fields": {
    "is_read": true,
    "text": "amazing bbs!",
    "created_on": "2015-11-05T03:46:44Z",
    "sender": [
      "bowenz"
    ],
    "receiver": [
      "linxiz"
    ]
  },
  "model": "cmubbs.message",
  "pk": 8
},
{
  "fields": {
    "is_read": true,
    "text": "Let's play dota!",
    "created_on": "2015-11-05T03:47:01Z",
    "sender": [
      "bowenz"
    ],
    "receiver": [
      "zruan"
    ]
  },
  "model": "cmubbs.message",
  "pk": 9
},
{
  "fields": {
    "is_read": true,
    "text": "wwww",
    "created_on": "2015-11-06T04:28:14Z",
    "sender": [
      "bowenz"
    ],
    "receiver": [
      "linxiz"
    ]
  },
  "model": "cmubbs.message",
  "pk": 10
},
{
  "fields": {
    "is_read": true,
    "text": "No, I want to play lol!",
    "created_on": "2015-11-09T00:46:59Z",
    "sender": [
      "zruan"
    ],
    "receiver": [
      "bowenz"
    ]
  },
  "model": "cmubbs.message",
  "pk": 11
},
{
  "fields": {
    "is_read": true,
    "text": "Please guess~ I won't tell you the answer!",
    "created_on": "2015-11-09T00:48:00Z",
    "sender": [
      "linxiz"
    ],
    "receiver": [
      "zruan"
    ]
  },
  "model": "cmubbs.message",
  "pk": 12
},
{
  "fields": {
    "is_read": true,
    "text": "I like the new message reminder in this bbs!",
    "created_on": "2015-11-09T00:48:52Z",
    "sender": [
      "linxiz"
    ],
    "receiver": [
      "bowenz"
    ]
  },
  "model": "cmubbs.message",
  "pk": 13
},
{
  "fields": {
    "is_read": true,
    "text": ":(",
    "created_on": "2015-11-11T03:08:58Z",
    "sender": [
      "bowenz"
    ],
    "receiver": [
      "zruan"
    ]
  },
  "model": "cmubbs.message",
  "pk": 14
},
{
  "fields": {
    "is_read": true,
    "text": "me too!",
    "created_on": "2015-11-11T03:09:59Z",
    "sender": [
      "bowenz"
    ],
    "receiver": [
      "linxiz"
    ]
  },
  "model": "cmubbs.message",
  "pk": 15
},
{
  "fields": {
    "is_read": true,
    "text": "[Event Application] Apply for \"private event\"\n|",
    "created_on": "2015-11-17T12:51:42Z",
    "sender": [
      "linxiz"
    ],
    "receiver": [
      "linxiz"
    ]
  },
  "model": "cmubbs.message",
  "pk": 16
},
{
  "fields": {
    "is_read": true,
    "text": "[Event Application] Apply for \"private event\"\n|",
    "created_on": "2015-11-17T12:53:47Z",
    "sender": [
      "linxiz"
    ],
    "receiver": [
      "linxiz"
    ]
  },
  "model": "cmubbs.message",
  "pk": 17
},
{
  "fields": {
    "is_read": true,
    "text": "[Event Application] Apply for \"private event\"\n|",
    "created_on": "2015-11-17T12:57:30Z",
    "sender": [
      "linxiz"
    ],
    "receiver": [
      "linxiz"
    ]
  },
  "model": "cmubbs.message",
  "pk": 18
},
{
  "fields": {
    "is_read": true,
    "text": "[Event Application] Apply for \"private event\"\n|",
    "created_on": "2015-11-17T12:57:32Z",
    "sender": [
      "linxiz"
    ],
    "receiver": [
      "linxiz"
    ]
  },
  "model": "cmubbs.message",
  "pk": 19
},
{
  "fields": {
    "is_read": true,
    "text": "[Event Application] Apply for \"private event\"\n|",
    "created_on": "2015-11-17T12:57:35Z",
    "sender": [
      "linxiz"
    ],
    "receiver": [
      "linxiz"
    ]
  },
  "model": "cmubbs.message",
  "pk": 20
},
{
  "fields": {
    "is_read": true,
    "text": "[Event Application] Apply for \"private event\"\n|",
    "created_on": "2015-11-17T12:59:44Z",
    "sender": [
      "linxiz"
    ],
    "receiver": [
      "linxiz"
    ]
  },
  "model": "cmubbs.message",
  "pk": 21
},
{
  "fields": {
    "is_read": true,
    "text": "[Event Application] Apply for \"private event\"\n|",
    "created_on": "2015-11-17T12:59:47Z",
    "sender": [
      "linxiz"
    ],
    "receiver": [
      "linxiz"
    ]
  },
  "model": "cmubbs.message",
  "pk": 22
},
{
  "fields": {
    "is_read": true,
    "text": "[Event Application] Apply for \"private event\"\n|",
    "created_on": "2015-11-17T13:00:30Z",
    "sender": [
      "linxiz"
    ],
    "receiver": [
      "linxiz"
    ]
  },
  "model": "cmubbs.message",
  "pk": 23
},
{
  "fields": {
    "is_read": true,
    "text": "[Event Application] Apply for \"private event\"\n|",
    "created_on": "2015-11-17T13:01:25Z",
    "sender": [
      "lalala"
    ],
    "receiver": [
      "linxiz"
    ]
  },
  "model": "cmubbs.message",
  "pk": 24
},
{
  "fields": {
    "is_read": true,
    "text": "[Event Application]\n<p> User <a href=/user_profile/lalala>lalala is applying for event <a href=/edit_event/50> private event </a>.</p><ln>\nlalala wrote:\n<p> Please accept my application~~~ </p>",
    "created_on": "2015-11-17T14:36:31Z",
    "sender": [
      "lalala"
    ],
    "receiver": [
      "linxiz"
    ]
  },
  "model": "cmubbs.message",
  "pk": 25
},
{
  "fields": {
    "is_read": true,
    "text": "[Event Application]<br><p> User <a href=/user_profile/lalala>lalala</a> is applying for event <a href=/edit_event/50> private event </a>.</p><ln>\nlalala wrote:\n<p> Please accept my application~~~ </p>",
    "created_on": "2015-11-17T14:39:18Z",
    "sender": [
      "lalala"
    ],
    "receiver": [
      "linxiz"
    ]
  },
  "model": "cmubbs.message",
  "pk": 26
},
{
  "fields": {
    "is_read": true,
    "text": "[Event Application]<br><p> User <a href=/user_profile/lalala>lalala</a> is applying for event <a href=/in_topic/50> private event </a>.</p><ln>\nlalala wrote:\n<p> Please accept my application~~~ </p>",
    "created_on": "2015-11-17T14:41:01Z",
    "sender": [
      "lalala"
    ],
    "receiver": [
      "linxiz"
    ]
  },
  "model": "cmubbs.message",
  "pk": 27
},
{
  "fields": {
    "is_read": true,
    "text": "[Event Application]<br><p> User <a href=/user_profile/linxiz>linxiz</a> is applying for event <a href=/in_topic/50> private event </a>.</p><ln>\nlinxiz wrote:\n<p> Please accept my application~~~ </p>",
    "created_on": "2015-11-17T14:45:41Z",
    "sender": [
      "cmubbs-system"
    ],
    "receiver": [
      "linxiz"
    ]
  },
  "model": "cmubbs.message",
  "pk": 28
},
{
  "fields": {
    "is_read": true,
    "text": "[Event Application]<br><p> User <a href=/user_profile/lalala>lalala</a> is applying for event <a href=/in_topic/50> private event </a>.</p><ln>\nlalala wrote:\n<p> Please accept my application~~~ </p>",
    "created_on": "2015-11-17T15:23:53Z",
    "sender": [
      "cmubbs-system"
    ],
    "receiver": [
      "linxiz"
    ]
  },
  "model": "cmubbs.message",
  "pk": 29
},
{
  "fields": {
    "is_read": true,
    "text": "[Event Application]<br><p> User <a href=/user_profile/lalala>lalala</a> is applying for event <a href=/in_topic/50> private event </a>.</p><ln>\nlalala wrote:\n<p> Please accept my application~~~ </p>",
    "created_on": "2015-11-17T15:25:27Z",
    "sender": [
      "cmubbs-system"
    ],
    "receiver": [
      "linxiz"
    ]
  },
  "model": "cmubbs.message",
  "pk": 30
},
{
  "fields": {
    "is_read": true,
    "text": "[Event Update]<br><p> You have been added into event <a href=/in_topic/29>dinner</a> by event owner on 03:25 17/11/2015. </p>",
    "created_on": "2015-11-17T15:25:55Z",
    "sender": [
      "cmubbs-system"
    ],
    "receiver": [
      "lalala"
    ]
  },
  "model": "cmubbs.message",
  "pk": 31
},
{
  "fields": {
    "is_read": true,
    "text": "[Event Application]<br><p> User <a href=/user_profile/lalala>lalala</a> is applying for event <a href=/in_topic/50> private event </a>.</p><ln>\nlalala wrote:\n<p> Please accept my application~~~ </p>",
    "created_on": "2015-11-17T15:27:33Z",
    "sender": [
      "cmubbs-system"
    ],
    "receiver": [
      "linxiz"
    ]
  },
  "model": "cmubbs.message",
  "pk": 32
},
{
  "fields": {
    "is_read": true,
    "text": "[Event Update]<br><p> You have been added into event <a href=/in_topic/50>private event</a> by event owner on 03:27 17/11/2015. </p>",
    "created_on": "2015-11-17T15:27:48Z",
    "sender": [
      "cmubbs-system"
    ],
    "receiver": [
      "lalala"
    ]
  },
  "model": "cmubbs.message",
  "pk": 33
},
{
  "fields": {
    "is_read": true,
    "text": "[Event Update]<br><p> You have been deleted from event <a href=/in_topic/50>private event</a> by event owner on 03:28 17/11/2015. </p>",
    "created_on": "2015-11-17T15:28:52Z",
    "sender": [
      "cmubbs-system"
    ],
    "receiver": [
      "lalala"
    ]
  },
  "model": "cmubbs.message",
  "pk": 34
},
{
  "fields": {
    "is_read": true,
    "text": "[Event Application]<br><p> User <a href=/user_profile/linxiz>linxiz</a> is applying for event <a href=/in_topic/50> private event </a>.</p><ln>\nlinxiz wrote:\n<p> Please accept my application~~~ </p>",
    "created_on": "2015-11-17T18:56:16Z",
    "sender": [
      "cmubbs-system"
    ],
    "receiver": [
      "linxiz"
    ]
  },
  "model": "cmubbs.message",
  "pk": 35
},
{
  "fields": {
    "is_read": true,
    "text": "[Event Update]<br><p> You have been added into event <a href=/in_topic/50>private event</a> by event owner on 06:56 17/11/2015. </p>",
    "created_on": "2015-11-17T18:56:31Z",
    "sender": [
      "cmubbs-system"
    ],
    "receiver": [
      "linxiz"
    ]
  },
  "model": "cmubbs.message",
  "pk": 36
},
{
  "fields": {
    "is_read": true,
    "text": "[Event Application]<br><p> User <a href=/user_profile/linxiz>linxiz</a> is applying for event <a href=/in_topic/50> private event </a>.</p><ln>\nlinxiz wrote:\n<p> Please accept my application~~~ </p>",
    "created_on": "2015-11-17T18:56:43Z",
    "sender": [
      "cmubbs-system"
    ],
    "receiver": [
      "linxiz"
    ]
  },
  "model": "cmubbs.message",
  "pk": 37
},
{
  "fields": {
    "is_read": true,
    "text": "[Event Update]<br><p> You have been added into event <a href=/in_topic/50>private event</a> by event owner on 06:58 17/11/2015. </p>",
    "created_on": "2015-11-17T18:58:40Z",
    "sender": [
      "cmubbs-system"
    ],
    "receiver": [
      "linxiz"
    ]
  },
  "model": "cmubbs.message",
  "pk": 38
},
{
  "fields": {
    "is_read": true,
    "text": "[Event Application]<br><p> User <a href=/user_profile/linxiz>linxiz</a> is applying for event <a href=/in_topic/50> private event </a>.</p><ln>\nlinxiz wrote:\n<p> Please accept my application~~~ </p>",
    "created_on": "2015-11-17T18:58:47Z",
    "sender": [
      "cmubbs-system"
    ],
    "receiver": [
      "linxiz"
    ]
  },
  "model": "cmubbs.message",
  "pk": 39
},
{
  "fields": {
    "is_read": true,
    "text": "[Event Application]<br><p> User <a href=/user_profile/linxiz>linxiz</a> is applying for event <a href=/in_topic/54> a private event </a>.</p><ln>\nlinxiz wrote:\n<p> Please accept my application~~~ </p>",
    "created_on": "2015-11-17T19:07:43Z",
    "sender": [
      "cmubbs-system"
    ],
    "receiver": [
      "linxiz"
    ]
  },
  "model": "cmubbs.message",
  "pk": 40
},
{
  "fields": {
    "is_read": true,
    "text": "[Event Update]<br><p> You have been added into event <a href=/in_topic/54>a private event</a> by event owner on 07:07 17/11/2015. </p>",
    "created_on": "2015-11-17T19:07:55Z",
    "sender": [
      "cmubbs-system"
    ],
    "receiver": [
      "linxiz"
    ]
  },
  "model": "cmubbs.message",
  "pk": 41
},
{
  "fields": {
    "is_read": true,
    "text": "[Event Application]<br><p> User <a href=/user_profile/linxiz>linxiz</a> is applying for event <a href=/in_topic/54> a private event </a>.</p><ln>\nlinxiz wrote:\n<p> Please accept my application~~~ </p>",
    "created_on": "2015-11-17T19:39:20Z",
    "sender": [
      "cmubbs-system"
    ],
    "receiver": [
      "linxiz"
    ]
  },
  "model": "cmubbs.message",
  "pk": 42
},
{
  "fields": {
    "is_read": true,
    "text": "[Event Application]<br><p> User <a href=/user_profile/linxiz>linxiz</a> is applying for event <a href=/in_topic/59> a private event </a>.</p><ln>\nlinxiz wrote:\n<p> Please accept my application~~~ </p>",
    "created_on": "2015-11-17T19:42:22Z",
    "sender": [
      "cmubbs-system"
    ],
    "receiver": [
      "linxiz"
    ]
  },
  "model": "cmubbs.message",
  "pk": 43
},
{
  "fields": {
    "is_read": true,
    "text": "[Event Application]<br><p> User <a href=/user_profile/linxiz>linxiz</a> is applying for event <a href=/in_topic/73> home party </a>.</p><ln>\nlinxiz wrote:\n<p> Please accept my application~~~ </p>",
    "created_on": "2015-11-22T12:29:20Z",
    "sender": [
      "cmubbs-system"
    ],
    "receiver": [
      "linxiz"
    ]
  },
  "model": "cmubbs.message",
  "pk": 44
},
{
  "fields": {
    "is_read": true,
    "text": "[Event Application]<br><p> User <a href=/user_profile/linxiz>linxiz</a> is applying for event <a href=/in_topic/74> A trip to orlando! </a>.</p><ln>\nlinxiz wrote:\n<p> Please accept my application~~~ </p>",
    "created_on": "2015-11-22T12:42:55Z",
    "sender": [
      "cmubbs-system"
    ],
    "receiver": [
      "linxiz"
    ]
  },
  "model": "cmubbs.message",
  "pk": 45
},
{
  "fields": {
    "is_read": true,
    "text": "[Event Application]<br><p> User <a href=/user_profile/zruan>zruan</a> is applying for event <a href=/in_topic/74> A trip to orlando! </a>.</p><p><a href='/user_profile/linxiz#event_applications'>See the application.</a></p><ln>\nzruan wrote:\n<p> really ?! seriously ?! </p>",
    "created_on": "2015-11-22T23:02:57Z",
    "sender": [
      "cmubbs-system"
    ],
    "receiver": [
      "linxiz"
    ]
  },
  "model": "cmubbs.message",
  "pk": 46
},
{
  "fields": {
    "is_read": true,
    "text": "[Event Application]<br><p> User <a href=/user_profile/linxiz>linxiz</a> is applying for event <a href=/in_topic/79> demo </a>.</p><p><a href='/user_profile/linxiz#event_applications'>See the application.</a></p><ln>\nlinxiz wrote:\n<p> Please let me join! </p>",
    "created_on": "2015-11-23T11:42:10Z",
    "sender": [
      "cmubbs-system"
    ],
    "receiver": [
      "linxiz"
    ]
  },
  "model": "cmubbs.message",
  "pk": 47
},
{
  "fields": {
    "is_read": true,
    "text": "[Event Update]<br><p> You have been added into event <a href=/in_topic/79>demo</a> by event owner on 11:42 23/11/2015. </p>",
    "created_on": "2015-11-23T11:42:51Z",
    "sender": [
      "cmubbs-system"
    ],
    "receiver": [
      "linxiz"
    ]
  },
  "model": "cmubbs.message",
  "pk": 48
},
{
  "fields": {
    "is_read": true,
    "text": "[Event Application]<br><p> User <a href=/user_profile/linxiz>linxiz</a> is applying for event <a href=/in_topic/82> demo </a>.</p><p><a href='/user_profile/linxiz#event_applications'>See the application.</a></p><ln>\nlinxiz wrote:\n<p> demo </p>",
    "created_on": "2015-11-23T12:12:41Z",
    "sender": [
      "cmubbs-system"
    ],
    "receiver": [
      "linxiz"
    ]
  },
  "model": "cmubbs.message",
  "pk": 49
},
{
  "fields": {
    "is_read": true,
    "text": "[Event Update]<br><p> You have been added into event <a href=/in_topic/82>demo</a> by event owner on 12:13 23/11/2015. </p>",
    "created_on": "2015-11-23T12:13:05Z",
    "sender": [
      "cmubbs-system"
    ],
    "receiver": [
      "linxiz"
    ]
  },
  "model": "cmubbs.message",
  "pk": 50
},
{
  "fields": {
    "is_read": true,
    "text": "[Event Application]<br><p> User <a href=/user_profile/linxiz>linxiz</a> is applying for event <a href=/in_topic/59> a private event </a>.</p><p><a href='/user_profile/linxiz#event_applications'>See the application.</a></p><ln>\nlinxiz wrote:\n<p> demo\r\n </p>",
    "created_on": "2015-11-23T12:21:54Z",
    "sender": [
      "cmubbs-system"
    ],
    "receiver": [
      "linxiz"
    ]
  },
  "model": "cmubbs.message",
  "pk": 51
},
{
  "fields": {
    "is_read": true,
    "text": "[Event Update]<br><p> You have been added into event <a href=/in_topic/59>a private event</a> by event owner on 12:21 23/11/2015. </p>",
    "created_on": "2015-11-23T12:21:59Z",
    "sender": [
      "cmubbs-system"
    ],
    "receiver": [
      "linxiz"
    ]
  },
  "model": "cmubbs.message",
  "pk": 52
},
{
  "fields": {
    "is_read": true,
    "text": "[Event Update]<br><p> You have been added into event <a href=/in_topic/74>A trip to orlando!</a> by event owner on 12:22 23/11/2015. </p>",
    "created_on": "2015-11-23T12:22:04Z",
    "sender": [
      "cmubbs-system"
    ],
    "receiver": [
      "linxiz"
    ]
  },
  "model": "cmubbs.message",
  "pk": 53
},
{
  "fields": {
    "is_read": true,
    "text": "[Event Application]<br><p> User <a href=/user_profile/linxiz>linxiz</a> is applying for event <a href=/in_topic/84> demo </a>.</p><p><a href='/user_profile/linxiz#event_applications'>See the application.</a></p><ln>\nlinxiz wrote:\n<p> demo </p>",
    "created_on": "2015-11-23T12:55:41Z",
    "sender": [
      "cmubbs-system"
    ],
    "receiver": [
      "linxiz"
    ]
  },
  "model": "cmubbs.message",
  "pk": 54
},
{
  "fields": {
    "is_read": true,
    "text": "[Event Update]<br><p> You have been added into event <a href=/in_topic/84>demo</a> by event owner on 12:56 23/11/2015. </p>",
    "created_on": "2015-11-23T12:56:03Z",
    "sender": [
      "cmubbs-system"
    ],
    "receiver": [
      "linxiz"
    ]
  },
  "model": "cmubbs.message",
  "pk": 55
},
{
  "fields": {
    "is_read": true,
    "text": "[Event Application]<br><p> User <a href=/user_profile/linxiz>linxiz</a> is applying for event <a href=/in_topic/86> dem </a>.</p><p><a href='/user_profile/linxiz#event_applications'>See the application.</a></p><ln>\nlinxiz wrote:\n<p> let me join </p>",
    "created_on": "2015-11-23T13:04:51Z",
    "sender": [
      "cmubbs-system"
    ],
    "receiver": [
      "linxiz"
    ]
  },
  "model": "cmubbs.message",
  "pk": 56
},
{
  "fields": {
    "is_read": true,
    "text": "[Event Update]<br><p> You have been added into event <a href=/in_topic/86>dem</a> by event owner on 01:05 23/11/2015. </p>",
    "created_on": "2015-11-23T13:05:10Z",
    "sender": [
      "cmubbs-system"
    ],
    "receiver": [
      "linxiz"
    ]
  },
  "model": "cmubbs.message",
  "pk": 57
},
{
  "fields": {
    "is_read": true,
    "text": "<script>alert(\"sb\");</script>",
    "created_on": "2015-11-23T18:27:14Z",
    "sender": [
      "bowenz"
    ],
    "receiver": [
      "lalala"
    ]
  },
  "model": "cmubbs.message",
  "pk": 58
},
{
  "fields": {
    "is_read": true,
    "text": "test",
    "created_on": "2015-11-23T18:27:29Z",
    "sender": [
      "bowenz"
    ],
    "receiver": [
      "lalala"
    ]
  },
  "model": "cmubbs.message",
  "pk": 59
},
{
  "fields": {
    "is_read": true,
    "text": "test",
    "created_on": "2015-11-23T18:27:39Z",
    "sender": [
      "bowenz"
    ],
    "receiver": [
      "lalala"
    ]
  },
  "model": "cmubbs.message",
  "pk": 60
},
{
  "fields": {
    "is_read": true,
    "text": "Hey Billy",
    "created_on": "2015-11-23T18:52:29Z",
    "sender": [
      "\u5e7c\u513f\u56ed\u5c0f\u9738\u738b"
    ],
    "receiver": [
      "bowenz"
    ]
  },
  "model": "cmubbs.message",
  "pk": 61
},
{
  "fields": {
    "is_read": true,
    "text": "[Event Application]<br><p> User <a href=/user_profile/linxiz>linxiz</a> is applying for event <a href=/in_topic/94> tt </a>.</p><p><a href='/user_profile/linxiz#event_applications'>See the application.</a></p><ln>\nlinxiz wrote:\n<p> tt </p>",
    "created_on": "2015-11-23T18:54:19Z",
    "sender": [
      "cmubbs-system"
    ],
    "receiver": [
      "linxiz"
    ]
  },
  "model": "cmubbs.message",
  "pk": 62
},
{
  "fields": {
    "is_read": true,
    "text": "[Event Update]<br><p> You have been added into event <a href=/in_topic/94>tt</a> by event owner on 06:54 23/11/2015. </p>",
    "created_on": "2015-11-23T18:54:28Z",
    "sender": [
      "cmubbs-system"
    ],
    "receiver": [
      "linxiz"
    ]
  },
  "model": "cmubbs.message",
  "pk": 63
},
{
  "fields": {
    "is_read": true,
    "text": "hei, bie fa zhong wen jiu xing",
    "created_on": "2015-11-23T19:25:39Z",
    "sender": [
      "bowenz"
    ],
    "receiver": [
      "\u5e7c\u513f\u56ed\u5c0f\u9738\u738b"
    ]
  },
  "model": "cmubbs.message",
  "pk": 64
},
{
  "fields": {
    "is_read": true,
    "text": "[Event Application]<br><p> User <a href=/user_profile/linxiz>linxiz</a> is applying for event <a href=/in_topic/96> tt </a>.</p><p><a href='/user_profile/linxiz#event_applications'>See the application.</a></p><ln>\nlinxiz wrote:\n<p> demo </p>",
    "created_on": "2015-11-23T20:13:50Z",
    "sender": [
      "cmubbs-system"
    ],
    "receiver": [
      "linxiz"
    ]
  },
  "model": "cmubbs.message",
  "pk": 65
},
{
  "fields": {
    "is_read": true,
    "text": "[Event Update]<br><p> You have been added into event <a href=/in_topic/96>tt</a> by event owner on 08:14 23/11/2015. </p>",
    "created_on": "2015-11-23T20:14:09Z",
    "sender": [
      "cmubbs-system"
    ],
    "receiver": [
      "linxiz"
    ]
  },
  "model": "cmubbs.message",
  "pk": 66
},
{
  "fields": {
    "is_read": true,
    "text": "[Event Application]<br><p> User <a href=/user_profile/linxiz>linxiz</a> is applying for event <a href=/in_topic/98> demo </a>.</p><p><a href='/user_profile/linxiz#event_applications'>See the application.</a></p><ln>\nlinxiz wrote:\n<p> demo </p>",
    "created_on": "2015-11-23T20:36:20Z",
    "sender": [
      "cmubbs-system"
    ],
    "receiver": [
      "linxiz"
    ]
  },
  "model": "cmubbs.message",
  "pk": 67
},
{
  "fields": {
    "is_read": true,
    "text": "[Event Update]<br><p> You have been added into event <a href=/in_topic/98>demo</a> by event owner on 08:36 23/11/2015. </p>",
    "created_on": "2015-11-23T20:36:35Z",
    "sender": [
      "cmubbs-system"
    ],
    "receiver": [
      "linxiz"
    ]
  },
  "model": "cmubbs.message",
  "pk": 68
},
{
  "fields": {
    "bio": "^.^",
    "follows": [
      2,
      3
    ],
    "gender": "F",
    "image": "images/profile.jpg",
    "favorite_forums": [
      6,
      7,
      13,
      14
    ],
    "user": [
      "linxiz"
    ],
    "birth": null,
    "user_group": 0
  },
  "model": "cmubbs.userinfo",
  "pk": 1
},
{
  "fields": {
    "bio": "\u6211\u662f2009\uff0c\u4f60\u4fe1\u5417\uff1f",
    "follows": [
      1,
      3,
      16
    ],
    "gender": "M",
    "image": "images/7426e276baa4d5cdf6b4efba8d3345dd_jBJDwn1.jpg",
    "favorite_forums": [
      6,
      7
    ],
    "user": [
      "bowenz"
    ],
    "birth": null,
    "user_group": 0
  },
  "model": "cmubbs.userinfo",
  "pk": 2
},
{
  "fields": {
    "bio": "",
    "follows": [],
    "gender": "",
    "image": "images/Screen_Shot_2015-11-23_at_6.57.01_AM.png",
    "favorite_forums": [
      5
    ],
    "user": [
      "zruan"
    ],
    "birth": "1990-11-19",
    "user_group": 0
  },
  "model": "cmubbs.userinfo",
  "pk": 3
},
{
  "fields": {
    "bio": "",
    "follows": [],
    "gender": "M",
    "image": "images/JPC-May24-14.jpg",
    "favorite_forums": [
      5
    ],
    "user": [
      "Brother Jamie"
    ],
    "birth": null,
    "user_group": 3
  },
  "model": "cmubbs.userinfo",
  "pk": 6
},
{
  "fields": {
    "bio": "",
    "follows": [],
    "gender": "M",
    "image": "images/Eric-Nyberg_150.jpg",
    "favorite_forums": [],
    "user": [
      "King of LTI"
    ],
    "birth": null,
    "user_group": 3
  },
  "model": "cmubbs.userinfo",
  "pk": 7
},
{
  "fields": {
    "bio": "",
    "follows": [],
    "gender": "F",
    "image": "images/default.jpg",
    "favorite_forums": [],
    "user": [
      "xiaohei"
    ],
    "birth": null,
    "user_group": 1
  },
  "model": "cmubbs.userinfo",
  "pk": 9
},
{
  "fields": {
    "bio": "",
    "follows": [],
    "gender": "",
    "image": "images/default_42PxTle.jpg",
    "favorite_forums": [
      6
    ],
    "user": [
      "lalala"
    ],
    "birth": null,
    "user_group": 3
  },
  "model": "cmubbs.userinfo",
  "pk": 11
},
{
  "fields": {
    "bio": "",
    "follows": [],
    "gender": "",
    "image": "",
    "favorite_forums": [],
    "user": [
      "cmubbs-system"
    ],
    "birth": null,
    "user_group": 3
  },
  "model": "cmubbs.userinfo",
  "pk": 12
},
{
  "fields": {
    "bio": "",
    "follows": [],
    "gender": "",
    "image": "",
    "favorite_forums": [],
    "user": [
      "wanpiqiao"
    ],
    "birth": null,
    "user_group": 3
  },
  "model": "cmubbs.userinfo",
  "pk": 13
},
{
  "fields": {
    "bio": "",
    "follows": [],
    "gender": "",
    "image": "",
    "favorite_forums": [],
    "user": [
      "cmulq"
    ],
    "birth": null,
    "user_group": 3
  },
  "model": "cmubbs.userinfo",
  "pk": 14
},
{
  "fields": {
    "bio": "",
    "follows": [],
    "gender": "",
    "image": "",
    "favorite_forums": [],
    "user": [
      "immzz"
    ],
    "birth": null,
    "user_group": 3
  },
  "model": "cmubbs.userinfo",
  "pk": 15
},
{
  "fields": {
    "bio": "",
    "follows": [],
    "gender": "M",
    "image": "images/IMG_0333.JPG",
    "favorite_forums": [],
    "user": [
      "\u5e7c\u513f\u56ed\u5c0f\u9738\u738b"
    ],
    "birth": null,
    "user_group": 3
  },
  "model": "cmubbs.userinfo",
  "pk": 16
},
{
  "fields": {
    "bio": "",
    "follows": [],
    "gender": "",
    "image": "",
    "favorite_forums": [],
    "user": [
      "lianguasth"
    ],
    "birth": null,
    "user_group": 3
  },
  "model": "cmubbs.userinfo",
  "pk": 17
},
{
  "fields": {
    "bio": "",
    "follows": [
      1
    ],
    "gender": "",
    "image": "",
    "favorite_forums": [],
    "user": [
      "admin"
    ],
    "birth": null,
    "user_group": 3
  },
  "model": "cmubbs.userinfo",
  "pk": 18
},
{
  "fields": {
    "bio": "",
    "follows": [],
    "gender": "",
    "image": "",
    "favorite_forums": [],
    "user": [
      "MostHandsomeGuyInLTI"
    ],
    "birth": null,
    "user_group": 3
  },
  "model": "cmubbs.userinfo",
  "pk": 19
},
{
  "fields": {
    "bio": "",
    "follows": [],
    "gender": "",
    "image": "",
    "favorite_forums": [],
    "user": [
      "xvblack"
    ],
    "birth": null,
    "user_group": 3
  },
  "model": "cmubbs.userinfo",
  "pk": 20
},
{
  "fields": {
    "topic": 59,
    "participants": [
      1
    ],
    "max_participants": 5,
    "description": "This is a test for private event that users have to apply for.",
    "public": false
  },
  "model": "cmubbs.event",
  "pk": 34
},
{
  "fields": {
    "topic": 60,
    "participants": [],
    "max_participants": 2,
    "description": "This is an expired event that should not be shown on the map but should be shown on the list.\r\n",
    "public": true
  },
  "model": "cmubbs.event",
  "pk": 35
},
{
  "fields": {
    "topic": 61,
    "participants": [
      11
    ],
    "max_participants": 3,
    "description": "This is a test for public event which all users can rsvp.\r\n",
    "public": true
  },
  "model": "cmubbs.event",
  "pk": 36
},
{
  "fields": {
    "topic": 74,
    "participants": [
      1
    ],
    "max_participants": 4,
    "description": "I want to go to Orlando for Xmax~ Planning to go to Disney and Universal Studio. Anyone want to join?",
    "public": false
  },
  "model": "cmubbs.event",
  "pk": 40
},
{
  "fields": {
    "topic": 75,
    "participants": [],
    "max_participants": 1,
    "description": "Price: $480/month. One room in a 3br 2 ba apartment. ",
    "public": false
  },
  "model": "cmubbs.event",
  "pk": 41
},
{
  "fields": {
    "topic": 96,
    "participants": [
      1
    ],
    "max_participants": 3,
    "description": "tt",
    "public": false
  },
  "model": "cmubbs.event",
  "pk": 48
},
{
  "fields": {
    "topic": 98,
    "participants": [
      1
    ],
    "max_participants": 3,
    "description": "demo",
    "public": false
  },
  "model": "cmubbs.event",
  "pk": 49
},
{
  "fields": {
    "message": "really ?! seriously ?!",
    "applicant": [
      "zruan"
    ],
    "event": 40,
    "created_on": "2015-11-22T23:02:57Z"
  },
  "model": "cmubbs.eventapplication",
  "pk": 20
},
{
  "fields": {
    "lat": 40.4445705,
    "lng": -79.9426937,
    "formatted_address": "5000 Forbes Ave, Pittsburgh, PA 15213, USA",
    "event": 34
  },
  "model": "cmubbs.location",
  "pk": 34
},
{
  "fields": {
    "lat": 40.4532577,
    "lng": -79.9277771,
    "formatted_address": "5831 Walnut St, Pittsburgh, PA 15232, USA",
    "event": 35
  },
  "model": "cmubbs.location",
  "pk": 35
},
{
  "fields": {
    "lat": 40.4434746,
    "lng": -79.940153,
    "formatted_address": "Pittsburgh, PA 15213, United States",
    "event": 36
  },
  "model": "cmubbs.location",
  "pk": 36
},
{
  "fields": {
    "lat": 28.385233,
    "lng": -81.563874,
    "formatted_address": "Walt Disney World Resort, Orlando, FL 32830, United States",
    "event": 40
  },
  "model": "cmubbs.location",
  "pk": 40
},
{
  "fields": {
    "lat": 40.4532577,
    "lng": -79.9277771,
    "formatted_address": "5831 Walnut St, Pittsburgh, PA 15232, USA",
    "event": 41
  },
  "model": "cmubbs.location",
  "pk": 41
},
{
  "fields": {
    "lat": 40.4424925,
    "lng": -79.9425528,
    "formatted_address": "5000 Forbes Ave, Pittsburgh, PA 15213, United States",
    "event": 48
  },
  "model": "cmubbs.location",
  "pk": 48
},
{
  "fields": {
    "lat": 40.4424925,
    "lng": -79.9425528,
    "formatted_address": "5000 Forbes Ave, Pittsburgh, PA 15213, United States",
    "event": 49
  },
  "model": "cmubbs.location",
  "pk": 49
},
{
  "fields": {
    "start": "2015-11-17T00:00:00Z",
    "end": "2015-12-23T00:00:00Z",
    "event": 34
  },
  "model": "cmubbs.timeperiod",
  "pk": 34
},
{
  "fields": {
    "start": "2015-11-16T00:00:00Z",
    "end": "2015-11-16T00:00:00Z",
    "event": 35
  },
  "model": "cmubbs.timeperiod",
  "pk": 35
},
{
  "fields": {
    "start": "2015-11-17T00:00:00Z",
    "end": "2015-12-23T00:00:00Z",
    "event": 36
  },
  "model": "cmubbs.timeperiod",
  "pk": 36
},
{
  "fields": {
    "start": "2015-12-21T12:00:00Z",
    "end": "2015-12-29T17:00:00Z",
    "event": 40
  },
  "model": "cmubbs.timeperiod",
  "pk": 40
},
{
  "fields": {
    "start": "2016-01-01T00:00:00Z",
    "end": "2016-08-01T00:00:00Z",
    "event": 41
  },
  "model": "cmubbs.timeperiod",
  "pk": 41
},
{
  "fields": {
    "start": "2015-11-23T18:16:00Z",
    "end": "2015-11-24T19:16:00Z",
    "event": 48
  },
  "model": "cmubbs.timeperiod",
  "pk": 48
},
{
  "fields": {
    "start": "2015-11-23T18:16:00Z",
    "end": "2015-12-23T19:16:00Z",
    "event": 49
  },
  "model": "cmubbs.timeperiod",
  "pk": 49
},
{
  "fields": {
    "topic": 35,
    "is_multiple": false,
    "question": "1",
    "polled_by": [
      2
    ]
  },
  "model": "cmubbs.poll",
  "pk": 1
},
{
  "fields": {
    "topic": 49,
    "is_multiple": false,
    "question": "test",
    "polled_by": [
      2
    ]
  },
  "model": "cmubbs.poll",
  "pk": 2
},
{
  "fields": {
    "topic": 69,
    "is_multiple": false,
    "question": "What is your favorite food?",
    "polled_by": [
      1,
      2,
      3,
      11,
      13,
      14
    ]
  },
  "model": "cmubbs.poll",
  "pk": 3
},
{
  "fields": {
    "topic": 91,
    "is_multiple": false,
    "question": "Which course do you hate most?",
    "polled_by": [
      2,
      16
    ]
  },
  "model": "cmubbs.poll",
  "pk": 9
},
{
  "fields": {
    "topic": 93,
    "is_multiple": false,
    "question": "tt",
    "polled_by": [
      1
    ]
  },
  "model": "cmubbs.poll",
  "pk": 11
},
{
  "fields": {
    "topic": 97,
    "is_multiple": false,
    "question": "demo",
    "polled_by": [
      1
    ]
  },
  "model": "cmubbs.poll",
  "pk": 13
},
{
  "fields": {
    "topic": 99,
    "is_multiple": false,
    "question": "\u8c01\u662fLTI\u6700\u5e05\u7684\u4eba\uff1f",
    "polled_by": [
      2,
      17,
      19
    ]
  },
  "model": "cmubbs.poll",
  "pk": 14
},
{
  "fields": {
    "votes": 1,
    "poll": 1,
    "choice": "1"
  },
  "model": "cmubbs.choice",
  "pk": 1
},
{
  "fields": {
    "votes": 0,
    "poll": 1,
    "choice": "2"
  },
  "model": "cmubbs.choice",
  "pk": 2
},
{
  "fields": {
    "votes": 1,
    "poll": 2,
    "choice": "1"
  },
  "model": "cmubbs.choice",
  "pk": 3
},
{
  "fields": {
    "votes": 0,
    "poll": 2,
    "choice": "2"
  },
  "model": "cmubbs.choice",
  "pk": 4
},
{
  "fields": {
    "votes": 1,
    "poll": 3,
    "choice": "steak"
  },
  "model": "cmubbs.choice",
  "pk": 5
},
{
  "fields": {
    "votes": 1,
    "poll": 3,
    "choice": "sushi"
  },
  "model": "cmubbs.choice",
  "pk": 6
},
{
  "fields": {
    "votes": 1,
    "poll": 3,
    "choice": "burger"
  },
  "model": "cmubbs.choice",
  "pk": 7
},
{
  "fields": {
    "votes": 3,
    "poll": 3,
    "choice": "udon"
  },
  "model": "cmubbs.choice",
  "pk": 8
},
{
  "fields": {
    "votes": 2,
    "poll": 9,
    "choice": "Text Mining"
  },
  "model": "cmubbs.choice",
  "pk": 26
},
{
  "fields": {
    "votes": 0,
    "poll": 9,
    "choice": "Machine Learning with Large dataset"
  },
  "model": "cmubbs.choice",
  "pk": 27
},
{
  "fields": {
    "votes": 0,
    "poll": 11,
    "choice": "1"
  },
  "model": "cmubbs.choice",
  "pk": 31
},
{
  "fields": {
    "votes": 0,
    "poll": 11,
    "choice": "2"
  },
  "model": "cmubbs.choice",
  "pk": 32
},
{
  "fields": {
    "votes": 1,
    "poll": 11,
    "choice": "3"
  },
  "model": "cmubbs.choice",
  "pk": 33
},
{
  "fields": {
    "votes": 1,
    "poll": 13,
    "choice": "1"
  },
  "model": "cmubbs.choice",
  "pk": 37
},
{
  "fields": {
    "votes": 0,
    "poll": 13,
    "choice": "2"
  },
  "model": "cmubbs.choice",
  "pk": 38
},
{
  "fields": {
    "votes": 0,
    "poll": 13,
    "choice": "3"
  },
  "model": "cmubbs.choice",
  "pk": 39
},
{
  "fields": {
    "votes": 0,
    "poll": 14,
    "choice": "\u6770\u7c73\u5361\u5170"
  },
  "model": "cmubbs.choice",
  "pk": 40
},
{
  "fields": {
    "votes": 0,
    "poll": 14,
    "choice": "\u8010\u4f2f\u683c"
  },
  "model": "cmubbs.choice",
  "pk": 41
},
{
  "fields": {
    "votes": 3,
    "poll": 14,
    "choice": "\u5f20\u6cf0\u6e90"
  },
  "model": "cmubbs.choice",
  "pk": 42
}
]
