[
{
  "fields": {
    "username": "linxiz",
    "first_name": "",
    "last_name": "",
    "is_active": true,
    "is_superuser": false,
    "is_staff": false,
    "last_login": "2015-12-07T05:35:50Z",
    "groups": [],
    "user_permissions": [],
    "password": "pbkdf2_sha256$20000$w3zAqv4eiDA5$tdEX5Dggz2ARKP9MEb+To9NZb2vDPej8Km6hTQuzSPI=",
    "email": "linxiz@test.com",
    "date_joined": "2015-11-04T06:05:50Z"
  },
  "model": "auth.user",
  "pk": 1
},
{
  "fields": {
    "username": "bowenz",
    "first_name": "",
    "last_name": "",
    "is_active": true,
    "is_superuser": false,
    "is_staff": false,
    "last_login": "2015-12-07T02:59:47Z",
    "groups": [],
    "user_permissions": [],
    "password": "pbkdf2_sha256$20000$eqZhiTAMJHf0$8OGqfS1E32vrJjJdsjbzljwndxG5EnshY2a9tO6/tfA=",
    "email": "bowenz@test.com",
    "date_joined": "2015-11-04T06:06:11Z"
  },
  "model": "auth.user",
  "pk": 2
},
{
  "fields": {
    "username": "zruan",
    "first_name": "",
    "last_name": "",
    "is_active": true,
    "is_superuser": false,
    "is_staff": false,
    "last_login": "2015-12-07T03:35:36Z",
    "groups": [],
    "user_permissions": [],
    "password": "pbkdf2_sha256$20000$f5vhCyuaWC3c$oO1UYDVEBtBRAXm5R3OT3+8an4okhTf1m69f19c39Kw=",
    "email": "zruan@test.com",
    "date_joined": "2015-11-04T06:06:24Z"
  },
  "model": "auth.user",
  "pk": 3
},
{
  "fields": {
    "username": "Brother Jamie",
    "first_name": "",
    "last_name": "",
    "is_active": true,
    "is_superuser": false,
    "is_staff": false,
    "last_login": "2015-12-06T20:06:42Z",
    "groups": [],
    "user_permissions": [],
    "password": "pbkdf2_sha256$20000$PXNO11xISV6n$4JxzQVy8RSeHd9BN4wTZdQbOkY2S30IlLABWtTJ+cg0=",
    "email": "jamie@test.com",
    "date_joined": "2015-11-06T01:44:56Z"
  },
  "model": "auth.user",
  "pk": 6
},
{
  "fields": {
    "username": "King of LTI",
    "first_name": "",
    "last_name": "",
    "is_active": true,
    "is_superuser": false,
    "is_staff": false,
    "last_login": "2015-12-05T01:57:52Z",
    "groups": [],
    "user_permissions": [],
    "password": "pbkdf2_sha256$20000$nXF1FkA2G04H$mYhaE6K5N/K2c1x6sQHMtdTj3ex+wzVITYwX667evoI=",
    "email": "king@test.com",
    "date_joined": "2015-11-06T01:46:12Z"
  },
  "model": "auth.user",
  "pk": 7
},
{
  "fields": {
    "username": "xiaohei",
    "first_name": "",
    "last_name": "",
    "is_active": true,
    "is_superuser": false,
    "is_staff": false,
    "last_login": "2015-11-06T12:56:52Z",
    "groups": [],
    "user_permissions": [],
    "password": "pbkdf2_sha256$20000$P9uFFnTvPhOZ$3NWbEIxQdUeb1H2SRH2dKWSn1kOKoBN5dJ04MAWrNCM=",
    "email": "xiaohei@test.com",
    "date_joined": "2015-11-06T04:51:41Z"
  },
  "model": "auth.user",
  "pk": 9
},
{
  "fields": {
    "username": "lalala",
    "first_name": "",
    "last_name": "",
    "is_active": true,
    "is_superuser": false,
    "is_staff": false,
    "last_login": "2015-12-07T05:34:58Z",
    "groups": [],
    "user_permissions": [],
    "password": "pbkdf2_sha256$20000$x3DPzKyAXHjj$NF8hoZYw8RAoinqu6yt2hpAieF39v1CSz+rfRVBSZkw=",
    "email": "lalala@test.com",
    "date_joined": "2015-11-06T11:06:40Z"
  },
  "model": "auth.user",
  "pk": 11
},
{
  "fields": {
    "username": "cmubbs-system",
    "first_name": "",
    "last_name": "",
    "is_active": true,
    "is_superuser": false,
    "is_staff": false,
    "last_login": "2015-11-17T14:45:09Z",
    "groups": [],
    "user_permissions": [],
    "password": "pbkdf2_sha256$20000$HuSZxGIemcQc$HiOpXKVHlbT+hlNxXe08S+oRjkUTwBix+fvoZuitJZs=",
    "email": "cmubbs-system@test.com",
    "date_joined": "2015-11-17T14:45:09Z"
  },
  "model": "auth.user",
  "pk": 12
},
{
  "fields": {
    "username": "wanpiqiao",
    "first_name": "",
    "last_name": "",
    "is_active": true,
    "is_superuser": false,
    "is_staff": false,
    "last_login": "2015-11-22T23:01:59Z",
    "groups": [],
    "user_permissions": [],
    "password": "pbkdf2_sha256$20000$4hR38z2sdnny$dcr9nIROfkbHkt97ypJXIGut+RRZYrXGiq+m5ufhHtc=",
    "email": "wanpiqiao@gmail.com",
    "date_joined": "2015-11-22T23:01:59Z"
  },
  "model": "auth.user",
  "pk": 13
},
{
  "fields": {
    "username": "cmulq",
    "first_name": "",
    "last_name": "",
    "is_active": true,
    "is_superuser": false,
    "is_staff": false,
    "last_login": "2015-11-22T23:06:07Z",
    "groups": [],
    "user_permissions": [],
    "password": "pbkdf2_sha256$20000$IGnXoFseKHO2$nuvhELR0UfPnmVoLG46s17VRid5OXxfAvTWN2YE0MwE=",
    "email": "li1@andrew.cmu.edu",
    "date_joined": "2015-11-22T23:06:07Z"
  },
  "model": "auth.user",
  "pk": 14
},
{
  "fields": {
    "username": "immzz",
    "first_name": "",
    "last_name": "",
    "is_active": true,
    "is_superuser": false,
    "is_staff": false,
    "last_login": "2015-11-23T16:34:58Z",
    "groups": [],
    "user_permissions": [],
    "password": "pbkdf2_sha256$20000$LpzkKaqtGqml$JaPzPs/boIWid3yd75eFB3tsWhHq3OdrfrrgSps17hg=",
    "email": "zeostudio@gmail.com",
    "date_joined": "2015-11-23T16:34:58Z"
  },
  "model": "auth.user",
  "pk": 15
},
{
  "fields": {
    "username": "\u5e7c\u513f\u56ed\u5c0f\u9738\u738b",
    "first_name": "",
    "last_name": "",
    "is_active": true,
    "is_superuser": false,
    "is_staff": false,
    "last_login": "2015-11-23T17:35:01Z",
    "groups": [],
    "user_permissions": [],
    "password": "pbkdf2_sha256$20000$Jf9i11vgamz1$fDVgYjChRxm9PpCkLKo4OTPv5ZHyJIbNrIM9tAPMfeg=",
    "email": "pysunxiangyu@gmail.com",
    "date_joined": "2015-11-23T17:35:01Z"
  },
  "model": "auth.user",
  "pk": 16
},
{
  "fields": {
    "username": "lianguasth",
    "first_name": "",
    "last_name": "",
    "is_active": true,
    "is_superuser": false,
    "is_staff": false,
    "last_login": "2015-12-04T02:25:59Z",
    "groups": [],
    "user_permissions": [],
    "password": "pbkdf2_sha256$20000$0f28hKwcDAPJ$lr/vFoiz5v2gcgDIKbk0Z+IOxQ1XyokjD4TRh1yjXS0=",
    "email": "lianguasth@sina.com",
    "date_joined": "2015-11-23T17:35:03Z"
  },
  "model": "auth.user",
  "pk": 17
},
{
  "fields": {
    "username": "admin",
    "first_name": "",
    "last_name": "",
    "is_active": true,
    "is_superuser": false,
    "is_staff": false,
    "last_login": "2015-12-04T01:28:02Z",
    "groups": [],
    "user_permissions": [],
    "password": "pbkdf2_sha256$20000$J7ROHc6WDgMh$IeV/BY+AHAkvjDd73v4i0MpPyJxVvgdUWwWiNHQCfa8=",
    "email": "ap_lee@163.com",
    "date_joined": "2015-11-26T01:42:36Z"
  },
  "model": "auth.user",
  "pk": 18
},
{
  "fields": {
    "username": "MostHandsomeGuyInLTI",
    "first_name": "",
    "last_name": "",
    "is_active": true,
    "is_superuser": false,
    "is_staff": false,
    "last_login": "2015-12-06T03:44:28Z",
    "groups": [],
    "user_permissions": [],
    "password": "pbkdf2_sha256$20000$ggz2BOWftsQn$QodZaxHYiFPQnOxLx6n3Ag9WuDja2ORNpuj8Fx4yN2w=",
    "email": "firstprayer.zhang@gmail.com",
    "date_joined": "2015-11-27T21:18:24Z"
  },
  "model": "auth.user",
  "pk": 19
},
{
  "fields": {
    "username": "xvblack",
    "first_name": "",
    "last_name": "",
    "is_active": true,
    "is_superuser": false,
    "is_staff": false,
    "last_login": "2015-11-27T21:28:49Z",
    "groups": [],
    "user_permissions": [],
    "password": "pbkdf2_sha256$20000$qGnJptx4xcwr$JtjHLC7I+58A4hy6hVs2qJMlr1zg9eibbO+DQ8tz38Q=",
    "email": "chez@andrew.cmu.edu",
    "date_joined": "2015-11-27T21:28:49Z"
  },
  "model": "auth.user",
  "pk": 20
},
{
  "fields": {
    "username": "test23",
    "first_name": "",
    "last_name": "",
    "is_active": true,
    "is_superuser": false,
    "is_staff": false,
    "last_login": "2015-12-02T18:12:12Z",
    "groups": [],
    "user_permissions": [],
    "password": "pbkdf2_sha256$20000$RG15QvL2815P$T1PdGBI5j7joJWGTL++8YFHGIHHJDmzgkUFgKzvzXjg=",
    "email": "test23@test.com",
    "date_joined": "2015-12-02T18:12:12Z"
  },
  "model": "auth.user",
  "pk": 21
},
{
  "fields": {
    "username": "robot",
    "first_name": "",
    "last_name": "",
    "is_active": true,
    "is_superuser": false,
    "is_staff": false,
    "last_login": "2015-12-07T02:35:38Z",
    "groups": [],
    "user_permissions": [],
    "password": "pbkdf2_sha256$20000$CLQfYtz3k7Qk$4Qq+zp1w3WgpRPw7c3hxntirfDyiU+K46x0qHpw+HLg=",
    "email": "haha@gmail.com",
    "date_joined": "2015-12-02T18:12:28Z"
  },
  "model": "auth.user",
  "pk": 22
},
{
  "fields": {
    "username": "shicheng",
    "first_name": "",
    "last_name": "",
    "is_active": true,
    "is_superuser": false,
    "is_staff": false,
    "last_login": "2015-12-02T18:14:55Z",
    "groups": [],
    "user_permissions": [],
    "password": "pbkdf2_sha256$20000$c9hq5mpjZwFc$erLljrPpFHgaIMDmmlfG9tmSkw0T2aY6jQYdTulsFGA=",
    "email": "lightxuzju@gmail.com",
    "date_joined": "2015-12-02T18:14:54Z"
  },
  "model": "auth.user",
  "pk": 23
},
{
  "fields": {
    "username": "yy",
    "first_name": "",
    "last_name": "",
    "is_active": true,
    "is_superuser": false,
    "is_staff": false,
    "last_login": "2015-12-05T17:34:56Z",
    "groups": [],
    "user_permissions": [],
    "password": "pbkdf2_sha256$20000$SKWxahErVEMb$sTswKsjxtO5y7mZMKUx3VmuhEcGMPollP/hTSC4qda4=",
    "email": "yy@yy.com",
    "date_joined": "2015-12-04T00:35:03Z"
  },
  "model": "auth.user",
  "pk": 24
},
{
  "fields": {
    "username": "Riviera",
    "first_name": "",
    "last_name": "",
    "is_active": true,
    "is_superuser": false,
    "is_staff": false,
    "last_login": "2015-12-04T17:43:42Z",
    "groups": [],
    "user_permissions": [],
    "password": "pbkdf2_sha256$20000$lGVHBWqP24LF$s9gdQWf6gqqdxvxtGYq/J08toxpGphQJGSAxRYFpAV4=",
    "email": "heyilin1214@hotmail.com",
    "date_joined": "2015-12-04T17:43:42Z"
  },
  "model": "auth.user",
  "pk": 25
},
{
  "fields": {
    "username": "rcx",
    "first_name": "",
    "last_name": "",
    "is_active": true,
    "is_superuser": false,
    "is_staff": false,
    "last_login": "2015-12-04T18:22:15Z",
    "groups": [],
    "user_permissions": [],
    "password": "pbkdf2_sha256$20000$UxBsxSppPsGO$n3OjjPFyyBmB0s1j3zrPFszii8o1meccyGYP2dOzu6o=",
    "email": "ruochenx@gmail.com",
    "date_joined": "2015-12-04T18:22:15Z"
  },
  "model": "auth.user",
  "pk": 26
},
{
  "fields": {
    "username": "loono",
    "first_name": "",
    "last_name": "",
    "is_active": true,
    "is_superuser": false,
    "is_staff": false,
    "last_login": "2015-12-04T18:45:38Z",
    "groups": [],
    "user_permissions": [],
    "password": "pbkdf2_sha256$20000$HF9HG4Hzw3IR$u/m3htywSczpyW8NdJX+on7r36MLbHv8df/TXy/mDtE=",
    "email": "nanlinloono@gmail.com",
    "date_joined": "2015-12-04T18:44:23Z"
  },
  "model": "auth.user",
  "pk": 28
},
{
  "fields": {
    "username": "bowen fans",
    "first_name": "",
    "last_name": "",
    "is_active": true,
    "is_superuser": false,
    "is_staff": false,
    "last_login": "2015-12-04T18:46:44Z",
    "groups": [],
    "user_permissions": [],
    "password": "pbkdf2_sha256$20000$9vnLx9ROaOwJ$P5Q+/qT/e+qiQGRaucfs0xRV8c/ZcF+pur3IKngSRQg=",
    "email": "nanlinloonohaha@gmail.com",
    "date_joined": "2015-12-04T18:46:44Z"
  },
  "model": "auth.user",
  "pk": 29
},
{
  "fields": {
    "username": "bowen fans2",
    "first_name": "",
    "last_name": "",
    "is_active": true,
    "is_superuser": false,
    "is_staff": false,
    "last_login": "2015-12-04T18:47:33Z",
    "groups": [],
    "user_permissions": [],
    "password": "pbkdf2_sha256$20000$gjeiy03cM8MC$7fd6i7wD4EE5g3JzNgqZx2MMs9l76zVJwEDdriiyrmA=",
    "email": "nanlinhaha@gmail.com",
    "date_joined": "2015-12-04T18:47:32Z"
  },
  "model": "auth.user",
  "pk": 30
},
{
  "fields": {
    "username": "bowen fans3",
    "first_name": "",
    "last_name": "",
    "is_active": true,
    "is_superuser": false,
    "is_staff": false,
    "last_login": "2015-12-04T18:48:08Z",
    "groups": [],
    "user_permissions": [],
    "password": "pbkdf2_sha256$20000$1wS09xwIUbOt$yELZZq/ZJWBNLIsh/o6klkl3dHMgAlJ/T5tqH+S/S1I=",
    "email": "nanlinhehe@gmail.com",
    "date_joined": "2015-12-04T18:48:08Z"
  },
  "model": "auth.user",
  "pk": 31
},
{
  "fields": {
    "username": "bowenzhu",
    "first_name": "",
    "last_name": "",
    "is_active": true,
    "is_superuser": false,
    "is_staff": false,
    "last_login": "2015-12-04T22:03:05Z",
    "groups": [],
    "user_permissions": [],
    "password": "pbkdf2_sha256$20000$9bpA2TQfuhVz$1ROk2t84+ed0P7sPyN0ej7wV+nXixrg5gRngOpKHqZA=",
    "email": "bowenz@cmu.edu",
    "date_joined": "2015-12-04T18:50:10Z"
  },
  "model": "auth.user",
  "pk": 32
},
{
  "fields": {
    "username": "xiayuc",
    "first_name": "",
    "last_name": "",
    "is_active": true,
    "is_superuser": false,
    "is_staff": false,
    "last_login": "2015-12-04T21:45:30Z",
    "groups": [],
    "user_permissions": [],
    "password": "pbkdf2_sha256$20000$EMcsuVZ2Z4qm$f1FImOcV46N/Bte+brQFlDoORYectHkJFfpzBhlTh24=",
    "email": "ahcxy2010@163.com",
    "date_joined": "2015-12-04T21:40:32Z"
  },
  "model": "auth.user",
  "pk": 33
},
{
  "fields": {
    "username": "manjusaka077",
    "first_name": "",
    "last_name": "",
    "is_active": true,
    "is_superuser": false,
    "is_staff": false,
    "last_login": "2015-12-05T02:04:02Z",
    "groups": [],
    "user_permissions": [],
    "password": "pbkdf2_sha256$20000$LiejJ7nr0ze6$xcrCkQ1xeU1AohalvOFkBEPYQLESQIonOw5432SQtbQ=",
    "email": "manjusaka077@hotmail.com",
    "date_joined": "2015-12-05T02:04:02Z"
  },
  "model": "auth.user",
  "pk": 34
},
{
  "fields": {
    "username": "wy",
    "first_name": "",
    "last_name": "",
    "is_active": true,
    "is_superuser": false,
    "is_staff": false,
    "last_login": "2015-12-05T14:23:10Z",
    "groups": [],
    "user_permissions": [],
    "password": "pbkdf2_sha256$20000$FEWbCnY4cwUx$cJ7Y8R7xA6bz1p1A/WWo0o0pMruh+odVjixetpo0QLM=",
    "email": "xomr92@gmail.com",
    "date_joined": "2015-12-05T14:23:10Z"
  },
  "model": "auth.user",
  "pk": 35
},
{
  "fields": {
    "username": "biyemaijianbing",
    "first_name": "",
    "last_name": "",
    "is_active": true,
    "is_superuser": false,
    "is_staff": false,
    "last_login": "2015-12-05T19:51:32Z",
    "groups": [],
    "user_permissions": [],
    "password": "pbkdf2_sha256$20000$XM8WlLFSuApK$+MOnnj+p21Ht2/pYLqAWM5k2ZLKpDp2Xkqbk5Pl4PMc=",
    "email": "biyemaijianbing@gmail.com",
    "date_joined": "2015-12-05T19:51:32Z"
  },
  "model": "auth.user",
  "pk": 36
},
{
  "fields": {
    "username": "bowenfans",
    "first_name": "",
    "last_name": "",
    "is_active": true,
    "is_superuser": false,
    "is_staff": false,
    "last_login": "2015-12-05T20:00:51Z",
    "groups": [],
    "user_permissions": [],
    "password": "pbkdf2_sha256$20000$ilJdxho3pQvI$ZW2j3vMJeGryaU+Pp9rMGEEJJjNx1rTqvEU3t6WxIcw=",
    "email": "bowenfans@gmail.com",
    "date_joined": "2015-12-05T20:00:51Z"
  },
  "model": "auth.user",
  "pk": 37
},
{
  "fields": {
    "username": "chanllen",
    "first_name": "",
    "last_name": "",
    "is_active": true,
    "is_superuser": false,
    "is_staff": false,
    "last_login": "2015-12-05T20:23:03Z",
    "groups": [],
    "user_permissions": [],
    "password": "pbkdf2_sha256$20000$gsoL6SYu2PuG$iLe9KB+QJzrvzYJfG04V5q5/2Np6yez+eGetnEHLOFE=",
    "email": "buptca@gmail.com",
    "date_joined": "2015-12-05T20:23:03Z"
  },
  "model": "auth.user",
  "pk": 38
},
{
  "fields": {
    "username": "pigwall",
    "first_name": "",
    "last_name": "",
    "is_active": true,
    "is_superuser": false,
    "is_staff": false,
    "last_login": "2015-12-06T05:21:10Z",
    "groups": [],
    "user_permissions": [],
    "password": "pbkdf2_sha256$20000$D6gzsxwiY8Eb$MQodr4EY3eIP3MBhpkNErFvbKkkxskQDMnOqIZ0JXEM=",
    "email": "qiangzhu@andrew.cmu.edu",
    "date_joined": "2015-12-06T05:21:10Z"
  },
  "model": "auth.user",
  "pk": 39
},
{
  "fields": {
    "username": "kairuiz",
    "first_name": "",
    "last_name": "",
    "is_active": true,
    "is_superuser": false,
    "is_staff": false,
    "last_login": "2015-12-07T02:32:48Z",
    "groups": [],
    "user_permissions": [],
    "password": "pbkdf2_sha256$20000$sz2J6rsoCf1R$sAze/mpqhZGtj06kiCevyhyVm41J5t8Nu4GbhjmRETQ=",
    "email": "monsterkr99@163.com",
    "date_joined": "2015-12-07T02:21:43Z"
  },
  "model": "auth.user",
  "pk": 40
},
{
  "fields": {
    "expire_date": "2015-12-18T18:22:15Z",
    "session_data": "MjIzMWQxZmQ4NzZkYWZiYzZjN2Q0OTZkYmI3ZjEzOTZjNGFjYzk5MDp7Il9hdXRoX3VzZXJfaGFzaCI6ImM2MzEzMzQxNzViMTQ1MWY1OGZkYWQwNDQ4MGI5ZjVmYTA1NWQwNzkiLCJfYXV0aF91c2VyX2JhY2tlbmQiOiJkamFuZ28uY29udHJpYi5hdXRoLmJhY2tlbmRzLk1vZGVsQmFja2VuZCIsIl9hdXRoX3VzZXJfaWQiOiIyNiJ9"
  },
  "model": "sessions.session",
  "pk": "0gqor8wo3tcphmpebw7pt36k0emkbmen"
},
{
  "fields": {
    "expire_date": "2015-12-21T03:35:36Z",
    "session_data": "YWZkMmE4M2U1MmVmMTc4NGFjOWJhNDQxYzE1NTc0MDRkZmNmZjIwZTp7Il9hdXRoX3VzZXJfaGFzaCI6ImY2Yjg1MTA4ZGEwZTYwZjczZjA4MDZhZjJlMWZjNjAzZmI3NjdiOGQiLCJfYXV0aF91c2VyX2JhY2tlbmQiOiJkamFuZ28uY29udHJpYi5hdXRoLmJhY2tlbmRzLk1vZGVsQmFja2VuZCIsIl9hdXRoX3VzZXJfaWQiOiIzIn0="
  },
  "model": "sessions.session",
  "pk": "1b79o7jj5pitr6ke1gczv6pnr928z0oe"
},
{
  "fields": {
    "expire_date": "2015-11-25T03:08:38Z",
    "session_data": "MWRkYWQ3NzI4ODQ5N2ZkZWFmZDU3NDJmYzU4ZTFmMTU0M2I5NTZlYjp7Il9hdXRoX3VzZXJfaGFzaCI6IjQ2MmQ0M2JmZTgyOWU2ZTBmZWZmNDUxZjcxNjU0ZTdhOWZmNjFkYWYiLCJfYXV0aF91c2VyX2JhY2tlbmQiOiJkamFuZ28uY29udHJpYi5hdXRoLmJhY2tlbmRzLk1vZGVsQmFja2VuZCIsIl9hdXRoX3VzZXJfaWQiOiIyIn0="
  },
  "model": "sessions.session",
  "pk": "27zmzk69i4dc4q2qfg81gugxw2uvt5nx"
},
{
  "fields": {
    "expire_date": "2015-11-29T23:48:15Z",
    "session_data": "ZDNjNmVkNjM0M2Q5Y2U4NGM3YjczZGQwOTU2NmQ0MmNhNTExYTVlZDp7Il9hdXRoX3VzZXJfaGFzaCI6IjdiNWRiOTQ2ZDEyNzhmZDY3Y2E2NzhhMDk0NTc5YTYyMjU0MjRjMTgiLCJfYXV0aF91c2VyX2JhY2tlbmQiOiJkamFuZ28uY29udHJpYi5hdXRoLmJhY2tlbmRzLk1vZGVsQmFja2VuZCIsIl9hdXRoX3VzZXJfaWQiOiIxIn0="
  },
  "model": "sessions.session",
  "pk": "39i7u5iqt2ps06xnalk9tc2fmvgodngw"
},
{
  "fields": {
    "expire_date": "2015-12-18T21:46:04Z",
    "session_data": "ZDNjNmVkNjM0M2Q5Y2U4NGM3YjczZGQwOTU2NmQ0MmNhNTExYTVlZDp7Il9hdXRoX3VzZXJfaGFzaCI6IjdiNWRiOTQ2ZDEyNzhmZDY3Y2E2NzhhMDk0NTc5YTYyMjU0MjRjMTgiLCJfYXV0aF91c2VyX2JhY2tlbmQiOiJkamFuZ28uY29udHJpYi5hdXRoLmJhY2tlbmRzLk1vZGVsQmFja2VuZCIsIl9hdXRoX3VzZXJfaWQiOiIxIn0="
  },
  "model": "sessions.session",
  "pk": "3e87q8h5d5hzog8ndu43lbsm1a6mh04z"
},
{
  "fields": {
    "expire_date": "2015-11-18T09:43:09Z",
    "session_data": "M2IxMWY1MDY5N2ZiYzkzN2UyNTkyODFhMjkzMmY4ODU0MTZlMGZiZjp7Il9hdXRoX3VzZXJfaGFzaCI6IjhlOTBjZmZhMmUzNmUyYzVjNzk5OTJmNjFhMzU4MTFjZWE5NjY2ZmMiLCJfYXV0aF91c2VyX2JhY2tlbmQiOiJkamFuZ28uY29udHJpYi5hdXRoLmJhY2tlbmRzLk1vZGVsQmFja2VuZCIsIl9hdXRoX3VzZXJfaWQiOiIxIn0="
  },
  "model": "sessions.session",
  "pk": "3jnjwy5e18ef5nqat5xq485xpmx1x2vl"
},
{
  "fields": {
    "expire_date": "2015-11-30T02:41:35Z",
    "session_data": "ZDNjNmVkNjM0M2Q5Y2U4NGM3YjczZGQwOTU2NmQ0MmNhNTExYTVlZDp7Il9hdXRoX3VzZXJfaGFzaCI6IjdiNWRiOTQ2ZDEyNzhmZDY3Y2E2NzhhMDk0NTc5YTYyMjU0MjRjMTgiLCJfYXV0aF91c2VyX2JhY2tlbmQiOiJkamFuZ28uY29udHJpYi5hdXRoLmJhY2tlbmRzLk1vZGVsQmFja2VuZCIsIl9hdXRoX3VzZXJfaWQiOiIxIn0="
  },
  "model": "sessions.session",
  "pk": "3t1gb0lc6wsbpotix8oqc9gvypv0evir"
},
{
  "fields": {
    "expire_date": "2015-12-19T23:43:22Z",
    "session_data": "YWZkMmE4M2U1MmVmMTc4NGFjOWJhNDQxYzE1NTc0MDRkZmNmZjIwZTp7Il9hdXRoX3VzZXJfaGFzaCI6ImY2Yjg1MTA4ZGEwZTYwZjczZjA4MDZhZjJlMWZjNjAzZmI3NjdiOGQiLCJfYXV0aF91c2VyX2JhY2tlbmQiOiJkamFuZ28uY29udHJpYi5hdXRoLmJhY2tlbmRzLk1vZGVsQmFja2VuZCIsIl9hdXRoX3VzZXJfaWQiOiIzIn0="
  },
  "model": "sessions.session",
  "pk": "41jvdqne5cx9dtpe5t8s520lwc28p7hc"
},
{
  "fields": {
    "expire_date": "2015-12-20T09:54:40Z",
    "session_data": "ZDNjNmVkNjM0M2Q5Y2U4NGM3YjczZGQwOTU2NmQ0MmNhNTExYTVlZDp7Il9hdXRoX3VzZXJfaGFzaCI6IjdiNWRiOTQ2ZDEyNzhmZDY3Y2E2NzhhMDk0NTc5YTYyMjU0MjRjMTgiLCJfYXV0aF91c2VyX2JhY2tlbmQiOiJkamFuZ28uY29udHJpYi5hdXRoLmJhY2tlbmRzLk1vZGVsQmFja2VuZCIsIl9hdXRoX3VzZXJfaWQiOiIxIn0="
  },
  "model": "sessions.session",
  "pk": "4atsua5yfwboqqma3s6mkqol0w7xwbc0"
},
{
  "fields": {
    "expire_date": "2015-12-10T20:59:42Z",
    "session_data": "YWZkMmE4M2U1MmVmMTc4NGFjOWJhNDQxYzE1NTc0MDRkZmNmZjIwZTp7Il9hdXRoX3VzZXJfaGFzaCI6ImY2Yjg1MTA4ZGEwZTYwZjczZjA4MDZhZjJlMWZjNjAzZmI3NjdiOGQiLCJfYXV0aF91c2VyX2JhY2tlbmQiOiJkamFuZ28uY29udHJpYi5hdXRoLmJhY2tlbmRzLk1vZGVsQmFja2VuZCIsIl9hdXRoX3VzZXJfaWQiOiIzIn0="
  },
  "model": "sessions.session",
  "pk": "4hchma5kuhdlkcpjtjmqltgycf1ysh6h"
},
{
  "fields": {
    "expire_date": "2015-12-01T02:47:29Z",
    "session_data": "YWZkMmE4M2U1MmVmMTc4NGFjOWJhNDQxYzE1NTc0MDRkZmNmZjIwZTp7Il9hdXRoX3VzZXJfaGFzaCI6ImY2Yjg1MTA4ZGEwZTYwZjczZjA4MDZhZjJlMWZjNjAzZmI3NjdiOGQiLCJfYXV0aF91c2VyX2JhY2tlbmQiOiJkamFuZ28uY29udHJpYi5hdXRoLmJhY2tlbmRzLk1vZGVsQmFja2VuZCIsIl9hdXRoX3VzZXJfaWQiOiIzIn0="
  },
  "model": "sessions.session",
  "pk": "51hg46j0mklqpcn6xb5at61g7wt91klz"
},
{
  "fields": {
    "expire_date": "2015-12-19T20:23:03Z",
    "session_data": "ZjIwMjQ3Y2E4MTk2OThjMDFjYTgzNWRkZjExZGVlY2MwMjYzODk2NDp7Il9hdXRoX3VzZXJfaGFzaCI6IjVjZTkwNWJmNjAxMTBkMjM5NjVmYTM1YjVjM2M4ZTEzYzNhOGYyMjciLCJfYXV0aF91c2VyX2JhY2tlbmQiOiJkamFuZ28uY29udHJpYi5hdXRoLmJhY2tlbmRzLk1vZGVsQmFja2VuZCIsIl9hdXRoX3VzZXJfaWQiOiIzOCJ9"
  },
  "model": "sessions.session",
  "pk": "58mmelqq14nvme9wawjt1uqqiqw4ri9t"
},
{
  "fields": {
    "expire_date": "2015-12-21T02:21:43Z",
    "session_data": "N2YxMGUzYzljNDFmMGEzZWUxYzFmYmQ2N2NhOWQxZDkzYTAyNzU5ODp7Il9hdXRoX3VzZXJfaGFzaCI6ImQ0NGY5OTRhYzI5YWE1NDYzYzA0MWY5MTFkNDhjOTY5MWJkOGNkN2QiLCJfYXV0aF91c2VyX2JhY2tlbmQiOiJkamFuZ28uY29udHJpYi5hdXRoLmJhY2tlbmRzLk1vZGVsQmFja2VuZCIsIl9hdXRoX3VzZXJfaWQiOiI0MCJ9"
  },
  "model": "sessions.session",
  "pk": "5xl8p03r8yeyt2vw7op1nqmsntjd79w7"
},
{
  "fields": {
    "expire_date": "2015-12-06T23:01:59Z",
    "session_data": "NjhmYmRjM2MyMzNhMmYwYTM0ZjY2ZDU1YWRjMjQ2MmMwZmE2MDUzMjp7Il9hdXRoX3VzZXJfaGFzaCI6IjIxYmI1ZGI3NTlmNDg1NDkwZDRmNTgwZGQzYzBkM2VkMTg5NzQ0NTciLCJfYXV0aF91c2VyX2JhY2tlbmQiOiJkamFuZ28uY29udHJpYi5hdXRoLmJhY2tlbmRzLk1vZGVsQmFja2VuZCIsIl9hdXRoX3VzZXJfaWQiOiIxMyJ9"
  },
  "model": "sessions.session",
  "pk": "65p8v5rjf3u7vq3gilt08e66x78eo8oi"
},
{
  "fields": {
    "expire_date": "2015-12-18T00:34:07Z",
    "session_data": "NGE3MGJjY2ViZDBkNTUwYWU2ZTU1Yzc3NWQ2NjZlMzE2YmExZWY2Nzp7Il9hdXRoX3VzZXJfaGFzaCI6ImNiMjRjMGFiN2MxMzQwNjg0NTA0NjAxOTJjYzYxMGVhMjAwN2JlNDQiLCJfYXV0aF91c2VyX2JhY2tlbmQiOiJkamFuZ28uY29udHJpYi5hdXRoLmJhY2tlbmRzLk1vZGVsQmFja2VuZCIsIl9hdXRoX3VzZXJfaWQiOiIxOCJ9"
  },
  "model": "sessions.session",
  "pk": "6fqn741zy7h4apm8mtsyqr7mivkrv8ka"
},
{
  "fields": {
    "expire_date": "2015-12-10T01:42:36Z",
    "session_data": "NGE3MGJjY2ViZDBkNTUwYWU2ZTU1Yzc3NWQ2NjZlMzE2YmExZWY2Nzp7Il9hdXRoX3VzZXJfaGFzaCI6ImNiMjRjMGFiN2MxMzQwNjg0NTA0NjAxOTJjYzYxMGVhMjAwN2JlNDQiLCJfYXV0aF91c2VyX2JhY2tlbmQiOiJkamFuZ28uY29udHJpYi5hdXRoLmJhY2tlbmRzLk1vZGVsQmFja2VuZCIsIl9hdXRoX3VzZXJfaWQiOiIxOCJ9"
  },
  "model": "sessions.session",
  "pk": "6fuiz0qgvjjf47plxsbaku7bhhljht29"
},
{
  "fields": {
    "expire_date": "2015-11-19T03:46:23Z",
    "session_data": "MWRkYWQ3NzI4ODQ5N2ZkZWFmZDU3NDJmYzU4ZTFmMTU0M2I5NTZlYjp7Il9hdXRoX3VzZXJfaGFzaCI6IjQ2MmQ0M2JmZTgyOWU2ZTBmZWZmNDUxZjcxNjU0ZTdhOWZmNjFkYWYiLCJfYXV0aF91c2VyX2JhY2tlbmQiOiJkamFuZ28uY29udHJpYi5hdXRoLmJhY2tlbmRzLk1vZGVsQmFja2VuZCIsIl9hdXRoX3VzZXJfaWQiOiIyIn0="
  },
  "model": "sessions.session",
  "pk": "6i2r7ja7rub4tbp06btox9450pmqsyzu"
},
{
  "fields": {
    "expire_date": "2015-12-20T01:53:17Z",
    "session_data": "MWRkYWQ3NzI4ODQ5N2ZkZWFmZDU3NDJmYzU4ZTFmMTU0M2I5NTZlYjp7Il9hdXRoX3VzZXJfaGFzaCI6IjQ2MmQ0M2JmZTgyOWU2ZTBmZWZmNDUxZjcxNjU0ZTdhOWZmNjFkYWYiLCJfYXV0aF91c2VyX2JhY2tlbmQiOiJkamFuZ28uY29udHJpYi5hdXRoLmJhY2tlbmRzLk1vZGVsQmFja2VuZCIsIl9hdXRoX3VzZXJfaWQiOiIyIn0="
  },
  "model": "sessions.session",
  "pk": "6wfp8wdkwhxgcokb8uoh48a3ve6tmhea"
},
{
  "fields": {
    "expire_date": "2015-12-18T18:44:23Z",
    "session_data": "YTc5Y2Y1YTNlMjQ0YTc1ZWJlMDY0ZWVlMzdhZmE1NWJkZmFkZTE1Yzp7Il9hdXRoX3VzZXJfaGFzaCI6IjhlOGUwZTcxYjgyNzgwZWU4MTNiZGNhYzI4MGNhMDIxZTdlMzBlZTUiLCJfYXV0aF91c2VyX2JhY2tlbmQiOiJkamFuZ28uY29udHJpYi5hdXRoLmJhY2tlbmRzLk1vZGVsQmFja2VuZCIsIl9hdXRoX3VzZXJfaWQiOiIyOCJ9"
  },
  "model": "sessions.session",
  "pk": "71v1ey4lsp0iaymaxcmi0clpsy9jmios"
},
{
  "fields": {
    "expire_date": "2015-12-07T13:01:09Z",
    "session_data": "ZDNjNmVkNjM0M2Q5Y2U4NGM3YjczZGQwOTU2NmQ0MmNhNTExYTVlZDp7Il9hdXRoX3VzZXJfaGFzaCI6IjdiNWRiOTQ2ZDEyNzhmZDY3Y2E2NzhhMDk0NTc5YTYyMjU0MjRjMTgiLCJfYXV0aF91c2VyX2JhY2tlbmQiOiJkamFuZ28uY29udHJpYi5hdXRoLmJhY2tlbmRzLk1vZGVsQmFja2VuZCIsIl9hdXRoX3VzZXJfaWQiOiIxIn0="
  },
  "model": "sessions.session",
  "pk": "760e6pyk64a6yv8588b8rd5rm1xbjqti"
},
{
  "fields": {
    "expire_date": "2015-11-19T16:40:49Z",
    "session_data": "YWZkMmE4M2U1MmVmMTc4NGFjOWJhNDQxYzE1NTc0MDRkZmNmZjIwZTp7Il9hdXRoX3VzZXJfaGFzaCI6ImY2Yjg1MTA4ZGEwZTYwZjczZjA4MDZhZjJlMWZjNjAzZmI3NjdiOGQiLCJfYXV0aF91c2VyX2JhY2tlbmQiOiJkamFuZ28uY29udHJpYi5hdXRoLmJhY2tlbmRzLk1vZGVsQmFja2VuZCIsIl9hdXRoX3VzZXJfaWQiOiIzIn0="
  },
  "model": "sessions.session",
  "pk": "80fizndzx912rjodhctuk2ng7rw9qlii"
},
{
  "fields": {
    "expire_date": "2015-11-26T03:44:02Z",
    "session_data": "MWRkYWQ3NzI4ODQ5N2ZkZWFmZDU3NDJmYzU4ZTFmMTU0M2I5NTZlYjp7Il9hdXRoX3VzZXJfaGFzaCI6IjQ2MmQ0M2JmZTgyOWU2ZTBmZWZmNDUxZjcxNjU0ZTdhOWZmNjFkYWYiLCJfYXV0aF91c2VyX2JhY2tlbmQiOiJkamFuZ28uY29udHJpYi5hdXRoLmJhY2tlbmRzLk1vZGVsQmFja2VuZCIsIl9hdXRoX3VzZXJfaWQiOiIyIn0="
  },
  "model": "sessions.session",
  "pk": "8abahbang96mpdbiqz4w6gr75dl5ubck"
},
{
  "fields": {
    "expire_date": "2015-12-21T02:27:00Z",
    "session_data": "YWZkMmE4M2U1MmVmMTc4NGFjOWJhNDQxYzE1NTc0MDRkZmNmZjIwZTp7Il9hdXRoX3VzZXJfaGFzaCI6ImY2Yjg1MTA4ZGEwZTYwZjczZjA4MDZhZjJlMWZjNjAzZmI3NjdiOGQiLCJfYXV0aF91c2VyX2JhY2tlbmQiOiJkamFuZ28uY29udHJpYi5hdXRoLmJhY2tlbmRzLk1vZGVsQmFja2VuZCIsIl9hdXRoX3VzZXJfaWQiOiIzIn0="
  },
  "model": "sessions.session",
  "pk": "9tlhawhrfuy2k27f029wlnzwufep4qzu"
},
{
  "fields": {
    "expire_date": "2015-12-18T17:43:42Z",
    "session_data": "OGU0YjkwYTM2MzIyNDgyOWZjNGIyM2ZlMzYwNjQ2ZjQwMTg5ODdiYzp7Il9hdXRoX3VzZXJfaGFzaCI6IjZmZTFjODZjZWJjMjljNThhMGQxODc1ZGRjNDQyY2U1ODc1YjlkMTQiLCJfYXV0aF91c2VyX2JhY2tlbmQiOiJkamFuZ28uY29udHJpYi5hdXRoLmJhY2tlbmRzLk1vZGVsQmFja2VuZCIsIl9hdXRoX3VzZXJfaWQiOiIyNSJ9"
  },
  "model": "sessions.session",
  "pk": "bbqrbwcaav9n9osmzb8wlm6zsnsw23fp"
},
{
  "fields": {
    "expire_date": "2015-11-19T20:54:49Z",
    "session_data": "YWZkMmE4M2U1MmVmMTc4NGFjOWJhNDQxYzE1NTc0MDRkZmNmZjIwZTp7Il9hdXRoX3VzZXJfaGFzaCI6ImY2Yjg1MTA4ZGEwZTYwZjczZjA4MDZhZjJlMWZjNjAzZmI3NjdiOGQiLCJfYXV0aF91c2VyX2JhY2tlbmQiOiJkamFuZ28uY29udHJpYi5hdXRoLmJhY2tlbmRzLk1vZGVsQmFja2VuZCIsIl9hdXRoX3VzZXJfaWQiOiIzIn0="
  },
  "model": "sessions.session",
  "pk": "bcbpazbec2buel3x9fkjaptnnmuufvmz"
},
{
  "fields": {
    "expire_date": "2015-12-11T20:53:31Z",
    "session_data": "OWMzNWFmYzk4MjAyNzE0NjM1MDFkMDc5NjA2NTEzZTY1ZTVlNzMxNzp7Il9hdXRoX3VzZXJfaGFzaCI6ImZkYjAzMTU1YTNiZGRjMzdjOWMzNjAwOThkZGJmMjQ5N2NkOGE0OTUiLCJfYXV0aF91c2VyX2JhY2tlbmQiOiJkamFuZ28uY29udHJpYi5hdXRoLmJhY2tlbmRzLk1vZGVsQmFja2VuZCIsIl9hdXRoX3VzZXJfaWQiOiIxNyJ9"
  },
  "model": "sessions.session",
  "pk": "bworh8871i97twgkd1zgwl6d6yis0cgn"
},
{
  "fields": {
    "expire_date": "2015-12-07T16:34:58Z",
    "session_data": "OWU1MTc1ODc2MWNkY2NkYzdmZDk0YmE3NGE3MTIyNzYzNjZhNjIxODp7Il9hdXRoX3VzZXJfaGFzaCI6ImFkYzhmY2U0M2ZiMzgxMjYyMjFjYjg4ZjgyZmE3ZmE5MTY5ZTVjOWQiLCJfYXV0aF91c2VyX2JhY2tlbmQiOiJkamFuZ28uY29udHJpYi5hdXRoLmJhY2tlbmRzLk1vZGVsQmFja2VuZCIsIl9hdXRoX3VzZXJfaWQiOiIxNSJ9"
  },
  "model": "sessions.session",
  "pk": "c9fhnugu119m1e4umiq13x6ry96rdi94"
},
{
  "fields": {
    "expire_date": "2015-11-20T11:06:40Z",
    "session_data": "OGUyODUwNjVmNWVkZWQ4OGNmNzJmMGVlNzYxMmMyN2VmMjM5YzA1ZTp7Il9hdXRoX3VzZXJfaGFzaCI6ImU1OTBjMjBmMTYyOTJjZTI2NDQ1MDkwNTk0MDRmMjAwNDNkMmFmYmUiLCJfYXV0aF91c2VyX2JhY2tlbmQiOiJkamFuZ28uY29udHJpYi5hdXRoLmJhY2tlbmRzLk1vZGVsQmFja2VuZCIsIl9hdXRoX3VzZXJfaWQiOiIxMSJ9"
  },
  "model": "sessions.session",
  "pk": "d6qfdf3gvw2y6zf258h0ieepsz37rvs3"
},
{
  "fields": {
    "expire_date": "2015-12-20T20:12:38Z",
    "session_data": "MWRkYWQ3NzI4ODQ5N2ZkZWFmZDU3NDJmYzU4ZTFmMTU0M2I5NTZlYjp7Il9hdXRoX3VzZXJfaGFzaCI6IjQ2MmQ0M2JmZTgyOWU2ZTBmZWZmNDUxZjcxNjU0ZTdhOWZmNjFkYWYiLCJfYXV0aF91c2VyX2JhY2tlbmQiOiJkamFuZ28uY29udHJpYi5hdXRoLmJhY2tlbmRzLk1vZGVsQmFja2VuZCIsIl9hdXRoX3VzZXJfaWQiOiIyIn0="
  },
  "model": "sessions.session",
  "pk": "dct9j5kq7fm8l192e8vkay0e7ep74713"
},
{
  "fields": {
    "expire_date": "2015-12-19T02:04:02Z",
    "session_data": "ZDhmZGRhNmFhMDE4NjcyMWZhNTM4ZGU2OGQyYjhkYzI5OWM3NjRkMzp7Il9hdXRoX3VzZXJfaGFzaCI6ImMzZGU2MjVhN2RhNThjMGI1YzEzN2NiYWY4OWUyYzBjNjExMzIyNTciLCJfYXV0aF91c2VyX2JhY2tlbmQiOiJkamFuZ28uY29udHJpYi5hdXRoLmJhY2tlbmRzLk1vZGVsQmFja2VuZCIsIl9hdXRoX3VzZXJfaWQiOiIzNCJ9"
  },
  "model": "sessions.session",
  "pk": "fq1bza6yl1zi7o6az8taicsgorsvhks5"
},
{
  "fields": {
    "expire_date": "2015-12-18T17:58:24Z",
    "session_data": "YzA4ZjJkNzMyNmYwZDg5MWZhZDExOTZhMzY5MDVjYTU4ZmJhMDAyYjp7Il9hdXRoX3VzZXJfaGFzaCI6IjkwMWVjN2NiNWY3ZTU5ZDMxYmUzNDA4MzkwZWJkYmY2NWY4ZTI0MjMiLCJfYXV0aF91c2VyX2JhY2tlbmQiOiJkamFuZ28uY29udHJpYi5hdXRoLmJhY2tlbmRzLk1vZGVsQmFja2VuZCIsIl9hdXRoX3VzZXJfaWQiOiIyNCJ9"
  },
  "model": "sessions.session",
  "pk": "g0f2qrjokkovhdl16ean8qkanfjy05eh"
},
{
  "fields": {
    "expire_date": "2015-11-23T00:33:40Z",
    "session_data": "OTE0OGUwOGU4OTg0NzdkOTcwMjkyM2EwNzdkYjc4MmMyMjE2M2FkMzp7Il9hdXRoX3VzZXJfaGFzaCI6Ijc5YWYzNTA3ODFjMTBmNTdkNzJhMGQzODc5NTViOTBjMzBjYzUyNGEiLCJfYXV0aF91c2VyX2JhY2tlbmQiOiJkamFuZ28uY29udHJpYi5hdXRoLmJhY2tlbmRzLk1vZGVsQmFja2VuZCIsIl9hdXRoX3VzZXJfaWQiOiI3In0="
  },
  "model": "sessions.session",
  "pk": "g0wdsavwn1tzr27038g8r1s1he78khr5"
},
{
  "fields": {
    "expire_date": "2015-12-18T02:21:32Z",
    "session_data": "OGUyODUwNjVmNWVkZWQ4OGNmNzJmMGVlNzYxMmMyN2VmMjM5YzA1ZTp7Il9hdXRoX3VzZXJfaGFzaCI6ImU1OTBjMjBmMTYyOTJjZTI2NDQ1MDkwNTk0MDRmMjAwNDNkMmFmYmUiLCJfYXV0aF91c2VyX2JhY2tlbmQiOiJkamFuZ28uY29udHJpYi5hdXRoLmJhY2tlbmRzLk1vZGVsQmFja2VuZCIsIl9hdXRoX3VzZXJfaWQiOiIxMSJ9"
  },
  "model": "sessions.session",
  "pk": "g1pcm4e5ao6wdxneyy3hglc8fr05j9tz"
},
{
  "fields": {
    "expire_date": "2015-12-04T04:49:37Z",
    "session_data": "MWRkYWQ3NzI4ODQ5N2ZkZWFmZDU3NDJmYzU4ZTFmMTU0M2I5NTZlYjp7Il9hdXRoX3VzZXJfaGFzaCI6IjQ2MmQ0M2JmZTgyOWU2ZTBmZWZmNDUxZjcxNjU0ZTdhOWZmNjFkYWYiLCJfYXV0aF91c2VyX2JhY2tlbmQiOiJkamFuZ28uY29udHJpYi5hdXRoLmJhY2tlbmRzLk1vZGVsQmFja2VuZCIsIl9hdXRoX3VzZXJfaWQiOiIyIn0="
  },
  "model": "sessions.session",
  "pk": "gzzjkkq8q1bawnq4f9x89zr59ot1rglj"
},
{
  "fields": {
    "expire_date": "2015-11-30T05:47:42Z",
    "session_data": "ZDNjNmVkNjM0M2Q5Y2U4NGM3YjczZGQwOTU2NmQ0MmNhNTExYTVlZDp7Il9hdXRoX3VzZXJfaGFzaCI6IjdiNWRiOTQ2ZDEyNzhmZDY3Y2E2NzhhMDk0NTc5YTYyMjU0MjRjMTgiLCJfYXV0aF91c2VyX2JhY2tlbmQiOiJkamFuZ28uY29udHJpYi5hdXRoLmJhY2tlbmRzLk1vZGVsQmFja2VuZCIsIl9hdXRoX3VzZXJfaWQiOiIxIn0="
  },
  "model": "sessions.session",
  "pk": "h6nb9cpkr7bbeb1vkk323dw5azecjz9y"
},
{
  "fields": {
    "expire_date": "2015-11-20T06:45:19Z",
    "session_data": "M2IxMWY1MDY5N2ZiYzkzN2UyNTkyODFhMjkzMmY4ODU0MTZlMGZiZjp7Il9hdXRoX3VzZXJfaGFzaCI6IjhlOTBjZmZhMmUzNmUyYzVjNzk5OTJmNjFhMzU4MTFjZWE5NjY2ZmMiLCJfYXV0aF91c2VyX2JhY2tlbmQiOiJkamFuZ28uY29udHJpYi5hdXRoLmJhY2tlbmRzLk1vZGVsQmFja2VuZCIsIl9hdXRoX3VzZXJfaWQiOiIxIn0="
  },
  "model": "sessions.session",
  "pk": "hnili3vl2wg6uhmt634z4z0kl00ppv8e"
},
{
  "fields": {
    "expire_date": "2015-12-20T05:21:10Z",
    "session_data": "MmMzYWJkMjAzYjNkYWY5NDRhMWE2ZTM1Y2RiMDE2MTY5OGIxYmU1NTp7Il9hdXRoX3VzZXJfaGFzaCI6IjQxODI2NDkwMTIyMjlkMDEzM2JmYjlmZmNlNWQwNzkzYjg3YzBlMGIiLCJfYXV0aF91c2VyX2JhY2tlbmQiOiJkamFuZ28uY29udHJpYi5hdXRoLmJhY2tlbmRzLk1vZGVsQmFja2VuZCIsIl9hdXRoX3VzZXJfaWQiOiIzOSJ9"
  },
  "model": "sessions.session",
  "pk": "hvzo5chfcjm98hdf2ikq4fvp6yumqve8"
},
{
  "fields": {
    "expire_date": "2015-11-30T15:25:02Z",
    "session_data": "YWZkMmE4M2U1MmVmMTc4NGFjOWJhNDQxYzE1NTc0MDRkZmNmZjIwZTp7Il9hdXRoX3VzZXJfaGFzaCI6ImY2Yjg1MTA4ZGEwZTYwZjczZjA4MDZhZjJlMWZjNjAzZmI3NjdiOGQiLCJfYXV0aF91c2VyX2JhY2tlbmQiOiJkamFuZ28uY29udHJpYi5hdXRoLmJhY2tlbmRzLk1vZGVsQmFja2VuZCIsIl9hdXRoX3VzZXJfaWQiOiIzIn0="
  },
  "model": "sessions.session",
  "pk": "iv0s32f89rch13r2rt6zp7d9w7cy4bd0"
},
{
  "fields": {
    "expire_date": "2015-12-21T01:38:54Z",
    "session_data": "YWZkMmE4M2U1MmVmMTc4NGFjOWJhNDQxYzE1NTc0MDRkZmNmZjIwZTp7Il9hdXRoX3VzZXJfaGFzaCI6ImY2Yjg1MTA4ZGEwZTYwZjczZjA4MDZhZjJlMWZjNjAzZmI3NjdiOGQiLCJfYXV0aF91c2VyX2JhY2tlbmQiOiJkamFuZ28uY29udHJpYi5hdXRoLmJhY2tlbmRzLk1vZGVsQmFja2VuZCIsIl9hdXRoX3VzZXJfaWQiOiIzIn0="
  },
  "model": "sessions.session",
  "pk": "jpmax791qv9ygk64k70nbrpwj2wg1jl9"
},
{
  "fields": {
    "expire_date": "2015-11-23T01:34:59Z",
    "session_data": "YWZkMmE4M2U1MmVmMTc4NGFjOWJhNDQxYzE1NTc0MDRkZmNmZjIwZTp7Il9hdXRoX3VzZXJfaGFzaCI6ImY2Yjg1MTA4ZGEwZTYwZjczZjA4MDZhZjJlMWZjNjAzZmI3NjdiOGQiLCJfYXV0aF91c2VyX2JhY2tlbmQiOiJkamFuZ28uY29udHJpYi5hdXRoLmJhY2tlbmRzLk1vZGVsQmFja2VuZCIsIl9hdXRoX3VzZXJfaWQiOiIzIn0="
  },
  "model": "sessions.session",
  "pk": "kk7jkkov0fjgleobfq6h3uk8ezf59q6x"
},
{
  "fields": {
    "expire_date": "2015-12-16T18:14:55Z",
    "session_data": "ZTA4NTk5ZmRjN2EwYTgxNGVjMWU1ZDk4YmQxMWRjOWE2NGNkNjdhNTp7Il9hdXRoX3VzZXJfaGFzaCI6IjYyODZiNjBkM2VlYzNjMGUxNDE4Nzk1NGFhYjM1YjNhMmEyNjRlNTMiLCJfYXV0aF91c2VyX2JhY2tlbmQiOiJkamFuZ28uY29udHJpYi5hdXRoLmJhY2tlbmRzLk1vZGVsQmFja2VuZCIsIl9hdXRoX3VzZXJfaWQiOiIyMyJ9"
  },
  "model": "sessions.session",
  "pk": "kxr9n9cssepjhosg3aui2dx30bvqqqn4"
},
{
  "fields": {
    "expire_date": "2015-12-19T23:37:12Z",
    "session_data": "YWZkMmE4M2U1MmVmMTc4NGFjOWJhNDQxYzE1NTc0MDRkZmNmZjIwZTp7Il9hdXRoX3VzZXJfaGFzaCI6ImY2Yjg1MTA4ZGEwZTYwZjczZjA4MDZhZjJlMWZjNjAzZmI3NjdiOGQiLCJfYXV0aF91c2VyX2JhY2tlbmQiOiJkamFuZ28uY29udHJpYi5hdXRoLmJhY2tlbmRzLk1vZGVsQmFja2VuZCIsIl9hdXRoX3VzZXJfaWQiOiIzIn0="
  },
  "model": "sessions.session",
  "pk": "l2mh5ghpvfptau3oq4b0vy5aeiizqvab"
},
{
  "fields": {
    "expire_date": "2015-12-18T22:03:05Z",
    "session_data": "MjAyZTMzZGMyNjU4NzlmMjVlMjBiZjA3MTkxNTgxZGM2OGJkNDViNjp7Il9hdXRoX3VzZXJfaGFzaCI6ImZlZGE4YWE2NjU0MjgzZDZmNzI4Zjk5ZTZjMThjMGQwNGJiNzkyN2MiLCJfYXV0aF91c2VyX2JhY2tlbmQiOiJkamFuZ28uY29udHJpYi5hdXRoLmJhY2tlbmRzLk1vZGVsQmFja2VuZCIsIl9hdXRoX3VzZXJfaWQiOiIzMiJ9"
  },
  "model": "sessions.session",
  "pk": "m932o38ke8w5a8al1zdh59asc95mcgi0"
},
{
  "fields": {
    "expire_date": "2015-12-07T17:35:01Z",
    "session_data": "ODcyMTEyM2QyMmExNzFjYTA0ODVjZjliYmE5NDNjZmRlNjcxNmI1MTp7Il9hdXRoX3VzZXJfaGFzaCI6IjQwODc1NWE1YjkxMWE0OGU1N2E4MmQwNzNkNzQxODAxYWQ1NmYwMzQiLCJfYXV0aF91c2VyX2JhY2tlbmQiOiJkamFuZ28uY29udHJpYi5hdXRoLmJhY2tlbmRzLk1vZGVsQmFja2VuZCIsIl9hdXRoX3VzZXJfaWQiOiIxNiJ9"
  },
  "model": "sessions.session",
  "pk": "nchcoe4enkl4as925jm0gw03slizbtgq"
},
{
  "fields": {
    "expire_date": "2015-12-21T05:35:50Z",
    "session_data": "ZDNjNmVkNjM0M2Q5Y2U4NGM3YjczZGQwOTU2NmQ0MmNhNTExYTVlZDp7Il9hdXRoX3VzZXJfaGFzaCI6IjdiNWRiOTQ2ZDEyNzhmZDY3Y2E2NzhhMDk0NTc5YTYyMjU0MjRjMTgiLCJfYXV0aF91c2VyX2JhY2tlbmQiOiJkamFuZ28uY29udHJpYi5hdXRoLmJhY2tlbmRzLk1vZGVsQmFja2VuZCIsIl9hdXRoX3VzZXJfaWQiOiIxIn0="
  },
  "model": "sessions.session",
  "pk": "nnywk3wu9r9pt77rqxdr5kvw910uz0pz"
},
{
  "fields": {
    "expire_date": "2015-11-28T12:02:53Z",
    "session_data": "ZDNjNmVkNjM0M2Q5Y2U4NGM3YjczZGQwOTU2NmQ0MmNhNTExYTVlZDp7Il9hdXRoX3VzZXJfaGFzaCI6IjdiNWRiOTQ2ZDEyNzhmZDY3Y2E2NzhhMDk0NTc5YTYyMjU0MjRjMTgiLCJfYXV0aF91c2VyX2JhY2tlbmQiOiJkamFuZ28uY29udHJpYi5hdXRoLmJhY2tlbmRzLk1vZGVsQmFja2VuZCIsIl9hdXRoX3VzZXJfaWQiOiIxIn0="
  },
  "model": "sessions.session",
  "pk": "nzung906kwqyz2v5t638wfv40nq5hesd"
},
{
  "fields": {
    "expire_date": "2015-12-18T18:50:10Z",
    "session_data": "MjAyZTMzZGMyNjU4NzlmMjVlMjBiZjA3MTkxNTgxZGM2OGJkNDViNjp7Il9hdXRoX3VzZXJfaGFzaCI6ImZlZGE4YWE2NjU0MjgzZDZmNzI4Zjk5ZTZjMThjMGQwNGJiNzkyN2MiLCJfYXV0aF91c2VyX2JhY2tlbmQiOiJkamFuZ28uY29udHJpYi5hdXRoLmJhY2tlbmRzLk1vZGVsQmFja2VuZCIsIl9hdXRoX3VzZXJfaWQiOiIzMiJ9"
  },
  "model": "sessions.session",
  "pk": "ok1sgxkv2iz60u2h1dpne9f0179dzrkt"
},
{
  "fields": {
    "expire_date": "2015-12-11T21:28:49Z",
    "session_data": "OGJjZWJhMDAyZGIzMmM1MThjM2QwYmQwMmEzOWQ0OGFjYTA3ZmQwODp7Il9hdXRoX3VzZXJfaGFzaCI6IjQ0MjA1NThmZTM0YzY4ODdhY2MzZGI4MjllMTEyMGRiMzA3ZDY0MTAiLCJfYXV0aF91c2VyX2JhY2tlbmQiOiJkamFuZ28uY29udHJpYi5hdXRoLmJhY2tlbmRzLk1vZGVsQmFja2VuZCIsIl9hdXRoX3VzZXJfaWQiOiIyMCJ9"
  },
  "model": "sessions.session",
  "pk": "osf0s3mqxcvynci5gyqptfgb1rbbtvcs"
},
{
  "fields": {
    "expire_date": "2015-12-03T16:49:48Z",
    "session_data": "YWZkMmE4M2U1MmVmMTc4NGFjOWJhNDQxYzE1NTc0MDRkZmNmZjIwZTp7Il9hdXRoX3VzZXJfaGFzaCI6ImY2Yjg1MTA4ZGEwZTYwZjczZjA4MDZhZjJlMWZjNjAzZmI3NjdiOGQiLCJfYXV0aF91c2VyX2JhY2tlbmQiOiJkamFuZ28uY29udHJpYi5hdXRoLmJhY2tlbmRzLk1vZGVsQmFja2VuZCIsIl9hdXRoX3VzZXJfaWQiOiIzIn0="
  },
  "model": "sessions.session",
  "pk": "pcjg5de8972ixnpkatoc0vxbk72705je"
},
{
  "fields": {
    "expire_date": "2015-11-25T14:51:33Z",
    "session_data": "YWZkMmE4M2U1MmVmMTc4NGFjOWJhNDQxYzE1NTc0MDRkZmNmZjIwZTp7Il9hdXRoX3VzZXJfaGFzaCI6ImY2Yjg1MTA4ZGEwZTYwZjczZjA4MDZhZjJlMWZjNjAzZmI3NjdiOGQiLCJfYXV0aF91c2VyX2JhY2tlbmQiOiJkamFuZ28uY29udHJpYi5hdXRoLmJhY2tlbmRzLk1vZGVsQmFja2VuZCIsIl9hdXRoX3VzZXJfaWQiOiIzIn0="
  },
  "model": "sessions.session",
  "pk": "pd0vcneosax0iksgxyb21afwudh60wdg"
},
{
  "fields": {
    "expire_date": "2015-11-20T02:36:29Z",
    "session_data": "YWZkMmE4M2U1MmVmMTc4NGFjOWJhNDQxYzE1NTc0MDRkZmNmZjIwZTp7Il9hdXRoX3VzZXJfaGFzaCI6ImY2Yjg1MTA4ZGEwZTYwZjczZjA4MDZhZjJlMWZjNjAzZmI3NjdiOGQiLCJfYXV0aF91c2VyX2JhY2tlbmQiOiJkamFuZ28uY29udHJpYi5hdXRoLmJhY2tlbmRzLk1vZGVsQmFja2VuZCIsIl9hdXRoX3VzZXJfaWQiOiIzIn0="
  },
  "model": "sessions.session",
  "pk": "pdo9g5czf1xzajvky4s43fyj8imri5bz"
},
{
  "fields": {
    "expire_date": "2015-12-21T02:59:47Z",
    "session_data": "MWRkYWQ3NzI4ODQ5N2ZkZWFmZDU3NDJmYzU4ZTFmMTU0M2I5NTZlYjp7Il9hdXRoX3VzZXJfaGFzaCI6IjQ2MmQ0M2JmZTgyOWU2ZTBmZWZmNDUxZjcxNjU0ZTdhOWZmNjFkYWYiLCJfYXV0aF91c2VyX2JhY2tlbmQiOiJkamFuZ28uY29udHJpYi5hdXRoLmJhY2tlbmRzLk1vZGVsQmFja2VuZCIsIl9hdXRoX3VzZXJfaWQiOiIyIn0="
  },
  "model": "sessions.session",
  "pk": "pvo461zpea2emwhz58sprtyc5h1mx33k"
},
{
  "fields": {
    "expire_date": "2015-12-19T19:51:32Z",
    "session_data": "MGQwNmE2YThjM2RjOWI3N2Q4ZTA5N2JlNGQ5ZWJhMmMxYzE2NGMwYzp7Il9hdXRoX3VzZXJfaGFzaCI6ImQxMWY3MGY1YTcwNDQ4YmEzZGYxNTM1ZGRiNzIyYjZmNTg1ZDVlOTkiLCJfYXV0aF91c2VyX2JhY2tlbmQiOiJkamFuZ28uY29udHJpYi5hdXRoLmJhY2tlbmRzLk1vZGVsQmFja2VuZCIsIl9hdXRoX3VzZXJfaWQiOiIzNiJ9"
  },
  "model": "sessions.session",
  "pk": "qe2lek0sqwotpl3epze8f685vwqla2lk"
},
{
  "fields": {
    "expire_date": "2015-11-20T21:32:54Z",
    "session_data": "ZDNjNmVkNjM0M2Q5Y2U4NGM3YjczZGQwOTU2NmQ0MmNhNTExYTVlZDp7Il9hdXRoX3VzZXJfaGFzaCI6IjdiNWRiOTQ2ZDEyNzhmZDY3Y2E2NzhhMDk0NTc5YTYyMjU0MjRjMTgiLCJfYXV0aF91c2VyX2JhY2tlbmQiOiJkamFuZ28uY29udHJpYi5hdXRoLmJhY2tlbmRzLk1vZGVsQmFja2VuZCIsIl9hdXRoX3VzZXJfaWQiOiIxIn0="
  },
  "model": "sessions.session",
  "pk": "rhg924umtjo9qptrw2f462krh8qor0c7"
},
{
  "fields": {
    "expire_date": "2015-12-18T01:28:02Z",
    "session_data": "NGE3MGJjY2ViZDBkNTUwYWU2ZTU1Yzc3NWQ2NjZlMzE2YmExZWY2Nzp7Il9hdXRoX3VzZXJfaGFzaCI6ImNiMjRjMGFiN2MxMzQwNjg0NTA0NjAxOTJjYzYxMGVhMjAwN2JlNDQiLCJfYXV0aF91c2VyX2JhY2tlbmQiOiJkamFuZ28uY29udHJpYi5hdXRoLmJhY2tlbmRzLk1vZGVsQmFja2VuZCIsIl9hdXRoX3VzZXJfaWQiOiIxOCJ9"
  },
  "model": "sessions.session",
  "pk": "rp3znmgkzvtfop9z974qt3htt25rdbpt"
},
{
  "fields": {
    "expire_date": "2015-12-13T05:18:03Z",
    "session_data": "MWRkYWQ3NzI4ODQ5N2ZkZWFmZDU3NDJmYzU4ZTFmMTU0M2I5NTZlYjp7Il9hdXRoX3VzZXJfaGFzaCI6IjQ2MmQ0M2JmZTgyOWU2ZTBmZWZmNDUxZjcxNjU0ZTdhOWZmNjFkYWYiLCJfYXV0aF91c2VyX2JhY2tlbmQiOiJkamFuZ28uY29udHJpYi5hdXRoLmJhY2tlbmRzLk1vZGVsQmFja2VuZCIsIl9hdXRoX3VzZXJfaWQiOiIyIn0="
  },
  "model": "sessions.session",
  "pk": "t9b47o5326yt3zxpy2klqibn1q1ayvm4"
},
{
  "fields": {
    "expire_date": "2015-12-11T21:18:24Z",
    "session_data": "ZDMwYzNhZGFlNGI2MDNmNjgyNDllYWJlMWRjNWRhOTIzMGY3YjcyZTp7Il9hdXRoX3VzZXJfaGFzaCI6IjZjM2U3ZjYzNjY1YjRiY2Y3YmQwYmFkODMyZTE0ZGMxNzEwMDAzYjMiLCJfYXV0aF91c2VyX2JhY2tlbmQiOiJkamFuZ28uY29udHJpYi5hdXRoLmJhY2tlbmRzLk1vZGVsQmFja2VuZCIsIl9hdXRoX3VzZXJfaWQiOiIxOSJ9"
  },
  "model": "sessions.session",
  "pk": "tncjv77jjoe847grplypcrtepdaevg6d"
},
{
  "fields": {
    "expire_date": "2015-12-21T02:32:48Z",
    "session_data": "N2YxMGUzYzljNDFmMGEzZWUxYzFmYmQ2N2NhOWQxZDkzYTAyNzU5ODp7Il9hdXRoX3VzZXJfaGFzaCI6ImQ0NGY5OTRhYzI5YWE1NDYzYzA0MWY5MTFkNDhjOTY5MWJkOGNkN2QiLCJfYXV0aF91c2VyX2JhY2tlbmQiOiJkamFuZ28uY29udHJpYi5hdXRoLmJhY2tlbmRzLk1vZGVsQmFja2VuZCIsIl9hdXRoX3VzZXJfaWQiOiI0MCJ9"
  },
  "model": "sessions.session",
  "pk": "tqffjuwsztlkx206h8jhqwzlmvniu2g9"
},
{
  "fields": {
    "expire_date": "2015-11-30T08:05:29Z",
    "session_data": "ZDNjNmVkNjM0M2Q5Y2U4NGM3YjczZGQwOTU2NmQ0MmNhNTExYTVlZDp7Il9hdXRoX3VzZXJfaGFzaCI6IjdiNWRiOTQ2ZDEyNzhmZDY3Y2E2NzhhMDk0NTc5YTYyMjU0MjRjMTgiLCJfYXV0aF91c2VyX2JhY2tlbmQiOiJkamFuZ28uY29udHJpYi5hdXRoLmJhY2tlbmRzLk1vZGVsQmFja2VuZCIsIl9hdXRoX3VzZXJfaWQiOiIxIn0="
  },
  "model": "sessions.session",
  "pk": "tzb1vmavdwt5nsz948oqmqbjndcagmwp"
},
{
  "fields": {
    "expire_date": "2015-12-01T13:01:32Z",
    "session_data": "ZDNjNmVkNjM0M2Q5Y2U4NGM3YjczZGQwOTU2NmQ0MmNhNTExYTVlZDp7Il9hdXRoX3VzZXJfaGFzaCI6IjdiNWRiOTQ2ZDEyNzhmZDY3Y2E2NzhhMDk0NTc5YTYyMjU0MjRjMTgiLCJfYXV0aF91c2VyX2JhY2tlbmQiOiJkamFuZ28uY29udHJpYi5hdXRoLmJhY2tlbmRzLk1vZGVsQmFja2VuZCIsIl9hdXRoX3VzZXJfaWQiOiIxIn0="
  },
  "model": "sessions.session",
  "pk": "uwh38uu3ntzp6rrryhcltep395xy44so"
},
{
  "fields": {
    "expire_date": "2015-12-17T20:57:50Z",
    "session_data": "OWMzNWFmYzk4MjAyNzE0NjM1MDFkMDc5NjA2NTEzZTY1ZTVlNzMxNzp7Il9hdXRoX3VzZXJfaGFzaCI6ImZkYjAzMTU1YTNiZGRjMzdjOWMzNjAwOThkZGJmMjQ5N2NkOGE0OTUiLCJfYXV0aF91c2VyX2JhY2tlbmQiOiJkamFuZ28uY29udHJpYi5hdXRoLmJhY2tlbmRzLk1vZGVsQmFja2VuZCIsIl9hdXRoX3VzZXJfaWQiOiIxNyJ9"
  },
  "model": "sessions.session",
  "pk": "uycsg31kpkvf3ez9uy6832muk1jrnx7a"
},
{
  "fields": {
    "expire_date": "2015-11-20T13:06:33Z",
    "session_data": "ZDNjNmVkNjM0M2Q5Y2U4NGM3YjczZGQwOTU2NmQ0MmNhNTExYTVlZDp7Il9hdXRoX3VzZXJfaGFzaCI6IjdiNWRiOTQ2ZDEyNzhmZDY3Y2E2NzhhMDk0NTc5YTYyMjU0MjRjMTgiLCJfYXV0aF91c2VyX2JhY2tlbmQiOiJkamFuZ28uY29udHJpYi5hdXRoLmJhY2tlbmRzLk1vZGVsQmFja2VuZCIsIl9hdXRoX3VzZXJfaWQiOiIxIn0="
  },
  "model": "sessions.session",
  "pk": "vha3h19n8dhg2a697j0vsm521aoymj4m"
},
{
  "fields": {
    "expire_date": "2015-11-20T18:56:06Z",
    "session_data": "MWRkYWQ3NzI4ODQ5N2ZkZWFmZDU3NDJmYzU4ZTFmMTU0M2I5NTZlYjp7Il9hdXRoX3VzZXJfaGFzaCI6IjQ2MmQ0M2JmZTgyOWU2ZTBmZWZmNDUxZjcxNjU0ZTdhOWZmNjFkYWYiLCJfYXV0aF91c2VyX2JhY2tlbmQiOiJkamFuZ28uY29udHJpYi5hdXRoLmJhY2tlbmRzLk1vZGVsQmFja2VuZCIsIl9hdXRoX3VzZXJfaWQiOiIyIn0="
  },
  "model": "sessions.session",
  "pk": "vi27vb5fyx02vnkm69uqbxyrvu35f044"
},
{
  "fields": {
    "expire_date": "2015-12-21T02:27:00Z",
    "session_data": "YWZkMmE4M2U1MmVmMTc4NGFjOWJhNDQxYzE1NTc0MDRkZmNmZjIwZTp7Il9hdXRoX3VzZXJfaGFzaCI6ImY2Yjg1MTA4ZGEwZTYwZjczZjA4MDZhZjJlMWZjNjAzZmI3NjdiOGQiLCJfYXV0aF91c2VyX2JhY2tlbmQiOiJkamFuZ28uY29udHJpYi5hdXRoLmJhY2tlbmRzLk1vZGVsQmFja2VuZCIsIl9hdXRoX3VzZXJfaWQiOiIzIn0="
  },
  "model": "sessions.session",
  "pk": "vjcs4oeq1dv620rcxg79koc5dvmnbjsi"
},
{
  "fields": {
    "expire_date": "2015-12-20T01:46:37Z",
    "session_data": "YWZkMmE4M2U1MmVmMTc4NGFjOWJhNDQxYzE1NTc0MDRkZmNmZjIwZTp7Il9hdXRoX3VzZXJfaGFzaCI6ImY2Yjg1MTA4ZGEwZTYwZjczZjA4MDZhZjJlMWZjNjAzZmI3NjdiOGQiLCJfYXV0aF91c2VyX2JhY2tlbmQiOiJkamFuZ28uY29udHJpYi5hdXRoLmJhY2tlbmRzLk1vZGVsQmFja2VuZCIsIl9hdXRoX3VzZXJfaWQiOiIzIn0="
  },
  "model": "sessions.session",
  "pk": "vruyep6hzbr3vucv3zjmfisxea52zxzz"
},
{
  "fields": {
    "expire_date": "2015-12-19T14:23:10Z",
    "session_data": "Njc3ZmM5MGRjNDE0NjY3MzRmMDk4ZWUzMGJmMTE3NmE2OGMxYzhiNzp7Il9hdXRoX3VzZXJfaGFzaCI6IjI0YTVkODNhMWE0ZjExOGFhMTQ3YTllMmEwOTY5ZmRmM2FmNTU2ZWUiLCJfYXV0aF91c2VyX2JhY2tlbmQiOiJkamFuZ28uY29udHJpYi5hdXRoLmJhY2tlbmRzLk1vZGVsQmFja2VuZCIsIl9hdXRoX3VzZXJfaWQiOiIzNSJ9"
  },
  "model": "sessions.session",
  "pk": "vubxm4o4ml9e6pea4x39yy8kcjwthple"
},
{
  "fields": {
    "expire_date": "2015-12-16T18:26:42Z",
    "session_data": "MWRkYWQ3NzI4ODQ5N2ZkZWFmZDU3NDJmYzU4ZTFmMTU0M2I5NTZlYjp7Il9hdXRoX3VzZXJfaGFzaCI6IjQ2MmQ0M2JmZTgyOWU2ZTBmZWZmNDUxZjcxNjU0ZTdhOWZmNjFkYWYiLCJfYXV0aF91c2VyX2JhY2tlbmQiOiJkamFuZ28uY29udHJpYi5hdXRoLmJhY2tlbmRzLk1vZGVsQmFja2VuZCIsIl9hdXRoX3VzZXJfaWQiOiIyIn0="
  },
  "model": "sessions.session",
  "pk": "wjalgw7qmprv0vcangaknklb0s6ud6b9"
},
{
  "fields": {
    "expire_date": "2015-12-01T20:55:23Z",
    "session_data": "ZDNjNmVkNjM0M2Q5Y2U4NGM3YjczZGQwOTU2NmQ0MmNhNTExYTVlZDp7Il9hdXRoX3VzZXJfaGFzaCI6IjdiNWRiOTQ2ZDEyNzhmZDY3Y2E2NzhhMDk0NTc5YTYyMjU0MjRjMTgiLCJfYXV0aF91c2VyX2JhY2tlbmQiOiJkamFuZ28uY29udHJpYi5hdXRoLmJhY2tlbmRzLk1vZGVsQmFja2VuZCIsIl9hdXRoX3VzZXJfaWQiOiIxIn0="
  },
  "model": "sessions.session",
  "pk": "wyto1xzog7otjz4og9sqsedg8le4nhtp"
},
{
  "fields": {
    "expire_date": "2015-12-18T02:25:59Z",
    "session_data": "OWMzNWFmYzk4MjAyNzE0NjM1MDFkMDc5NjA2NTEzZTY1ZTVlNzMxNzp7Il9hdXRoX3VzZXJfaGFzaCI6ImZkYjAzMTU1YTNiZGRjMzdjOWMzNjAwOThkZGJmMjQ5N2NkOGE0OTUiLCJfYXV0aF91c2VyX2JhY2tlbmQiOiJkamFuZ28uY29udHJpYi5hdXRoLmJhY2tlbmRzLk1vZGVsQmFja2VuZCIsIl9hdXRoX3VzZXJfaWQiOiIxNyJ9"
  },
  "model": "sessions.session",
  "pk": "x3qherduzqnlart91weh72khwgdplwi1"
},
{
  "fields": {
    "expire_date": "2015-12-20T09:54:45Z",
    "session_data": "ZDNjNmVkNjM0M2Q5Y2U4NGM3YjczZGQwOTU2NmQ0MmNhNTExYTVlZDp7Il9hdXRoX3VzZXJfaGFzaCI6IjdiNWRiOTQ2ZDEyNzhmZDY3Y2E2NzhhMDk0NTc5YTYyMjU0MjRjMTgiLCJfYXV0aF91c2VyX2JhY2tlbmQiOiJkamFuZ28uY29udHJpYi5hdXRoLmJhY2tlbmRzLk1vZGVsQmFja2VuZCIsIl9hdXRoX3VzZXJfaWQiOiIxIn0="
  },
  "model": "sessions.session",
  "pk": "xirxnq3vuo080um1ufkuv6mvn4us1h6t"
},
{
  "fields": {
    "expire_date": "2015-12-18T18:48:08Z",
    "session_data": "YzAwNWE5OTNlNTU3OTM0MjA3NWIyZjgyMTZkMjQ4MGI0NzM2ZDFmYzp7Il9hdXRoX3VzZXJfaGFzaCI6IjRkZGU2YjA4NDZjNzFiNDU5NTljZTVhOTBjNDlkZWE5YjI5ODM0MmMiLCJfYXV0aF91c2VyX2JhY2tlbmQiOiJkamFuZ28uY29udHJpYi5hdXRoLmJhY2tlbmRzLk1vZGVsQmFja2VuZCIsIl9hdXRoX3VzZXJfaWQiOiIzMSJ9"
  },
  "model": "sessions.session",
  "pk": "xo8ium4tmhgz78iqnh55hr85m1lpupfh"
},
{
  "fields": {
    "expire_date": "2015-12-01T21:33:25Z",
    "session_data": "OGUyODUwNjVmNWVkZWQ4OGNmNzJmMGVlNzYxMmMyN2VmMjM5YzA1ZTp7Il9hdXRoX3VzZXJfaGFzaCI6ImU1OTBjMjBmMTYyOTJjZTI2NDQ1MDkwNTk0MDRmMjAwNDNkMmFmYmUiLCJfYXV0aF91c2VyX2JhY2tlbmQiOiJkamFuZ28uY29udHJpYi5hdXRoLmJhY2tlbmRzLk1vZGVsQmFja2VuZCIsIl9hdXRoX3VzZXJfaWQiOiIxMSJ9"
  },
  "model": "sessions.session",
  "pk": "xyphghslxgg4blwyjq0cvjuhmk2dlig1"
},
{
  "fields": {
    "expire_date": "2015-12-19T22:38:01Z",
    "session_data": "ZDNjNmVkNjM0M2Q5Y2U4NGM3YjczZGQwOTU2NmQ0MmNhNTExYTVlZDp7Il9hdXRoX3VzZXJfaGFzaCI6IjdiNWRiOTQ2ZDEyNzhmZDY3Y2E2NzhhMDk0NTc5YTYyMjU0MjRjMTgiLCJfYXV0aF91c2VyX2JhY2tlbmQiOiJkamFuZ28uY29udHJpYi5hdXRoLmJhY2tlbmRzLk1vZGVsQmFja2VuZCIsIl9hdXRoX3VzZXJfaWQiOiIxIn0="
  },
  "model": "sessions.session",
  "pk": "y7ioxp5sjjr28oypy3rx4t7kq4p5gx21"
},
{
  "fields": {
    "expire_date": "2015-12-20T02:40:51Z",
    "session_data": "ZDNjNmVkNjM0M2Q5Y2U4NGM3YjczZGQwOTU2NmQ0MmNhNTExYTVlZDp7Il9hdXRoX3VzZXJfaGFzaCI6IjdiNWRiOTQ2ZDEyNzhmZDY3Y2E2NzhhMDk0NTc5YTYyMjU0MjRjMTgiLCJfYXV0aF91c2VyX2JhY2tlbmQiOiJkamFuZ28uY29udHJpYi5hdXRoLmJhY2tlbmRzLk1vZGVsQmFja2VuZCIsIl9hdXRoX3VzZXJfaWQiOiIxIn0="
  },
  "model": "sessions.session",
  "pk": "y9lxtbve9b4l7m443jgif5ratf1ti53j"
},
{
  "fields": {
    "expire_date": "2015-12-20T03:44:28Z",
    "session_data": "ZDMwYzNhZGFlNGI2MDNmNjgyNDllYWJlMWRjNWRhOTIzMGY3YjcyZTp7Il9hdXRoX3VzZXJfaGFzaCI6IjZjM2U3ZjYzNjY1YjRiY2Y3YmQwYmFkODMyZTE0ZGMxNzEwMDAzYjMiLCJfYXV0aF91c2VyX2JhY2tlbmQiOiJkamFuZ28uY29udHJpYi5hdXRoLmJhY2tlbmRzLk1vZGVsQmFja2VuZCIsIl9hdXRoX3VzZXJfaWQiOiIxOSJ9"
  },
  "model": "sessions.session",
  "pk": "zvsvzp9fyt572wyxay3jqxchvwp6klon"
},
{
  "fields": {
    "father_forum": null,
    "moderators": [
      1,
      2,
      3
    ],
    "name": "Life in Pittsburgh",
    "description": "You can find useful information about the life in Pittsburgh!"
  },
  "model": "cmubbs.forum",
  "pk": 5
},
{
  "fields": {
    "father_forum": 5,
    "moderators": [
      1,
      2,
      3
    ],
    "name": "Restaurants",
    "description": "Find good restaurants and schedule dinner!"
  },
  "model": "cmubbs.forum",
  "pk": 6
},
{
  "fields": {
    "father_forum": null,
    "moderators": [
      1,
      2,
      3
    ],
    "name": "Secret Words",
    "description": "You can post anonymous here."
  },
  "model": "cmubbs.forum",
  "pk": 7
},
{
  "fields": {
    "father_forum": null,
    "moderators": [
      2
    ],
    "name": "Job",
    "description": "Finding jobs, working status, career fair, interview tips, etc."
  },
  "model": "cmubbs.forum",
  "pk": 8
},
{
  "fields": {
    "father_forum": 7,
    "moderators": [
      1,
      9
    ],
    "name": "Boys & Girls",
    "description": "He loves him? Really?!"
  },
  "model": "cmubbs.forum",
  "pk": 9
},
{
  "fields": {
    "father_forum": null,
    "moderators": [
      2,
      11
    ],
    "name": "Study in CMU",
    "description": "Homework discussion, course recommendation, tech talk, etc. "
  },
  "model": "cmubbs.forum",
  "pk": 10
},
{
  "fields": {
    "father_forum": null,
    "moderators": [
      1,
      2
    ],
    "name": "Entertaiment",
    "description": "Parties, sports, music!"
  },
  "model": "cmubbs.forum",
  "pk": 11
},
{
  "fields": {
    "father_forum": 5,
    "moderators": [
      1
    ],
    "name": "House Rent",
    "description": "Finding apartment & roommates? Come here!"
  },
  "model": "cmubbs.forum",
  "pk": 13
},
{
  "fields": {
    "father_forum": 5,
    "moderators": [
      1
    ],
    "name": "Travel",
    "description": "Have a nice trip!"
  },
  "model": "cmubbs.forum",
  "pk": 14
},
{
  "fields": {
    "father_forum": 7,
    "moderators": [
      2
    ],
    "name": "Complains",
    "description": "Don't like a teacher or a course? Shout it out!"
  },
  "model": "cmubbs.forum",
  "pk": 15
},
{
  "fields": {
    "father_forum": 8,
    "moderators": [
      3
    ],
    "name": "Job Oppurtunities",
    "description": "Publish positions for internship and full time jobs"
  },
  "model": "cmubbs.forum",
  "pk": 16
},
{
  "fields": {
    "father_forum": 8,
    "moderators": [
      1
    ],
    "name": "Working Status",
    "description": "Questions about OPT, CPT, F1, H1B, etc."
  },
  "model": "cmubbs.forum",
  "pk": 17
},
{
  "fields": {
    "father_forum": 10,
    "moderators": [
      1
    ],
    "name": "Homework Disscussion",
    "description": "make your life easier"
  },
  "model": "cmubbs.forum",
  "pk": 19
},
{
  "fields": {
    "father_forum": null,
    "moderators": [
      1,
      2,
      3
    ],
    "name": "Technology",
    "description": "Dark technologies..."
  },
  "model": "cmubbs.forum",
  "pk": 20
},
{
  "fields": {
    "father_forum": 20,
    "moderators": [
      2
    ],
    "name": "Machine Learning",
    "description": "What everyone is talking about"
  },
  "model": "cmubbs.forum",
  "pk": 21
},
{
  "fields": {
    "father_forum": 11,
    "moderators": [
      2
    ],
    "name": "Video Gaming",
    "description": "dota2, lol, war3, cs go, fifa, etc..."
  },
  "model": "cmubbs.forum",
  "pk": 22
},
{
  "fields": {
    "father_forum": 7,
    "moderators": [
      2,
      3
    ],
    "name": "Chinese",
    "description": "Chinese topics."
  },
  "model": "cmubbs.forum",
  "pk": 24
},
{
  "fields": {
    "father_forum": 20,
    "moderators": [
      1,
      2,
      3
    ],
    "name": "Debug",
    "description": "Please post the bugs you found here and thanks for your advice!"
  },
  "model": "cmubbs.forum",
  "pk": 25
},
{
  "fields": {
    "father_forum": 5,
    "moderators": [
      1,
      2,
      3,
      39
    ],
    "name": "Life in CMU",
    "description": "Share your news in CMU~"
  },
  "model": "cmubbs.forum",
  "pk": 26
},
{
  "fields": {
    "father_forum": 11,
    "moderators": [
      3
    ],
    "name": "TV Series",
    "description": "Share your favorite TV Series~"
  },
  "model": "cmubbs.forum",
  "pk": 29
},
{
  "fields": {
    "father_forum": 11,
    "moderators": [
      1
    ],
    "name": "Movies",
    "description": "Movie time!"
  },
  "model": "cmubbs.forum",
  "pk": 30
},
{
  "fields": {
    "father_forum": 20,
    "moderators": [
      1,
      2,
      3
    ],
    "name": "User Guide",
    "description": "Guide new user to visit CMU BBS"
  },
  "model": "cmubbs.forum",
  "pk": 31
},
{
  "fields": {
    "father_forum": 10,
    "moderators": [
      2
    ],
    "name": "Course Disscussion",
    "description": "Anything about the course~"
  },
  "model": "cmubbs.forum",
  "pk": 32
},
{
  "fields": {
    "view_count": 19,
    "liked": [
      [
        "linxiz"
      ],
      [
        "bowenz"
      ]
    ],
    "forum": 6,
    "title": "Anyone knows Little Asia?",
    "good_topic": false,
    "tags": [
      5
    ],
    "created_on": "2015-11-04T16:01:17Z",
    "user": [
      "zruan"
    ],
    "upped": false,
    "last_reply_on": "2015-12-06T07:00:35Z"
  },
  "model": "cmubbs.topic",
  "pk": 1
},
{
  "fields": {
    "view_count": 8,
    "liked": [
      [
        "linxiz"
      ]
    ],
    "forum": 6,
    "title": "Hard to find hot pot!",
    "good_topic": false,
    "tags": [
      5
    ],
    "created_on": "2015-11-04T20:04:34Z",
    "user": [
      "bowenz"
    ],
    "upped": false,
    "last_reply_on": "2015-11-06T01:07:55Z"
  },
  "model": "cmubbs.topic",
  "pk": 2
},
{
  "fields": {
    "view_count": 7,
    "liked": [
      [
        "linxiz"
      ]
    ],
    "forum": 13,
    "title": "2br apt on Squirrel Hill with just 1500$/mo",
    "good_topic": false,
    "tags": [
      5
    ],
    "created_on": "2015-11-04T20:12:20Z",
    "user": [
      "bowenz"
    ],
    "upped": false,
    "last_reply_on": "2015-11-04T20:12:20Z"
  },
  "model": "cmubbs.topic",
  "pk": 4
},
{
  "fields": {
    "view_count": 2,
    "liked": [],
    "forum": 10,
    "title": "Web app is a good course",
    "good_topic": false,
    "tags": [
      5
    ],
    "created_on": "2015-11-04T20:14:35Z",
    "user": [
      "bowenz"
    ],
    "upped": false,
    "last_reply_on": "2015-11-04T20:14:35Z"
  },
  "model": "cmubbs.topic",
  "pk": 5
},
{
  "fields": {
    "view_count": 41,
    "liked": [
      [
        "zruan"
      ]
    ],
    "forum": 9,
    "title": "\u738b\u7131\u548c\u6797\u6960\u5230\u5e95\u662f\u4ec0\u4e48\u5173\u7cfb?",
    "good_topic": false,
    "tags": [
      5
    ],
    "created_on": "2015-11-06T01:06:20Z",
    "user": [
      "bowenz"
    ],
    "upped": false,
    "last_reply_on": "2015-12-05T20:02:18Z"
  },
  "model": "cmubbs.topic",
  "pk": 7
},
{
  "fields": {
    "view_count": 37,
    "liked": [
      [
        "bowenz"
      ]
    ],
    "forum": 9,
    "title": "\u6770\u7c73\u5361\u5170\u548c\u8010\u4f2f\u683c\u662f\u4ec0\u4e48\u5173\u7cfb\uff1f",
    "good_topic": false,
    "tags": [
      5
    ],
    "created_on": "2015-11-06T01:09:19Z",
    "user": [
      "bowenz"
    ],
    "upped": false,
    "last_reply_on": "2015-11-23T18:17:25Z"
  },
  "model": "cmubbs.topic",
  "pk": 9
},
{
  "fields": {
    "view_count": 14,
    "liked": [],
    "forum": 6,
    "title": "Which food do you like best?",
    "good_topic": true,
    "tags": [
      5
    ],
    "created_on": "2015-11-09T00:27:52Z",
    "user": [
      "bowenz"
    ],
    "upped": false,
    "last_reply_on": "2015-11-09T01:25:34Z"
  },
  "model": "cmubbs.topic",
  "pk": 13
},
{
  "fields": {
    "view_count": 4,
    "liked": [],
    "forum": 13,
    "title": "finding an 3br apartment",
    "good_topic": false,
    "tags": [
      5
    ],
    "created_on": "2015-11-09T01:27:18Z",
    "user": [
      "linxiz"
    ],
    "upped": false,
    "last_reply_on": "2015-11-09T01:27:18Z"
  },
  "model": "cmubbs.topic",
  "pk": 14
},
{
  "fields": {
    "view_count": 14,
    "liked": [],
    "forum": 22,
    "title": "Who is the best carry in the world?",
    "good_topic": false,
    "tags": [
      5
    ],
    "created_on": "2015-11-09T01:30:22Z",
    "user": [
      "bowenz"
    ],
    "upped": false,
    "last_reply_on": "2015-11-23T17:35:10Z"
  },
  "model": "cmubbs.topic",
  "pk": 16
},
{
  "fields": {
    "view_count": 10,
    "liked": [],
    "forum": 22,
    "title": "Anyone knows 2009?",
    "good_topic": false,
    "tags": [
      5
    ],
    "created_on": "2015-11-09T01:31:54Z",
    "user": [
      "bowenz"
    ],
    "upped": false,
    "last_reply_on": "2015-11-09T01:31:54Z"
  },
  "model": "cmubbs.topic",
  "pk": 17
},
{
  "fields": {
    "view_count": 10,
    "liked": [],
    "forum": 17,
    "title": "OPT extension",
    "good_topic": false,
    "tags": [
      5
    ],
    "created_on": "2015-11-09T01:33:07Z",
    "user": [
      "bowenz"
    ],
    "upped": false,
    "last_reply_on": "2015-11-09T01:33:57Z"
  },
  "model": "cmubbs.topic",
  "pk": 18
},
{
  "fields": {
    "view_count": 10,
    "liked": [],
    "forum": 16,
    "title": "Yahoo membership team",
    "good_topic": false,
    "tags": [
      5
    ],
    "created_on": "2015-11-09T01:34:27Z",
    "user": [
      "bowenz"
    ],
    "upped": false,
    "last_reply_on": "2015-11-09T01:34:27Z"
  },
  "model": "cmubbs.topic",
  "pk": 19
},
{
  "fields": {
    "view_count": 9,
    "liked": [],
    "forum": 21,
    "title": "Google next generation ML platform",
    "good_topic": false,
    "tags": [
      5
    ],
    "created_on": "2015-11-09T01:35:19Z",
    "user": [
      "zruan"
    ],
    "upped": false,
    "last_reply_on": "2015-11-09T01:35:19Z"
  },
  "model": "cmubbs.topic",
  "pk": 20
},
{
  "fields": {
    "view_count": 1,
    "liked": [],
    "forum": 6,
    "title": "Bubble tea in Rose Tea Caffe",
    "good_topic": false,
    "tags": [
      5
    ],
    "created_on": "2015-11-09T01:36:52Z",
    "user": [
      "zruan"
    ],
    "upped": false,
    "last_reply_on": "2015-11-09T01:36:52Z"
  },
  "model": "cmubbs.topic",
  "pk": 21
},
{
  "fields": {
    "view_count": 7,
    "liked": [],
    "forum": 14,
    "title": "1day in Hangzhou",
    "good_topic": false,
    "tags": [
      5
    ],
    "created_on": "2015-11-09T01:39:58Z",
    "user": [
      "zruan"
    ],
    "upped": false,
    "last_reply_on": "2015-12-06T01:51:17Z"
  },
  "model": "cmubbs.topic",
  "pk": 22
},
{
  "fields": {
    "view_count": 7,
    "liked": [],
    "forum": 24,
    "title": "\u4e2d\u6587\u6d4b\u8bd5",
    "good_topic": false,
    "tags": [
      5
    ],
    "created_on": "2015-11-20T19:31:57Z",
    "user": [
      "zruan"
    ],
    "upped": false,
    "last_reply_on": "2015-12-03T21:38:44Z"
  },
  "model": "cmubbs.topic",
  "pk": 64
},
{
  "fields": {
    "view_count": 6,
    "liked": [],
    "forum": 24,
    "title": "\u6c34",
    "good_topic": false,
    "tags": [
      5
    ],
    "created_on": "2015-11-21T01:29:12Z",
    "user": [
      "zruan"
    ],
    "upped": false,
    "last_reply_on": "2015-11-21T21:47:13Z"
  },
  "model": "cmubbs.topic",
  "pk": 65
},
{
  "fields": {
    "view_count": 9,
    "liked": [],
    "forum": 24,
    "title": "\u4e00\u5207\u90fd\u662f\u547d\u8fd0\u77f3\u4e4b\u95e8\u7684\u9009\u62e9",
    "good_topic": false,
    "tags": [
      5
    ],
    "created_on": "2015-11-22T06:26:55Z",
    "user": [
      "bowenz"
    ],
    "upped": false,
    "last_reply_on": "2015-11-22T06:28:22Z"
  },
  "model": "cmubbs.topic",
  "pk": 66
},
{
  "fields": {
    "view_count": 13,
    "liked": [
      [
        "bowenz"
      ]
    ],
    "forum": 24,
    "title": "\u6ca1\u4eba\u5417\uff1f",
    "good_topic": false,
    "tags": [
      5
    ],
    "created_on": "2015-11-22T06:32:02Z",
    "user": [
      "bowenz"
    ],
    "upped": false,
    "last_reply_on": "2015-12-05T20:05:14Z"
  },
  "model": "cmubbs.topic",
  "pk": 67
},
{
  "fields": {
    "view_count": 9,
    "liked": [],
    "forum": 22,
    "title": "\u897f\u6069\u5200\u5854\u8981\u5b8c\uff1f",
    "good_topic": false,
    "tags": [
      5
    ],
    "created_on": "2015-11-22T06:33:45Z",
    "user": [
      "bowenz"
    ],
    "upped": false,
    "last_reply_on": "2015-11-22T06:33:45Z"
  },
  "model": "cmubbs.topic",
  "pk": 68
},
{
  "fields": {
    "view_count": 37,
    "liked": [
      [
        "linxiz"
      ]
    ],
    "forum": 6,
    "title": "Vote for your favorite food!",
    "good_topic": true,
    "tags": [
      3
    ],
    "created_on": "2015-11-22T12:10:42Z",
    "user": [
      "linxiz"
    ],
    "upped": false,
    "last_reply_on": "2015-11-22T12:16:50Z"
  },
  "model": "cmubbs.topic",
  "pk": 69
},
{
  "fields": {
    "view_count": 5,
    "liked": [],
    "forum": 6,
    "title": "A good restaurant to share",
    "good_topic": false,
    "tags": [
      5
    ],
    "created_on": "2015-11-22T12:21:19Z",
    "user": [
      "linxiz"
    ],
    "upped": false,
    "last_reply_on": "2015-12-07T01:58:05Z"
  },
  "model": "cmubbs.topic",
  "pk": 70
},
{
  "fields": {
    "view_count": 5,
    "liked": [],
    "forum": 6,
    "title": "Fantastic restaurants around campus!",
    "good_topic": false,
    "tags": [
      5
    ],
    "created_on": "2015-11-22T12:24:29Z",
    "user": [
      "linxiz"
    ],
    "upped": false,
    "last_reply_on": "2015-11-22T12:24:29Z"
  },
  "model": "cmubbs.topic",
  "pk": 71
},
{
  "fields": {
    "view_count": 17,
    "liked": [
      [
        "kairuiz"
      ]
    ],
    "forum": 14,
    "title": "A trip to orlando!",
    "good_topic": false,
    "tags": [
      4
    ],
    "created_on": "2015-11-22T12:42:27Z",
    "user": [
      "linxiz"
    ],
    "upped": false,
    "last_reply_on": "2015-11-22T12:42:27Z"
  },
  "model": "cmubbs.topic",
  "pk": 74
},
{
  "fields": {
    "view_count": 13,
    "liked": [],
    "forum": 13,
    "title": "Shadyside Apartment Sublease",
    "good_topic": true,
    "tags": [
      4
    ],
    "created_on": "2015-11-22T12:45:44Z",
    "user": [
      "linxiz"
    ],
    "upped": true,
    "last_reply_on": "2015-11-22T23:18:06Z"
  },
  "model": "cmubbs.topic",
  "pk": 75
},
{
  "fields": {
    "view_count": 15,
    "liked": [
      [
        "immzz"
      ]
    ],
    "forum": 15,
    "title": "Is there anyone who dislikes 15213?",
    "good_topic": false,
    "tags": [
      5
    ],
    "created_on": "2015-11-23T11:27:58Z",
    "user": [
      "linxiz"
    ],
    "upped": false,
    "last_reply_on": "2015-11-23T16:32:06Z"
  },
  "model": "cmubbs.topic",
  "pk": 77
},
{
  "fields": {
    "view_count": 17,
    "liked": [],
    "forum": 15,
    "title": "Cloud computing? No time for party at weekends!",
    "good_topic": false,
    "tags": [
      5
    ],
    "created_on": "2015-11-23T11:32:20Z",
    "user": [
      "linxiz"
    ],
    "upped": true,
    "last_reply_on": "2015-11-23T20:38:32Z"
  },
  "model": "cmubbs.topic",
  "pk": 78
},
{
  "fields": {
    "view_count": 15,
    "liked": [
      [
        "lianguasth"
      ]
    ],
    "forum": 15,
    "title": "Life in cmu",
    "good_topic": false,
    "tags": [
      5
    ],
    "created_on": "2015-11-23T17:37:23Z",
    "user": [
      "lianguasth"
    ],
    "upped": false,
    "last_reply_on": "2015-11-23T23:12:05Z"
  },
  "model": "cmubbs.topic",
  "pk": 87
},
{
  "fields": {
    "view_count": 14,
    "liked": [
      [
        "lalala"
      ]
    ],
    "forum": 15,
    "title": "Which course do you hate most?",
    "good_topic": false,
    "tags": [
      3
    ],
    "created_on": "2015-11-23T18:03:13Z",
    "user": [
      "bowenz"
    ],
    "upped": false,
    "last_reply_on": "2015-11-23T18:03:13Z"
  },
  "model": "cmubbs.topic",
  "pk": 91
},
{
  "fields": {
    "view_count": 55,
    "liked": [
      [
        "bowenz"
      ],
      [
        "lianguasth"
      ]
    ],
    "forum": 9,
    "title": "\u8c01\u662fLTI\u6700\u5e05\u7684\u4eba\uff1f",
    "good_topic": true,
    "tags": [
      3
    ],
    "created_on": "2015-11-23T23:07:56Z",
    "user": [
      "bowenz"
    ],
    "upped": false,
    "last_reply_on": "2015-12-05T21:42:58Z"
  },
  "model": "cmubbs.topic",
  "pk": 99
},
{
  "fields": {
    "view_count": 13,
    "liked": [],
    "forum": 24,
    "title": "\u70eb\u70eb\u70eb\u70eb\u70eb\u70eb\u70eb",
    "good_topic": false,
    "tags": [
      5
    ],
    "created_on": "2015-12-02T18:33:19Z",
    "user": [
      "linxiz"
    ],
    "upped": false,
    "last_reply_on": "2015-12-04T00:33:58Z"
  },
  "model": "cmubbs.topic",
  "pk": 102
},
{
  "fields": {
    "view_count": 14,
    "liked": [],
    "forum": 17,
    "title": "\u8dea\u6c42EAD!",
    "good_topic": false,
    "tags": [
      5
    ],
    "created_on": "2015-12-02T18:35:08Z",
    "user": [
      "linxiz"
    ],
    "upped": false,
    "last_reply_on": "2015-12-06T06:42:29Z"
  },
  "model": "cmubbs.topic",
  "pk": 103
},
{
  "fields": {
    "view_count": 24,
    "liked": [],
    "forum": 24,
    "title": "\u4f60\u7684\u7406\u60f3\u804c\u4e1a\u662f\u4ec0\u4e48",
    "good_topic": false,
    "tags": [
      3
    ],
    "created_on": "2015-12-03T16:20:30Z",
    "user": [
      "bowenz"
    ],
    "upped": false,
    "last_reply_on": "2015-12-05T18:29:31Z"
  },
  "model": "cmubbs.topic",
  "pk": 104
},
{
  "fields": {
    "view_count": 15,
    "liked": [
      [
        "\u5e7c\u513f\u56ed\u5c0f\u9738\u738b"
      ],
      [
        "lianguasth"
      ]
    ],
    "forum": 24,
    "title": "Trip Pins \u7f51\u7ad9 bug \u5bfb\u627e\u5927\u8d5b",
    "good_topic": false,
    "tags": [
      5
    ],
    "created_on": "2015-12-04T06:26:21Z",
    "user": [
      "bowenz"
    ],
    "upped": false,
    "last_reply_on": "2015-12-06T05:12:00Z"
  },
  "model": "cmubbs.topic",
  "pk": 109
},
{
  "fields": {
    "view_count": 11,
    "liked": [
      [
        "bowenz"
      ]
    ],
    "forum": 24,
    "title": "\u7535\u8111\u541b\u6512rp\u8d34",
    "good_topic": false,
    "tags": [
      5
    ],
    "created_on": "2015-12-04T18:01:56Z",
    "user": [
      "yy"
    ],
    "upped": false,
    "last_reply_on": "2015-12-06T03:16:10Z"
  },
  "model": "cmubbs.topic",
  "pk": 110
},
{
  "fields": {
    "view_count": 16,
    "liked": [],
    "forum": 9,
    "title": "\u8c01\u662fINI\u6700\u5e05\u7684\u4eba\uff1f",
    "good_topic": false,
    "tags": [
      3
    ],
    "created_on": "2015-12-04T19:01:24Z",
    "user": [
      "bowenz"
    ],
    "upped": false,
    "last_reply_on": "2015-12-05T20:02:41Z"
  },
  "model": "cmubbs.topic",
  "pk": 111
},
{
  "fields": {
    "view_count": 12,
    "liked": [
      [
        "bowenz"
      ]
    ],
    "forum": 26,
    "title": "\u6211\u548c\u6770\u7c73\u5361\u5170\u8c01\u662fLTI\u7684\u738b\u8005\uff1f",
    "good_topic": false,
    "tags": [
      3
    ],
    "created_on": "2015-12-05T01:50:17Z",
    "user": [
      "King of LTI"
    ],
    "upped": false,
    "last_reply_on": "2015-12-05T18:45:43Z"
  },
  "model": "cmubbs.topic",
  "pk": 115
},
{
  "fields": {
    "view_count": 7,
    "liked": [],
    "forum": 26,
    "title": "\u795dxiayu\u540c\u5b66\u65e9\u65e5\u62ff\u5230ead~",
    "good_topic": false,
    "tags": [
      5
    ],
    "created_on": "2015-12-05T02:05:37Z",
    "user": [
      "manjusaka077"
    ],
    "upped": false,
    "last_reply_on": "2015-12-05T23:41:31Z"
  },
  "model": "cmubbs.topic",
  "pk": 116
},
{
  "fields": {
    "view_count": 4,
    "liked": [],
    "forum": 6,
    "title": "Dinner after capstone meeting~",
    "good_topic": false,
    "tags": [
      4
    ],
    "created_on": "2015-12-05T20:17:49Z",
    "user": [
      "linxiz"
    ],
    "upped": false,
    "last_reply_on": "2015-12-05T20:17:49Z"
  },
  "model": "cmubbs.topic",
  "pk": 118
},
{
  "fields": {
    "view_count": 4,
    "liked": [
      [
        "linxiz"
      ],
      [
        "bowenz"
      ]
    ],
    "forum": 25,
    "title": "Finding bugs on this website!",
    "good_topic": true,
    "tags": [
      4
    ],
    "created_on": "2015-12-05T20:44:26Z",
    "user": [
      "linxiz"
    ],
    "upped": true,
    "last_reply_on": "2015-12-05T20:44:26Z"
  },
  "model": "cmubbs.topic",
  "pk": 120
},
{
  "fields": {
    "view_count": 9,
    "liked": [
      [
        "bowenz"
      ]
    ],
    "forum": 6,
    "title": "Lunch after Monday's demo!",
    "good_topic": true,
    "tags": [
      4
    ],
    "created_on": "2015-12-06T06:01:03Z",
    "user": [
      "linxiz"
    ],
    "upped": true,
    "last_reply_on": "2015-12-07T01:53:02Z"
  },
  "model": "cmubbs.topic",
  "pk": 122
},
{
  "fields": {
    "view_count": 4,
    "liked": [],
    "forum": 6,
    "title": "What to eat on Monday?",
    "good_topic": true,
    "tags": [
      3
    ],
    "created_on": "2015-12-06T06:23:25Z",
    "user": [
      "linxiz"
    ],
    "upped": false,
    "last_reply_on": "2015-12-06T06:23:25Z"
  },
  "model": "cmubbs.topic",
  "pk": 123
},
{
  "fields": {
    "view_count": 5,
    "liked": [
      [
        "linxiz"
      ],
      [
        "kairuiz"
      ]
    ],
    "forum": 6,
    "title": "Graduation Party!",
    "good_topic": true,
    "tags": [
      4
    ],
    "created_on": "2015-12-06T06:30:26Z",
    "user": [
      "linxiz"
    ],
    "upped": true,
    "last_reply_on": "2015-12-06T06:30:26Z"
  },
  "model": "cmubbs.topic",
  "pk": 124
},
{
  "fields": {
    "view_count": 6,
    "liked": [],
    "forum": 19,
    "title": "Capstone report writing",
    "good_topic": false,
    "tags": [
      5
    ],
    "created_on": "2015-12-06T06:43:31Z",
    "user": [
      "linxiz"
    ],
    "upped": false,
    "last_reply_on": "2015-12-07T04:56:45Z"
  },
  "model": "cmubbs.topic",
  "pk": 125
},
{
  "fields": {
    "view_count": 3,
    "liked": [],
    "forum": 29,
    "title": "Anyone watch Game of Thrones?",
    "good_topic": false,
    "tags": [
      5
    ],
    "created_on": "2015-12-06T06:49:40Z",
    "user": [
      "linxiz"
    ],
    "upped": false,
    "last_reply_on": "2015-12-06T20:03:18Z"
  },
  "model": "cmubbs.topic",
  "pk": 126
},
{
  "fields": {
    "view_count": 3,
    "liked": [],
    "forum": 29,
    "title": "POI (Person of Interest) Discussion",
    "good_topic": false,
    "tags": [
      5
    ],
    "created_on": "2015-12-06T06:51:52Z",
    "user": [
      "linxiz"
    ],
    "upped": false,
    "last_reply_on": "2015-12-06T06:51:52Z"
  },
  "model": "cmubbs.topic",
  "pk": 127
},
{
  "fields": {
    "view_count": 7,
    "liked": [],
    "forum": 30,
    "title": "Watch Mockingjay this Friday",
    "good_topic": false,
    "tags": [
      4
    ],
    "created_on": "2015-12-06T06:56:10Z",
    "user": [
      "linxiz"
    ],
    "upped": false,
    "last_reply_on": "2015-12-06T06:57:45Z"
  },
  "model": "cmubbs.topic",
  "pk": 128
},
{
  "fields": {
    "view_count": 8,
    "liked": [],
    "forum": 32,
    "title": "Who is the best TA of Web Application?",
    "good_topic": false,
    "tags": [
      3
    ],
    "created_on": "2015-12-06T19:53:50Z",
    "user": [
      "bowenz"
    ],
    "upped": true,
    "last_reply_on": "2015-12-06T19:53:50Z"
  },
  "model": "cmubbs.topic",
  "pk": 129
},
{
  "fields": {
    "view_count": 12,
    "liked": [
      [
        "linxiz"
      ],
      [
        "bowenz"
      ],
      [
        "zruan"
      ]
    ],
    "forum": 31,
    "title": "User Guide",
    "good_topic": true,
    "tags": [],
    "created_on": "2015-12-07T01:06:07Z",
    "user": [
      "zruan"
    ],
    "upped": true,
    "last_reply_on": "2015-12-07T04:25:26Z"
  },
  "model": "cmubbs.topic",
  "pk": 132
},
{
  "fields": {
    "view_count": 4,
    "liked": [],
    "forum": 14,
    "title": "Trip to Beijing",
    "good_topic": false,
    "tags": [
      4
    ],
    "created_on": "2015-12-07T02:19:03Z",
    "user": [
      "bowenz"
    ],
    "upped": false,
    "last_reply_on": "2015-12-07T02:19:57Z"
  },
  "model": "cmubbs.topic",
  "pk": 134
},
{
  "fields": {
    "view_count": 2,
    "liked": [],
    "forum": 9,
    "title": "Who is the most handsome professor in LTI",
    "good_topic": false,
    "tags": [
      3
    ],
    "created_on": "2015-12-07T02:31:16Z",
    "user": [
      "bowenz"
    ],
    "upped": false,
    "last_reply_on": "2015-12-07T02:31:16Z"
  },
  "model": "cmubbs.topic",
  "pk": 135
},
{
  "fields": {
    "view_count": 0,
    "liked": [],
    "forum": 14,
    "title": "Visit CMU art Museum",
    "good_topic": false,
    "tags": [
      4
    ],
    "created_on": "2015-12-07T03:43:51Z",
    "user": [
      "bowenz"
    ],
    "upped": false,
    "last_reply_on": "2015-12-07T03:43:51Z"
  },
  "model": "cmubbs.topic",
  "pk": 136
},
{
  "fields": {
    "view_count": 2,
    "liked": [],
    "forum": 6,
    "title": "Lunch in CMU",
    "good_topic": false,
    "tags": [
      4
    ],
    "created_on": "2015-12-07T03:46:32Z",
    "user": [
      "bowenz"
    ],
    "upped": false,
    "last_reply_on": "2015-12-07T03:46:32Z"
  },
  "model": "cmubbs.topic",
  "pk": 137
},
{
  "fields": {
    "view_count": 0,
    "liked": [],
    "forum": 13,
    "title": "Forbes 4615 Office Sublease",
    "good_topic": false,
    "tags": [
      4
    ],
    "created_on": "2015-12-07T03:49:21Z",
    "user": [
      "bowenz"
    ],
    "upped": false,
    "last_reply_on": "2015-12-07T03:49:21Z"
  },
  "model": "cmubbs.topic",
  "pk": 138
},
{
  "fields": {
    "view_count": 0,
    "liked": [],
    "forum": 13,
    "title": "CS office rent",
    "good_topic": false,
    "tags": [
      4
    ],
    "created_on": "2015-12-07T03:54:48Z",
    "user": [
      "bowenz"
    ],
    "upped": false,
    "last_reply_on": "2015-12-07T03:54:48Z"
  },
  "model": "cmubbs.topic",
  "pk": 139
},
{
  "fields": {
    "view_count": 0,
    "liked": [],
    "forum": 14,
    "title": "Tour to CMU",
    "good_topic": false,
    "tags": [
      4
    ],
    "created_on": "2015-12-07T03:56:17Z",
    "user": [
      "bowenz"
    ],
    "upped": false,
    "last_reply_on": "2015-12-07T03:56:17Z"
  },
  "model": "cmubbs.topic",
  "pk": 140
},
{
  "fields": {
    "view_count": 3,
    "liked": [
      [
        "lalala"
      ]
    ],
    "forum": 19,
    "title": "Web demo discussion (Team 138)",
    "good_topic": true,
    "tags": [
      4
    ],
    "created_on": "2015-12-07T04:03:10Z",
    "user": [
      "bowenz"
    ],
    "upped": false,
    "last_reply_on": "2015-12-07T05:04:16Z"
  },
  "model": "cmubbs.topic",
  "pk": 141
},
{
  "fields": {
    "view_count": 0,
    "liked": [],
    "forum": 22,
    "title": "Play dota2 together!",
    "good_topic": false,
    "tags": [
      4
    ],
    "created_on": "2015-12-07T04:09:30Z",
    "user": [
      "bowenz"
    ],
    "upped": false,
    "last_reply_on": "2015-12-07T04:09:30Z"
  },
  "model": "cmubbs.topic",
  "pk": 142
},
{
  "fields": {
    "view_count": 2,
    "liked": [],
    "forum": 29,
    "title": "Anyone love animation ?",
    "good_topic": false,
    "tags": [],
    "created_on": "2015-12-07T04:39:20Z",
    "user": [
      "zruan"
    ],
    "upped": false,
    "last_reply_on": "2015-12-07T05:00:15Z"
  },
  "model": "cmubbs.topic",
  "pk": 143
},
{
  "fields": {
    "view_count": 1,
    "liked": [],
    "forum": 9,
    "title": "Who is Andrew's girlfriend?",
    "good_topic": false,
    "tags": [],
    "created_on": "2015-12-07T04:52:36Z",
    "user": [
      "bowenz"
    ],
    "upped": false,
    "last_reply_on": "2015-12-07T04:52:55Z"
  },
  "model": "cmubbs.topic",
  "pk": 144
},
{
  "fields": {
    "view_count": 3,
    "liked": [
      [
        "lalala"
      ]
    ],
    "forum": 32,
    "title": "Course to play pokemon",
    "good_topic": true,
    "tags": [],
    "created_on": "2015-12-07T04:54:29Z",
    "user": [
      "zruan"
    ],
    "upped": false,
    "last_reply_on": "2015-12-07T04:57:49Z"
  },
  "model": "cmubbs.topic",
  "pk": 145
},
{
  "fields": {
    "view_count": 2,
    "liked": [],
    "forum": 32,
    "title": "Any more interesting courses ?",
    "good_topic": false,
    "tags": [],
    "created_on": "2015-12-07T05:03:22Z",
    "user": [
      "zruan"
    ],
    "upped": false,
    "last_reply_on": "2015-12-07T05:10:26Z"
  },
  "model": "cmubbs.topic",
  "pk": 146
},
{
  "fields": {
    "view_count": 1,
    "liked": [],
    "forum": 13,
    "title": "Amberson Plaza rent from January, 2016",
    "good_topic": false,
    "tags": [
      4
    ],
    "created_on": "2015-12-07T05:12:16Z",
    "user": [
      "zruan"
    ],
    "upped": false,
    "last_reply_on": "2015-12-07T05:12:16Z"
  },
  "model": "cmubbs.topic",
  "pk": 147
},
{
  "fields": {
    "view_count": 2,
    "liked": [],
    "forum": 13,
    "title": "Why sublease so difficult TT ",
    "good_topic": false,
    "tags": [],
    "created_on": "2015-12-07T05:13:43Z",
    "user": [
      "zruan"
    ],
    "upped": false,
    "last_reply_on": "2015-12-07T05:15:51Z"
  },
  "model": "cmubbs.topic",
  "pk": 148
},
{
  "fields": {
    "view_count": 3,
    "liked": [],
    "forum": 26,
    "title": "When and how long do you sleep everyday",
    "good_topic": false,
    "tags": [],
    "created_on": "2015-12-07T05:16:31Z",
    "user": [
      "zruan"
    ],
    "upped": false,
    "last_reply_on": "2015-12-07T05:25:23Z"
  },
  "model": "cmubbs.topic",
  "pk": 149
},
{
  "fields": {
    "view_count": 3,
    "liked": [],
    "forum": 6,
    "title": "Shall we open a restaurant ?",
    "good_topic": false,
    "tags": [],
    "created_on": "2015-12-07T05:19:03Z",
    "user": [
      "zruan"
    ],
    "upped": false,
    "last_reply_on": "2015-12-07T05:31:23Z"
  },
  "model": "cmubbs.topic",
  "pk": 150
},
{
  "fields": {
    "view_count": 3,
    "liked": [],
    "forum": 19,
    "title": "When is the best time to do the homework",
    "good_topic": false,
    "tags": [],
    "created_on": "2015-12-07T05:20:22Z",
    "user": [
      "zruan"
    ],
    "upped": false,
    "last_reply_on": "2015-12-07T05:31:37Z"
  },
  "model": "cmubbs.topic",
  "pk": 151
},
{
  "fields": {
    "view_count": 3,
    "liked": [
      [
        "bowenz"
      ]
    ],
    "forum": 9,
    "title": "bg or bl, this is a question",
    "good_topic": false,
    "tags": [],
    "created_on": "2015-12-07T05:23:17Z",
    "user": [
      "zruan"
    ],
    "upped": false,
    "last_reply_on": "2015-12-07T05:28:59Z"
  },
  "model": "cmubbs.topic",
  "pk": 152
},
{
  "fields": {
    "view_count": 0,
    "liked": [],
    "forum": 15,
    "title": "12 hours/week for 12 unit course ? no way",
    "good_topic": false,
    "tags": [],
    "created_on": "2015-12-07T05:27:08Z",
    "user": [
      "zruan"
    ],
    "upped": false,
    "last_reply_on": "2015-12-07T05:27:08Z"
  },
  "model": "cmubbs.topic",
  "pk": 153
},
{
  "fields": {
    "view_count": 2,
    "liked": [],
    "forum": 25,
    "title": "TEST",
    "good_topic": false,
    "tags": [],
    "created_on": "2015-12-07T05:36:51Z",
    "user": [
      "linxiz"
    ],
    "upped": false,
    "last_reply_on": "2015-12-07T05:36:59Z"
  },
  "model": "cmubbs.topic",
  "pk": 155
},
{
  "fields": {
    "view_count": 1,
    "liked": [],
    "forum": 25,
    "title": "TEST",
    "good_topic": false,
    "tags": [
      4
    ],
    "created_on": "2015-12-07T05:39:33Z",
    "user": [
      "linxiz"
    ],
    "upped": false,
    "last_reply_on": "2015-12-07T05:39:40Z"
  },
  "model": "cmubbs.topic",
  "pk": 156
},
{
  "fields": {
    "topic": 9,
    "created_on": "2015-12-06T05:47:34Z",
    "session": "6wfp8wdkwhxgcokb8uoh48a3ve6tmhea"
  },
  "model": "cmubbs.topicview",
  "pk": 810
},
{
  "fields": {
    "topic": 17,
    "created_on": "2015-12-06T05:49:48Z",
    "session": "6wfp8wdkwhxgcokb8uoh48a3ve6tmhea"
  },
  "model": "cmubbs.topicview",
  "pk": 811
},
{
  "fields": {
    "topic": 16,
    "created_on": "2015-12-06T05:49:54Z",
    "session": "6wfp8wdkwhxgcokb8uoh48a3ve6tmhea"
  },
  "model": "cmubbs.topicview",
  "pk": 812
},
{
  "fields": {
    "topic": 68,
    "created_on": "2015-12-06T05:50:05Z",
    "session": "6wfp8wdkwhxgcokb8uoh48a3ve6tmhea"
  },
  "model": "cmubbs.topicview",
  "pk": 813
},
{
  "fields": {
    "topic": 122,
    "created_on": "2015-12-06T06:01:39Z",
    "session": "8dalcq9g1c4r72xxrz5w4ng9fs4qaqzd"
  },
  "model": "cmubbs.topicview",
  "pk": 814
},
{
  "fields": {
    "topic": 122,
    "created_on": "2015-12-06T06:18:58Z",
    "session": "1odjritylomxiayxyhljoztjfkop8x9u"
  },
  "model": "cmubbs.topicview",
  "pk": 816
},
{
  "fields": {
    "topic": 123,
    "created_on": "2015-12-06T06:23:30Z",
    "session": "8dalcq9g1c4r72xxrz5w4ng9fs4qaqzd"
  },
  "model": "cmubbs.topicview",
  "pk": 817
},
{
  "fields": {
    "topic": 118,
    "created_on": "2015-12-06T06:27:10Z",
    "session": "8dalcq9g1c4r72xxrz5w4ng9fs4qaqzd"
  },
  "model": "cmubbs.topicview",
  "pk": 819
},
{
  "fields": {
    "topic": 124,
    "created_on": "2015-12-06T06:30:49Z",
    "session": "8dalcq9g1c4r72xxrz5w4ng9fs4qaqzd"
  },
  "model": "cmubbs.topicview",
  "pk": 824
},
{
  "fields": {
    "topic": 74,
    "created_on": "2015-12-06T06:40:07Z",
    "session": "8dalcq9g1c4r72xxrz5w4ng9fs4qaqzd"
  },
  "model": "cmubbs.topicview",
  "pk": 825
},
{
  "fields": {
    "topic": 22,
    "created_on": "2015-12-06T06:40:36Z",
    "session": "8dalcq9g1c4r72xxrz5w4ng9fs4qaqzd"
  },
  "model": "cmubbs.topicview",
  "pk": 826
},
{
  "fields": {
    "topic": 87,
    "created_on": "2015-12-06T06:41:04Z",
    "session": "8dalcq9g1c4r72xxrz5w4ng9fs4qaqzd"
  },
  "model": "cmubbs.topicview",
  "pk": 827
},
{
  "fields": {
    "topic": 103,
    "created_on": "2015-12-06T06:41:40Z",
    "session": "8dalcq9g1c4r72xxrz5w4ng9fs4qaqzd"
  },
  "model": "cmubbs.topicview",
  "pk": 828
},
{
  "fields": {
    "topic": 18,
    "created_on": "2015-12-06T06:42:36Z",
    "session": "8dalcq9g1c4r72xxrz5w4ng9fs4qaqzd"
  },
  "model": "cmubbs.topicview",
  "pk": 829
},
{
  "fields": {
    "topic": 125,
    "created_on": "2015-12-06T06:43:33Z",
    "session": "8dalcq9g1c4r72xxrz5w4ng9fs4qaqzd"
  },
  "model": "cmubbs.topicview",
  "pk": 830
},
{
  "fields": {
    "topic": 17,
    "created_on": "2015-12-06T06:43:50Z",
    "session": "8dalcq9g1c4r72xxrz5w4ng9fs4qaqzd"
  },
  "model": "cmubbs.topicview",
  "pk": 831
},
{
  "fields": {
    "topic": 16,
    "created_on": "2015-12-06T06:43:53Z",
    "session": "8dalcq9g1c4r72xxrz5w4ng9fs4qaqzd"
  },
  "model": "cmubbs.topicview",
  "pk": 832
},
{
  "fields": {
    "topic": 68,
    "created_on": "2015-12-06T06:43:56Z",
    "session": "8dalcq9g1c4r72xxrz5w4ng9fs4qaqzd"
  },
  "model": "cmubbs.topicview",
  "pk": 833
},
{
  "fields": {
    "topic": 120,
    "created_on": "2015-12-06T06:44:31Z",
    "session": "8dalcq9g1c4r72xxrz5w4ng9fs4qaqzd"
  },
  "model": "cmubbs.topicview",
  "pk": 835
},
{
  "fields": {
    "topic": 126,
    "created_on": "2015-12-06T06:49:43Z",
    "session": "8dalcq9g1c4r72xxrz5w4ng9fs4qaqzd"
  },
  "model": "cmubbs.topicview",
  "pk": 836
},
{
  "fields": {
    "topic": 127,
    "created_on": "2015-12-06T06:52:48Z",
    "session": "8dalcq9g1c4r72xxrz5w4ng9fs4qaqzd"
  },
  "model": "cmubbs.topicview",
  "pk": 837
},
{
  "fields": {
    "topic": 128,
    "created_on": "2015-12-06T06:56:29Z",
    "session": "8dalcq9g1c4r72xxrz5w4ng9fs4qaqzd"
  },
  "model": "cmubbs.topicview",
  "pk": 838
},
{
  "fields": {
    "topic": 1,
    "created_on": "2015-12-06T06:59:59Z",
    "session": "8dalcq9g1c4r72xxrz5w4ng9fs4qaqzd"
  },
  "model": "cmubbs.topicview",
  "pk": 839
},
{
  "fields": {
    "topic": 1,
    "created_on": "2015-12-06T07:00:25Z",
    "session": "zf7qgp2mqud15s0kistsrchzqnbxfs3r"
  },
  "model": "cmubbs.topicview",
  "pk": 840
},
{
  "fields": {
    "topic": 1,
    "created_on": "2015-12-06T16:29:12Z",
    "session": "1odjritylomxiayxyhljoztjfkop8x9u"
  },
  "model": "cmubbs.topicview",
  "pk": 841
},
{
  "fields": {
    "topic": 125,
    "created_on": "2015-12-06T16:31:58Z",
    "session": "1odjritylomxiayxyhljoztjfkop8x9u"
  },
  "model": "cmubbs.topicview",
  "pk": 842
},
{
  "fields": {
    "topic": 123,
    "created_on": "2015-12-06T16:32:05Z",
    "session": "1odjritylomxiayxyhljoztjfkop8x9u"
  },
  "model": "cmubbs.topicview",
  "pk": 843
},
{
  "fields": {
    "topic": 128,
    "created_on": "2015-12-06T16:32:12Z",
    "session": "1odjritylomxiayxyhljoztjfkop8x9u"
  },
  "model": "cmubbs.topicview",
  "pk": 844
},
{
  "fields": {
    "topic": 122,
    "created_on": "2015-12-06T19:19:21Z",
    "session": "vruyep6hzbr3vucv3zjmfisxea52zxzz"
  },
  "model": "cmubbs.topicview",
  "pk": 845
},
{
  "fields": {
    "topic": 1,
    "created_on": "2015-12-06T19:19:23Z",
    "session": "vruyep6hzbr3vucv3zjmfisxea52zxzz"
  },
  "model": "cmubbs.topicview",
  "pk": 846
},
{
  "fields": {
    "topic": 129,
    "created_on": "2015-12-06T19:53:59Z",
    "session": "czouiuo7692ui9oaehgqv743bak9yqa7"
  },
  "model": "cmubbs.topicview",
  "pk": 848
},
{
  "fields": {
    "topic": 124,
    "created_on": "2015-12-06T19:57:44Z",
    "session": "vruyep6hzbr3vucv3zjmfisxea52zxzz"
  },
  "model": "cmubbs.topicview",
  "pk": 849
},
{
  "fields": {
    "topic": 74,
    "created_on": "2015-12-06T19:58:07Z",
    "session": "czouiuo7692ui9oaehgqv743bak9yqa7"
  },
  "model": "cmubbs.topicview",
  "pk": 850
},
{
  "fields": {
    "topic": 74,
    "created_on": "2015-12-06T19:58:45Z",
    "session": "vruyep6hzbr3vucv3zjmfisxea52zxzz"
  },
  "model": "cmubbs.topicview",
  "pk": 851
},
{
  "fields": {
    "topic": 126,
    "created_on": "2015-12-06T20:02:58Z",
    "session": "czouiuo7692ui9oaehgqv743bak9yqa7"
  },
  "model": "cmubbs.topicview",
  "pk": 853
},
{
  "fields": {
    "topic": 127,
    "created_on": "2015-12-06T20:04:02Z",
    "session": "czouiuo7692ui9oaehgqv743bak9yqa7"
  },
  "model": "cmubbs.topicview",
  "pk": 854
},
{
  "fields": {
    "topic": 128,
    "created_on": "2015-12-06T20:04:20Z",
    "session": "czouiuo7692ui9oaehgqv743bak9yqa7"
  },
  "model": "cmubbs.topicview",
  "pk": 855
},
{
  "fields": {
    "topic": 115,
    "created_on": "2015-12-06T20:06:45Z",
    "session": "njhejxmuezfcop9a0sd8ggu5a2rus81p"
  },
  "model": "cmubbs.topicview",
  "pk": 857
},
{
  "fields": {
    "topic": 70,
    "created_on": "2015-12-06T20:23:50Z",
    "session": "8dalcq9g1c4r72xxrz5w4ng9fs4qaqzd"
  },
  "model": "cmubbs.topicview",
  "pk": 858
},
{
  "fields": {
    "topic": 71,
    "created_on": "2015-12-06T20:38:46Z",
    "session": "vruyep6hzbr3vucv3zjmfisxea52zxzz"
  },
  "model": "cmubbs.topicview",
  "pk": 859
},
{
  "fields": {
    "topic": 69,
    "created_on": "2015-12-06T20:39:05Z",
    "session": "vruyep6hzbr3vucv3zjmfisxea52zxzz"
  },
  "model": "cmubbs.topicview",
  "pk": 860
},
{
  "fields": {
    "topic": 129,
    "created_on": "2015-12-06T20:43:52Z",
    "session": "dct9j5kq7fm8l192e8vkay0e7ep74713"
  },
  "model": "cmubbs.topicview",
  "pk": 862
},
{
  "fields": {
    "topic": 99,
    "created_on": "2015-12-07T00:12:45Z",
    "session": "x3qherduzqnlart91weh72khwgdplwi1"
  },
  "model": "cmubbs.topicview",
  "pk": 864
},
{
  "fields": {
    "topic": 132,
    "created_on": "2015-12-07T01:06:09Z",
    "session": "vruyep6hzbr3vucv3zjmfisxea52zxzz"
  },
  "model": "cmubbs.topicview",
  "pk": 866
},
{
  "fields": {
    "topic": 132,
    "created_on": "2015-12-07T01:08:48Z",
    "session": "dct9j5kq7fm8l192e8vkay0e7ep74713"
  },
  "model": "cmubbs.topicview",
  "pk": 867
},
{
  "fields": {
    "topic": 129,
    "created_on": "2015-12-07T01:11:18Z",
    "session": "y7ioxp5sjjr28oypy3rx4t7kq4p5gx21"
  },
  "model": "cmubbs.topicview",
  "pk": 868
},
{
  "fields": {
    "topic": 122,
    "created_on": "2015-12-07T01:12:27Z",
    "session": "y7ioxp5sjjr28oypy3rx4t7kq4p5gx21"
  },
  "model": "cmubbs.topicview",
  "pk": 870
},
{
  "fields": {
    "topic": 132,
    "created_on": "2015-12-07T01:22:40Z",
    "session": "41jvdqne5cx9dtpe5t8s520lwc28p7hc"
  },
  "model": "cmubbs.topicview",
  "pk": 871
},
{
  "fields": {
    "topic": 91,
    "created_on": "2015-12-07T01:36:03Z",
    "session": "nubruy0rpywchma3ncuy67w5y9fntkst"
  },
  "model": "cmubbs.topicview",
  "pk": 872
},
{
  "fields": {
    "topic": 128,
    "created_on": "2015-12-07T01:38:23Z",
    "session": "wszr46jknu26oqpl3paicr7tlbbbwsm3"
  },
  "model": "cmubbs.topicview",
  "pk": 873
},
{
  "fields": {
    "topic": 132,
    "created_on": "2015-12-07T01:38:54Z",
    "session": "jpmax791qv9ygk64k70nbrpwj2wg1jl9"
  },
  "model": "cmubbs.topicview",
  "pk": 874
},
{
  "fields": {
    "topic": 124,
    "created_on": "2015-12-07T01:45:46Z",
    "session": "iflw094vd0xbcfi89lwb0npyi3m1okno"
  },
  "model": "cmubbs.topicview",
  "pk": 878
},
{
  "fields": {
    "topic": 122,
    "created_on": "2015-12-07T01:46:58Z",
    "session": "iflw094vd0xbcfi89lwb0npyi3m1okno"
  },
  "model": "cmubbs.topicview",
  "pk": 880
},
{
  "fields": {
    "topic": 1,
    "created_on": "2015-12-07T01:47:15Z",
    "session": "iflw094vd0xbcfi89lwb0npyi3m1okno"
  },
  "model": "cmubbs.topicview",
  "pk": 881
},
{
  "fields": {
    "topic": 122,
    "created_on": "2015-12-07T01:52:37Z",
    "session": "wszr46jknu26oqpl3paicr7tlbbbwsm3"
  },
  "model": "cmubbs.topicview",
  "pk": 882
},
{
  "fields": {
    "topic": 70,
    "created_on": "2015-12-07T01:57:32Z",
    "session": "iflw094vd0xbcfi89lwb0npyi3m1okno"
  },
  "model": "cmubbs.topicview",
  "pk": 884
},
{
  "fields": {
    "topic": 70,
    "created_on": "2015-12-07T02:08:05Z",
    "session": "wszr46jknu26oqpl3paicr7tlbbbwsm3"
  },
  "model": "cmubbs.topicview",
  "pk": 885
},
{
  "fields": {
    "topic": 132,
    "created_on": "2015-12-07T02:13:12Z",
    "session": "wszr46jknu26oqpl3paicr7tlbbbwsm3"
  },
  "model": "cmubbs.topicview",
  "pk": 886
},
{
  "fields": {
    "topic": 132,
    "created_on": "2015-12-07T02:14:22Z",
    "session": "y7ioxp5sjjr28oypy3rx4t7kq4p5gx21"
  },
  "model": "cmubbs.topicview",
  "pk": 887
},
{
  "fields": {
    "topic": 75,
    "created_on": "2015-12-07T02:16:21Z",
    "session": "wszr46jknu26oqpl3paicr7tlbbbwsm3"
  },
  "model": "cmubbs.topicview",
  "pk": 888
},
{
  "fields": {
    "topic": 134,
    "created_on": "2015-12-07T02:19:17Z",
    "session": "wszr46jknu26oqpl3paicr7tlbbbwsm3"
  },
  "model": "cmubbs.topicview",
  "pk": 890
},
{
  "fields": {
    "topic": 74,
    "created_on": "2015-12-07T02:22:24Z",
    "session": "5xl8p03r8yeyt2vw7op1nqmsntjd79w7"
  },
  "model": "cmubbs.topicview",
  "pk": 891
},
{
  "fields": {
    "topic": 74,
    "created_on": "2015-12-07T02:22:51Z",
    "session": "y7ioxp5sjjr28oypy3rx4t7kq4p5gx21"
  },
  "model": "cmubbs.topicview",
  "pk": 892
},
{
  "fields": {
    "topic": 22,
    "created_on": "2015-12-07T02:24:09Z",
    "session": "5xl8p03r8yeyt2vw7op1nqmsntjd79w7"
  },
  "model": "cmubbs.topicview",
  "pk": 893
},
{
  "fields": {
    "topic": 125,
    "created_on": "2015-12-07T02:25:42Z",
    "session": "wszr46jknu26oqpl3paicr7tlbbbwsm3"
  },
  "model": "cmubbs.topicview",
  "pk": 894
},
{
  "fields": {
    "topic": 129,
    "created_on": "2015-12-07T02:25:49Z",
    "session": "wszr46jknu26oqpl3paicr7tlbbbwsm3"
  },
  "model": "cmubbs.topicview",
  "pk": 895
},
{
  "fields": {
    "topic": 115,
    "created_on": "2015-12-07T02:26:07Z",
    "session": "wszr46jknu26oqpl3paicr7tlbbbwsm3"
  },
  "model": "cmubbs.topicview",
  "pk": 896
},
{
  "fields": {
    "topic": 132,
    "created_on": "2015-12-07T02:27:00Z",
    "session": "vjcs4oeq1dv620rcxg79koc5dvmnbjsi"
  },
  "model": "cmubbs.topicview",
  "pk": 897
},
{
  "fields": {
    "topic": 7,
    "created_on": "2015-12-07T02:27:32Z",
    "session": "wszr46jknu26oqpl3paicr7tlbbbwsm3"
  },
  "model": "cmubbs.topicview",
  "pk": 898
},
{
  "fields": {
    "topic": 9,
    "created_on": "2015-12-07T02:27:50Z",
    "session": "wszr46jknu26oqpl3paicr7tlbbbwsm3"
  },
  "model": "cmubbs.topicview",
  "pk": 899
},
{
  "fields": {
    "topic": 124,
    "created_on": "2015-12-07T02:27:58Z",
    "session": "5xl8p03r8yeyt2vw7op1nqmsntjd79w7"
  },
  "model": "cmubbs.topicview",
  "pk": 900
},
{
  "fields": {
    "topic": 87,
    "created_on": "2015-12-07T02:28:20Z",
    "session": "wszr46jknu26oqpl3paicr7tlbbbwsm3"
  },
  "model": "cmubbs.topicview",
  "pk": 901
},
{
  "fields": {
    "topic": 91,
    "created_on": "2015-12-07T02:28:27Z",
    "session": "wszr46jknu26oqpl3paicr7tlbbbwsm3"
  },
  "model": "cmubbs.topicview",
  "pk": 902
},
{
  "fields": {
    "topic": 77,
    "created_on": "2015-12-07T02:28:31Z",
    "session": "wszr46jknu26oqpl3paicr7tlbbbwsm3"
  },
  "model": "cmubbs.topicview",
  "pk": 903
},
{
  "fields": {
    "topic": 78,
    "created_on": "2015-12-07T02:28:34Z",
    "session": "wszr46jknu26oqpl3paicr7tlbbbwsm3"
  },
  "model": "cmubbs.topicview",
  "pk": 904
},
{
  "fields": {
    "topic": 111,
    "created_on": "2015-12-07T02:29:44Z",
    "session": "5xl8p03r8yeyt2vw7op1nqmsntjd79w7"
  },
  "model": "cmubbs.topicview",
  "pk": 905
},
{
  "fields": {
    "topic": 99,
    "created_on": "2015-12-07T02:31:19Z",
    "session": "wszr46jknu26oqpl3paicr7tlbbbwsm3"
  },
  "model": "cmubbs.topicview",
  "pk": 906
},
{
  "fields": {
    "topic": 135,
    "created_on": "2015-12-07T02:31:29Z",
    "session": "wszr46jknu26oqpl3paicr7tlbbbwsm3"
  },
  "model": "cmubbs.topicview",
  "pk": 907
},
{
  "fields": {
    "topic": 129,
    "created_on": "2015-12-07T02:32:49Z",
    "session": "tqffjuwsztlkx206h8jhqwzlmvniu2g9"
  },
  "model": "cmubbs.topicview",
  "pk": 908
},
{
  "fields": {
    "topic": 122,
    "created_on": "2015-12-07T02:35:03Z",
    "session": "tqffjuwsztlkx206h8jhqwzlmvniu2g9"
  },
  "model": "cmubbs.topicview",
  "pk": 909
},
{
  "fields": {
    "topic": 19,
    "created_on": "2015-12-07T02:37:41Z",
    "session": "ivjpkpwahtre8minbigan3r61af15i9r"
  },
  "model": "cmubbs.topicview",
  "pk": 910
},
{
  "fields": {
    "topic": 132,
    "created_on": "2015-12-07T02:44:39Z",
    "session": "tqffjuwsztlkx206h8jhqwzlmvniu2g9"
  },
  "model": "cmubbs.topicview",
  "pk": 912
},
{
  "fields": {
    "topic": 75,
    "created_on": "2015-12-07T02:54:39Z",
    "session": "tqffjuwsztlkx206h8jhqwzlmvniu2g9"
  },
  "model": "cmubbs.topicview",
  "pk": 913
},
{
  "fields": {
    "topic": 120,
    "created_on": "2015-12-07T02:58:13Z",
    "session": "ivjpkpwahtre8minbigan3r61af15i9r"
  },
  "model": "cmubbs.topicview",
  "pk": 914
},
{
  "fields": {
    "topic": 129,
    "created_on": "2015-12-07T03:06:52Z",
    "session": "r0jkdx3adbkbogjp6ex86pvp9w92jyn9"
  },
  "model": "cmubbs.topicview",
  "pk": 915
},
{
  "fields": {
    "topic": 132,
    "created_on": "2015-12-07T03:07:55Z",
    "session": "pvo461zpea2emwhz58sprtyc5h1mx33k"
  },
  "model": "cmubbs.topicview",
  "pk": 916
},
{
  "fields": {
    "topic": 134,
    "created_on": "2015-12-07T03:09:19Z",
    "session": "y7ioxp5sjjr28oypy3rx4t7kq4p5gx21"
  },
  "model": "cmubbs.topicview",
  "pk": 917
},
{
  "fields": {
    "topic": 134,
    "created_on": "2015-12-07T03:09:26Z",
    "session": "pvo461zpea2emwhz58sprtyc5h1mx33k"
  },
  "model": "cmubbs.topicview",
  "pk": 918
},
{
  "fields": {
    "topic": 134,
    "created_on": "2015-12-07T03:09:29Z",
    "session": "r0jkdx3adbkbogjp6ex86pvp9w92jyn9"
  },
  "model": "cmubbs.topicview",
  "pk": 919
},
{
  "fields": {
    "topic": 132,
    "created_on": "2015-12-07T03:10:36Z",
    "session": "r0jkdx3adbkbogjp6ex86pvp9w92jyn9"
  },
  "model": "cmubbs.topicview",
  "pk": 920
},
{
  "fields": {
    "topic": 122,
    "created_on": "2015-12-07T03:22:45Z",
    "session": "pvo461zpea2emwhz58sprtyc5h1mx33k"
  },
  "model": "cmubbs.topicview",
  "pk": 921
},
{
  "fields": {
    "topic": 137,
    "created_on": "2015-12-07T03:53:19Z",
    "session": "1b79o7jj5pitr6ke1gczv6pnr928z0oe"
  },
  "model": "cmubbs.topicview",
  "pk": 922
},
{
  "fields": {
    "topic": 132,
    "created_on": "2015-12-07T03:54:11Z",
    "session": "1b79o7jj5pitr6ke1gczv6pnr928z0oe"
  },
  "model": "cmubbs.topicview",
  "pk": 923
},
{
  "fields": {
    "topic": 129,
    "created_on": "2015-12-07T04:04:52Z",
    "session": "pvo461zpea2emwhz58sprtyc5h1mx33k"
  },
  "model": "cmubbs.topicview",
  "pk": 924
},
{
  "fields": {
    "topic": 126,
    "created_on": "2015-12-07T04:34:01Z",
    "session": "vjcs4oeq1dv620rcxg79koc5dvmnbjsi"
  },
  "model": "cmubbs.topicview",
  "pk": 926
},
{
  "fields": {
    "topic": 127,
    "created_on": "2015-12-07T04:35:01Z",
    "session": "vjcs4oeq1dv620rcxg79koc5dvmnbjsi"
  },
  "model": "cmubbs.topicview",
  "pk": 927
},
{
  "fields": {
    "topic": 125,
    "created_on": "2015-12-07T04:35:53Z",
    "session": "vjcs4oeq1dv620rcxg79koc5dvmnbjsi"
  },
  "model": "cmubbs.topicview",
  "pk": 928
},
{
  "fields": {
    "topic": 141,
    "created_on": "2015-12-07T04:36:18Z",
    "session": "vjcs4oeq1dv620rcxg79koc5dvmnbjsi"
  },
  "model": "cmubbs.topicview",
  "pk": 929
},
{
  "fields": {
    "topic": 143,
    "created_on": "2015-12-07T04:39:24Z",
    "session": "vjcs4oeq1dv620rcxg79koc5dvmnbjsi"
  },
  "model": "cmubbs.topicview",
  "pk": 930
},
{
  "fields": {
    "topic": 128,
    "created_on": "2015-12-07T04:41:40Z",
    "session": "vjcs4oeq1dv620rcxg79koc5dvmnbjsi"
  },
  "model": "cmubbs.topicview",
  "pk": 931
},
{
  "fields": {
    "topic": 9,
    "created_on": "2015-12-07T04:44:07Z",
    "session": "pvo461zpea2emwhz58sprtyc5h1mx33k"
  },
  "model": "cmubbs.topicview",
  "pk": 932
},
{
  "fields": {
    "topic": 7,
    "created_on": "2015-12-07T04:46:04Z",
    "session": "pvo461zpea2emwhz58sprtyc5h1mx33k"
  },
  "model": "cmubbs.topicview",
  "pk": 933
},
{
  "fields": {
    "topic": 135,
    "created_on": "2015-12-07T04:46:21Z",
    "session": "pvo461zpea2emwhz58sprtyc5h1mx33k"
  },
  "model": "cmubbs.topicview",
  "pk": 934
},
{
  "fields": {
    "topic": 109,
    "created_on": "2015-12-07T04:48:58Z",
    "session": "pvo461zpea2emwhz58sprtyc5h1mx33k"
  },
  "model": "cmubbs.topicview",
  "pk": 935
},
{
  "fields": {
    "topic": 144,
    "created_on": "2015-12-07T04:52:42Z",
    "session": "pvo461zpea2emwhz58sprtyc5h1mx33k"
  },
  "model": "cmubbs.topicview",
  "pk": 936
},
{
  "fields": {
    "topic": 145,
    "created_on": "2015-12-07T04:54:43Z",
    "session": "pvo461zpea2emwhz58sprtyc5h1mx33k"
  },
  "model": "cmubbs.topicview",
  "pk": 937
},
{
  "fields": {
    "topic": 145,
    "created_on": "2015-12-07T04:54:58Z",
    "session": "vjcs4oeq1dv620rcxg79koc5dvmnbjsi"
  },
  "model": "cmubbs.topicview",
  "pk": 938
},
{
  "fields": {
    "topic": 125,
    "created_on": "2015-12-07T04:56:25Z",
    "session": "pvo461zpea2emwhz58sprtyc5h1mx33k"
  },
  "model": "cmubbs.topicview",
  "pk": 939
},
{
  "fields": {
    "topic": 141,
    "created_on": "2015-12-07T04:56:48Z",
    "session": "pvo461zpea2emwhz58sprtyc5h1mx33k"
  },
  "model": "cmubbs.topicview",
  "pk": 940
},
{
  "fields": {
    "topic": 143,
    "created_on": "2015-12-07T05:00:05Z",
    "session": "pvo461zpea2emwhz58sprtyc5h1mx33k"
  },
  "model": "cmubbs.topicview",
  "pk": 941
},
{
  "fields": {
    "topic": 146,
    "created_on": "2015-12-07T05:08:56Z",
    "session": "pvo461zpea2emwhz58sprtyc5h1mx33k"
  },
  "model": "cmubbs.topicview",
  "pk": 942
},
{
  "fields": {
    "topic": 147,
    "created_on": "2015-12-07T05:15:20Z",
    "session": "pvo461zpea2emwhz58sprtyc5h1mx33k"
  },
  "model": "cmubbs.topicview",
  "pk": 943
},
{
  "fields": {
    "topic": 148,
    "created_on": "2015-12-07T05:15:41Z",
    "session": "pvo461zpea2emwhz58sprtyc5h1mx33k"
  },
  "model": "cmubbs.topicview",
  "pk": 944
},
{
  "fields": {
    "topic": 150,
    "created_on": "2015-12-07T05:22:29Z",
    "session": "pvo461zpea2emwhz58sprtyc5h1mx33k"
  },
  "model": "cmubbs.topicview",
  "pk": 945
},
{
  "fields": {
    "topic": 91,
    "created_on": "2015-12-07T05:23:34Z",
    "session": "vjcs4oeq1dv620rcxg79koc5dvmnbjsi"
  },
  "model": "cmubbs.topicview",
  "pk": 946
},
{
  "fields": {
    "topic": 149,
    "created_on": "2015-12-07T05:24:32Z",
    "session": "pvo461zpea2emwhz58sprtyc5h1mx33k"
  },
  "model": "cmubbs.topicview",
  "pk": 947
},
{
  "fields": {
    "topic": 115,
    "created_on": "2015-12-07T05:26:45Z",
    "session": "pvo461zpea2emwhz58sprtyc5h1mx33k"
  },
  "model": "cmubbs.topicview",
  "pk": 948
},
{
  "fields": {
    "topic": 152,
    "created_on": "2015-12-07T05:27:07Z",
    "session": "pvo461zpea2emwhz58sprtyc5h1mx33k"
  },
  "model": "cmubbs.topicview",
  "pk": 949
},
{
  "fields": {
    "topic": 152,
    "created_on": "2015-12-07T05:27:38Z",
    "session": "iflw094vd0xbcfi89lwb0npyi3m1okno"
  },
  "model": "cmubbs.topicview",
  "pk": 950
},
{
  "fields": {
    "topic": 152,
    "created_on": "2015-12-07T05:28:34Z",
    "session": "vjcs4oeq1dv620rcxg79koc5dvmnbjsi"
  },
  "model": "cmubbs.topicview",
  "pk": 951
},
{
  "fields": {
    "topic": 151,
    "created_on": "2015-12-07T05:28:49Z",
    "session": "pvo461zpea2emwhz58sprtyc5h1mx33k"
  },
  "model": "cmubbs.topicview",
  "pk": 952
},
{
  "fields": {
    "topic": 151,
    "created_on": "2015-12-07T05:29:03Z",
    "session": "iflw094vd0xbcfi89lwb0npyi3m1okno"
  },
  "model": "cmubbs.topicview",
  "pk": 953
},
{
  "fields": {
    "topic": 146,
    "created_on": "2015-12-07T05:29:05Z",
    "session": "vjcs4oeq1dv620rcxg79koc5dvmnbjsi"
  },
  "model": "cmubbs.topicview",
  "pk": 954
},
{
  "fields": {
    "topic": 148,
    "created_on": "2015-12-07T05:29:13Z",
    "session": "vjcs4oeq1dv620rcxg79koc5dvmnbjsi"
  },
  "model": "cmubbs.topicview",
  "pk": 955
},
{
  "fields": {
    "topic": 150,
    "created_on": "2015-12-07T05:29:16Z",
    "session": "vjcs4oeq1dv620rcxg79koc5dvmnbjsi"
  },
  "model": "cmubbs.topicview",
  "pk": 956
},
{
  "fields": {
    "topic": 128,
    "created_on": "2015-12-07T05:29:19Z",
    "session": "iflw094vd0xbcfi89lwb0npyi3m1okno"
  },
  "model": "cmubbs.topicview",
  "pk": 957
},
{
  "fields": {
    "topic": 149,
    "created_on": "2015-12-07T05:29:25Z",
    "session": "vjcs4oeq1dv620rcxg79koc5dvmnbjsi"
  },
  "model": "cmubbs.topicview",
  "pk": 958
},
{
  "fields": {
    "topic": 125,
    "created_on": "2015-12-07T05:29:44Z",
    "session": "iflw094vd0xbcfi89lwb0npyi3m1okno"
  },
  "model": "cmubbs.topicview",
  "pk": 959
},
{
  "fields": {
    "topic": 151,
    "created_on": "2015-12-07T05:30:00Z",
    "session": "vjcs4oeq1dv620rcxg79koc5dvmnbjsi"
  },
  "model": "cmubbs.topicview",
  "pk": 960
},
{
  "fields": {
    "topic": 150,
    "created_on": "2015-12-07T05:31:03Z",
    "session": "iflw094vd0xbcfi89lwb0npyi3m1okno"
  },
  "model": "cmubbs.topicview",
  "pk": 961
},
{
  "fields": {
    "topic": 123,
    "created_on": "2015-12-07T05:31:48Z",
    "session": "iflw094vd0xbcfi89lwb0npyi3m1okno"
  },
  "model": "cmubbs.topicview",
  "pk": 962
},
{
  "fields": {
    "topic": 123,
    "created_on": "2015-12-07T05:32:12Z",
    "session": "vjcs4oeq1dv620rcxg79koc5dvmnbjsi"
  },
  "model": "cmubbs.topicview",
  "pk": 963
},
{
  "fields": {
    "topic": 120,
    "created_on": "2015-12-07T05:34:56Z",
    "session": "vjcs4oeq1dv620rcxg79koc5dvmnbjsi"
  },
  "model": "cmubbs.topicview",
  "pk": 964
},
{
  "fields": {
    "topic": 141,
    "created_on": "2015-12-07T05:35:08Z",
    "session": "cruqa8q9q9qh1rd4oqmk28xgqzteh467"
  },
  "model": "cmubbs.topicview",
  "pk": 965
},
{
  "fields": {
    "topic": 129,
    "created_on": "2015-12-07T05:35:26Z",
    "session": "cruqa8q9q9qh1rd4oqmk28xgqzteh467"
  },
  "model": "cmubbs.topicview",
  "pk": 966
},
{
  "fields": {
    "topic": 145,
    "created_on": "2015-12-07T05:35:34Z",
    "session": "cruqa8q9q9qh1rd4oqmk28xgqzteh467"
  },
  "model": "cmubbs.topicview",
  "pk": 967
},
{
  "fields": {
    "topic": 155,
    "created_on": "2015-12-07T05:36:54Z",
    "session": "nnywk3wu9r9pt77rqxdr5kvw910uz0pz"
  },
  "model": "cmubbs.topicview",
  "pk": 971
},
{
  "fields": {
    "topic": 128,
    "created_on": "2015-12-07T05:38:50Z",
    "session": "nnywk3wu9r9pt77rqxdr5kvw910uz0pz"
  },
  "model": "cmubbs.topicview",
  "pk": 972
},
{
  "fields": {
    "topic": 156,
    "created_on": "2015-12-07T05:39:36Z",
    "session": "nnywk3wu9r9pt77rqxdr5kvw910uz0pz"
  },
  "model": "cmubbs.topicview",
  "pk": 973
},
{
  "fields": {
    "topic": 122,
    "created_on": "2015-12-07T05:40:32Z",
    "session": "nnywk3wu9r9pt77rqxdr5kvw910uz0pz"
  },
  "model": "cmubbs.topicview",
  "pk": 974
},
{
  "fields": {
    "topic": 124,
    "created_on": "2015-12-07T05:40:44Z",
    "session": "nnywk3wu9r9pt77rqxdr5kvw910uz0pz"
  },
  "model": "cmubbs.topicview",
  "pk": 975
},
{
  "fields": {
    "topic": 137,
    "created_on": "2015-12-07T05:40:50Z",
    "session": "nnywk3wu9r9pt77rqxdr5kvw910uz0pz"
  },
  "model": "cmubbs.topicview",
  "pk": 976
},
{
  "fields": {
    "topic": 118,
    "created_on": "2015-12-07T05:41:27Z",
    "session": "nnywk3wu9r9pt77rqxdr5kvw910uz0pz"
  },
  "model": "cmubbs.topicview",
  "pk": 978
},
{
  "fields": {
    "topic": 149,
    "created_on": "2015-12-07T05:42:40Z",
    "session": "nnywk3wu9r9pt77rqxdr5kvw910uz0pz"
  },
  "model": "cmubbs.topicview",
  "pk": 979
},
{
  "fields": {
    "topic": 132,
    "created_on": "2015-12-07T05:43:31Z",
    "session": "nnywk3wu9r9pt77rqxdr5kvw910uz0pz"
  },
  "model": "cmubbs.topicview",
  "pk": 980
},
{
  "fields": {
    "topic": 155,
    "created_on": "2015-12-07T05:45:23Z",
    "session": "vjcs4oeq1dv620rcxg79koc5dvmnbjsi"
  },
  "model": "cmubbs.topicview",
  "pk": 981
},
{
  "fields": {
    "name": "Vote"
  },
  "model": "cmubbs.tag",
  "pk": 3
},
{
  "fields": {
    "name": "Event"
  },
  "model": "cmubbs.tag",
  "pk": 4
},
{
  "fields": {
    "name": "Normal"
  },
  "model": "cmubbs.tag",
  "pk": 5
},
{
  "fields": {
    "text": "Which dish is good in Little Asia?",
    "plain_text": false,
    "topic": 1,
    "created_on": "2015-11-04T16:02:44Z",
    "user": [
      "zruan"
    ],
    "reply_to": null
  },
  "model": "cmubbs.post",
  "pk": 1
},
{
  "fields": {
    "text": "Every dish",
    "plain_text": false,
    "topic": 1,
    "created_on": "2015-11-04T16:03:26Z",
    "user": [
      "bowenz"
    ],
    "reply_to": null
  },
  "model": "cmubbs.post",
  "pk": 2
},
{
  "fields": {
    "text": "Hot pot!!!!!!!!!!!!!!!!!!!!!!!!!!!!!!!!!!!!!!!!!",
    "plain_text": false,
    "topic": 2,
    "created_on": "2015-11-04T20:04:34Z",
    "user": [
      "bowenz"
    ],
    "reply_to": null
  },
  "model": "cmubbs.post",
  "pk": 3
},
{
  "fields": {
    "text": "Give money and take it!",
    "plain_text": false,
    "topic": 4,
    "created_on": "2015-11-04T20:12:20Z",
    "user": [
      "bowenz"
    ],
    "reply_to": null
  },
  "model": "cmubbs.post",
  "pk": 5
},
{
  "fields": {
    "text": "Really!",
    "plain_text": false,
    "topic": 5,
    "created_on": "2015-11-04T20:14:35Z",
    "user": [
      "bowenz"
    ],
    "reply_to": null
  },
  "model": "cmubbs.post",
  "pk": 6
},
{
  "fields": {
    "text": "sun jian rou si ",
    "plain_text": false,
    "topic": 1,
    "created_on": "2015-11-05T20:56:00Z",
    "user": [
      "zruan"
    ],
    "reply_to": null
  },
  "model": "cmubbs.post",
  "pk": 7
},
{
  "fields": {
    "text": "suan cai yu pian tang",
    "plain_text": false,
    "topic": 1,
    "created_on": "2015-11-05T20:56:17Z",
    "user": [
      "zruan"
    ],
    "reply_to": null
  },
  "model": "cmubbs.post",
  "pk": 8
},
{
  "fields": {
    "text": "xiao jiao tu dou niu rou si",
    "plain_text": false,
    "topic": 1,
    "created_on": "2015-11-05T20:56:27Z",
    "user": [
      "zruan"
    ],
    "reply_to": null
  },
  "model": "cmubbs.post",
  "pk": 9
},
{
  "fields": {
    "text": "\u8fd8\u6709\u5565",
    "plain_text": false,
    "topic": 1,
    "created_on": "2015-11-05T20:56:52Z",
    "user": [
      "zruan"
    ],
    "reply_to": null
  },
  "model": "cmubbs.post",
  "pk": 10
},
{
  "fields": {
    "text": "\u756a\u8304\u7092\u86cb\u8fd8\u662f\u4e0d\u9519\u7684",
    "plain_text": false,
    "topic": 1,
    "created_on": "2015-11-05T20:57:05Z",
    "user": [
      "zruan"
    ],
    "reply_to": null
  },
  "model": "cmubbs.post",
  "pk": 11
},
{
  "fields": {
    "text": "\u869d\u6cb9\u751f\u83dc\u4e5f\u4e0d\u9519",
    "plain_text": false,
    "topic": 1,
    "created_on": "2015-11-05T20:57:15Z",
    "user": [
      "zruan"
    ],
    "reply_to": null
  },
  "model": "cmubbs.post",
  "pk": 12
},
{
  "fields": {
    "text": "\u5976\u8336\u4e0d\u600e\u4e48\u597d\u559d",
    "plain_text": false,
    "topic": 1,
    "created_on": "2015-11-05T20:57:26Z",
    "user": [
      "zruan"
    ],
    "reply_to": null
  },
  "model": "cmubbs.post",
  "pk": 13
},
{
  "fields": {
    "text": "\u5c45\u7136\u8fd8\u6ca1\u7f16\u5b8c",
    "plain_text": false,
    "topic": 1,
    "created_on": "2015-11-05T20:57:39Z",
    "user": [
      "zruan"
    ],
    "reply_to": null
  },
  "model": "cmubbs.post",
  "pk": 14
},
{
  "fields": {
    "text": "\u6211\u5b9e\u5728\u662f\u7f16\u4e0d\u4e0b\u53bb\u4e86",
    "plain_text": false,
    "topic": 1,
    "created_on": "2015-11-05T20:57:49Z",
    "user": [
      "zruan"
    ],
    "reply_to": null
  },
  "model": "cmubbs.post",
  "pk": 15
},
{
  "fields": {
    "text": "\u6211\u4eec\u6765\u804alulu noodle\u5427",
    "plain_text": false,
    "topic": 1,
    "created_on": "2015-11-05T20:58:08Z",
    "user": [
      "zruan"
    ],
    "reply_to": null
  },
  "model": "cmubbs.post",
  "pk": 16
},
{
  "fields": {
    "text": "\u90a3\u91cc\u7684\u5976\u8336\u6bd4\u8f83\u597d\u559d",
    "plain_text": false,
    "topic": 1,
    "created_on": "2015-11-05T20:58:30Z",
    "user": [
      "zruan"
    ],
    "reply_to": null
  },
  "model": "cmubbs.post",
  "pk": 17
},
{
  "fields": {
    "text": "\u540c\u610f\uff01",
    "plain_text": false,
    "topic": 1,
    "created_on": "2015-11-06T01:02:33Z",
    "user": [
      "bowenz"
    ],
    "reply_to": null
  },
  "model": "cmubbs.post",
  "pk": 18
},
{
  "fields": {
    "text": "\u4e0d\u8fc7\u5403\u592a\u591a\u4f1a\u817b",
    "plain_text": false,
    "topic": 1,
    "created_on": "2015-11-06T01:03:00Z",
    "user": [
      "bowenz"
    ],
    "reply_to": null
  },
  "model": "cmubbs.post",
  "pk": 19
},
{
  "fields": {
    "text": "\u5982\u9898",
    "plain_text": false,
    "topic": 7,
    "created_on": "2015-11-06T01:06:20Z",
    "user": [
      "bowenz"
    ],
    "reply_to": null
  },
  "model": "cmubbs.post",
  "pk": 25
},
{
  "fields": {
    "text": "\u633d\u5c0a",
    "plain_text": false,
    "topic": 2,
    "created_on": "2015-11-06T01:07:55Z",
    "user": [
      "bowenz"
    ],
    "reply_to": null
  },
  "model": "cmubbs.post",
  "pk": 26
},
{
  "fields": {
    "text": "\u770b\u5f7c\u6b64\u7684\u773c\u795e\u90fd\u6709\u4e9b\u5947\u602a",
    "plain_text": false,
    "topic": 9,
    "created_on": "2015-11-06T01:09:19Z",
    "user": [
      "bowenz"
    ],
    "reply_to": null
  },
  "model": "cmubbs.post",
  "pk": 28
},
{
  "fields": {
    "text": "\u4e0d\u670d\uff1f",
    "plain_text": false,
    "topic": 9,
    "created_on": "2015-11-06T01:46:58Z",
    "user": [
      "Brother Jamie"
    ],
    "reply_to": null
  },
  "model": "cmubbs.post",
  "pk": 29
},
{
  "fields": {
    "text": "\u4e0d\u670d\uff1f\r\n",
    "plain_text": false,
    "topic": 9,
    "created_on": "2015-11-06T01:47:38Z",
    "user": [
      "King of LTI"
    ],
    "reply_to": null
  },
  "model": "cmubbs.post",
  "pk": 30
},
{
  "fields": {
    "text": "\u4f60\u4eec\u5728\u8bf4\u5565\uff1f\u6211\u770b\u4e0d\u61c2",
    "plain_text": false,
    "topic": 1,
    "created_on": "2015-11-06T01:49:09Z",
    "user": [
      "Brother Jamie"
    ],
    "reply_to": null
  },
  "model": "cmubbs.post",
  "pk": 31
},
{
  "fields": {
    "text": "\u8010\u4f2f\u683c\u662f\u6211\u4eb2\u5bc6\u7684\u5144\u5f1f\uff0c\u6211\u4eec\u5e76\u6ca1\u6709\u4ec0\u4e48\uff0c\u771f\u7684",
    "plain_text": false,
    "topic": 9,
    "created_on": "2015-11-06T04:36:03Z",
    "user": [
      "Brother Jamie"
    ],
    "reply_to": null
  },
  "model": "cmubbs.post",
  "pk": 33
},
{
  "fields": {
    "text": "\u65e5\u6708\u4e3a\u8bc1\uff0c\u5929\u5730\u4e3a\u9274\uff0c\u6211\u4eec\u662f\u6e05\u767d\u7684\u554a\uff01",
    "plain_text": false,
    "topic": 9,
    "created_on": "2015-11-06T04:36:37Z",
    "user": [
      "Brother Jamie"
    ],
    "reply_to": null
  },
  "model": "cmubbs.post",
  "pk": 34
},
{
  "fields": {
    "text": "\u5361\u5170\uff0c\u4e0d\u8981\u5728\u610f\u4e16\u4eba\u7684\u773c\u5149\uff0c\u505a\u6700\u771f\u5b9e\u7684\u81ea\u5df1\u3002",
    "plain_text": false,
    "topic": 9,
    "created_on": "2015-11-06T04:38:01Z",
    "user": [
      "King of LTI"
    ],
    "reply_to": null
  },
  "model": "cmubbs.post",
  "pk": 35
},
{
  "fields": {
    "text": "\u6211\u4e00\u76f4\u90fd\u652f\u6301\u4f60\uff0c\u4e48\u4e48\u54d2",
    "plain_text": false,
    "topic": 9,
    "created_on": "2015-11-06T04:38:17Z",
    "user": [
      "King of LTI"
    ],
    "reply_to": null
  },
  "model": "cmubbs.post",
  "pk": 36
},
{
  "fields": {
    "text": "\u597d\u50cf\u660e\u767d\u4e86\u4e9b\u4ec0\u4e48\u3002\u3002\u3002",
    "plain_text": false,
    "topic": 9,
    "created_on": "2015-11-06T04:38:51Z",
    "user": [
      "bowenz"
    ],
    "reply_to": null
  },
  "model": "cmubbs.post",
  "pk": 37
},
{
  "fields": {
    "text": "\u869d\u6cb9\u751f\u83dc+1\r\n",
    "plain_text": false,
    "topic": 1,
    "created_on": "2015-11-06T04:52:29Z",
    "user": [
      "xiaohei"
    ],
    "reply_to": null
  },
  "model": "cmubbs.post",
  "pk": 38
},
{
  "fields": {
    "text": "For me is moon cake. lol",
    "plain_text": false,
    "topic": 13,
    "created_on": "2015-11-09T00:27:52Z",
    "user": [
      "bowenz"
    ],
    "reply_to": null
  },
  "model": "cmubbs.post",
  "pk": 42
},
{
  "fields": {
    "text": "And hot pot!!!!!!!!!!!",
    "plain_text": false,
    "topic": 13,
    "created_on": "2015-11-09T00:28:14Z",
    "user": [
      "bowenz"
    ],
    "reply_to": null
  },
  "model": "cmubbs.post",
  "pk": 43
},
{
  "fields": {
    "text": "Hot pot + 1 !!!!!!",
    "plain_text": false,
    "topic": 13,
    "created_on": "2015-11-09T00:28:42Z",
    "user": [
      "zruan"
    ],
    "reply_to": null
  },
  "model": "cmubbs.post",
  "pk": 44
},
{
  "fields": {
    "text": "Crab is also my favorite! ",
    "plain_text": false,
    "topic": 13,
    "created_on": "2015-11-09T00:29:23Z",
    "user": [
      "zruan"
    ],
    "reply_to": null
  },
  "model": "cmubbs.post",
  "pk": 45
},
{
  "fields": {
    "text": "2333333333",
    "plain_text": false,
    "topic": 13,
    "created_on": "2015-11-09T00:29:55Z",
    "user": [
      "linxiz"
    ],
    "reply_to": null
  },
  "model": "cmubbs.post",
  "pk": 46
},
{
  "fields": {
    "text": "I like salad. All kinds of salads.",
    "plain_text": false,
    "topic": 13,
    "created_on": "2015-11-09T00:30:25Z",
    "user": [
      "Brother Jamie"
    ],
    "reply_to": null
  },
  "model": "cmubbs.post",
  "pk": 47
},
{
  "fields": {
    "text": "Me too! Jamie you have same favorite food with me!",
    "plain_text": false,
    "topic": 13,
    "created_on": "2015-11-09T00:31:05Z",
    "user": [
      "King of LTI"
    ],
    "reply_to": null
  },
  "model": "cmubbs.post",
  "pk": 48
},
{
  "fields": {
    "text": "Anyone like sushi? I know a good sushi bar in Pitts.",
    "plain_text": false,
    "topic": 13,
    "created_on": "2015-11-09T00:31:31Z",
    "user": [
      "King of LTI"
    ],
    "reply_to": null
  },
  "model": "cmubbs.post",
  "pk": 49
},
{
  "fields": {
    "text": "Nah, no love on sushi.",
    "plain_text": false,
    "topic": 13,
    "created_on": "2015-11-09T00:31:57Z",
    "user": [
      "bowenz"
    ],
    "reply_to": null
  },
  "model": "cmubbs.post",
  "pk": 50
},
{
  "fields": {
    "text": "Crab!!!!!! And shrimp!!!!",
    "plain_text": false,
    "topic": 13,
    "created_on": "2015-11-09T00:32:49Z",
    "user": [
      "zruan"
    ],
    "reply_to": null
  },
  "model": "cmubbs.post",
  "pk": 51
},
{
  "fields": {
    "text": "I like sushi! Where is that bar?",
    "plain_text": false,
    "topic": 13,
    "created_on": "2015-11-09T00:33:27Z",
    "user": [
      "linxiz"
    ],
    "reply_to": null
  },
  "model": "cmubbs.post",
  "pk": 52
},
{
  "fields": {
    "text": "I can send you a message. We can go there together this weekend!",
    "plain_text": false,
    "topic": 13,
    "created_on": "2015-11-09T00:34:01Z",
    "user": [
      "King of LTI"
    ],
    "reply_to": null
  },
  "model": "cmubbs.post",
  "pk": 53
},
{
  "fields": {
    "text": "Aha~",
    "plain_text": false,
    "topic": 13,
    "created_on": "2015-11-09T01:19:58Z",
    "user": [
      "bowenz"
    ],
    "reply_to": null
  },
  "model": "cmubbs.post",
  "pk": 54
},
{
  "fields": {
    "text": "A hot soup can warm my heart in this cold day.",
    "plain_text": false,
    "topic": 13,
    "created_on": "2015-11-09T01:21:24Z",
    "user": [
      "bowenz"
    ],
    "reply_to": null
  },
  "model": "cmubbs.post",
  "pk": 55
},
{
  "fields": {
    "text": "Do you like egg drop or miso soup?",
    "plain_text": false,
    "topic": 13,
    "created_on": "2015-11-09T01:22:22Z",
    "user": [
      "zruan"
    ],
    "reply_to": null
  },
  "model": "cmubbs.post",
  "pk": 56
},
{
  "fields": {
    "text": "Both!",
    "plain_text": false,
    "topic": 13,
    "created_on": "2015-11-09T01:22:44Z",
    "user": [
      "bowenz"
    ],
    "reply_to": null
  },
  "model": "cmubbs.post",
  "pk": 57
},
{
  "fields": {
    "text": "Have you guys tried seafood soup? Amazing!",
    "plain_text": false,
    "topic": 13,
    "created_on": "2015-11-09T01:25:04Z",
    "user": [
      "bowenz"
    ],
    "reply_to": null
  },
  "model": "cmubbs.post",
  "pk": 58
},
{
  "fields": {
    "text": "I will try it!",
    "plain_text": false,
    "topic": 13,
    "created_on": "2015-11-09T01:25:34Z",
    "user": [
      "zruan"
    ],
    "reply_to": null
  },
  "model": "cmubbs.post",
  "pk": 59
},
{
  "fields": {
    "text": "Anyone want to sublease?",
    "plain_text": false,
    "topic": 14,
    "created_on": "2015-11-09T01:27:18Z",
    "user": [
      "linxiz"
    ],
    "reply_to": null
  },
  "model": "cmubbs.post",
  "pk": 60
},
{
  "fields": {
    "text": "in Dota2",
    "plain_text": false,
    "topic": 16,
    "created_on": "2015-11-09T01:30:22Z",
    "user": [
      "bowenz"
    ],
    "reply_to": null
  },
  "model": "cmubbs.post",
  "pk": 63
},
{
  "fields": {
    "text": "I think is Burning, any different voice?",
    "plain_text": false,
    "topic": 16,
    "created_on": "2015-11-09T01:30:46Z",
    "user": [
      "bowenz"
    ],
    "reply_to": null
  },
  "model": "cmubbs.post",
  "pk": 64
},
{
  "fields": {
    "text": "I'm the fan of 2009. See my photo. lol\r\n",
    "plain_text": false,
    "topic": 17,
    "created_on": "2015-11-09T01:31:54Z",
    "user": [
      "bowenz"
    ],
    "reply_to": null
  },
  "model": "cmubbs.post",
  "pk": 65
},
{
  "fields": {
    "text": "Need your voice!",
    "plain_text": false,
    "topic": 18,
    "created_on": "2015-11-09T01:33:07Z",
    "user": [
      "bowenz"
    ],
    "reply_to": null
  },
  "model": "cmubbs.post",
  "pk": 66
},
{
  "fields": {
    "text": "find it at http://www.regulations.gov/#!docketBrowser;rpp=25;po=75;dct=PS;D=ICEB-2015-0002",
    "plain_text": false,
    "topic": 18,
    "created_on": "2015-11-09T01:33:57Z",
    "user": [
      "bowenz"
    ],
    "reply_to": null
  },
  "model": "cmubbs.post",
  "pk": 67
},
{
  "fields": {
    "text": "A good team. ",
    "plain_text": false,
    "topic": 19,
    "created_on": "2015-11-09T01:34:27Z",
    "user": [
      "bowenz"
    ],
    "reply_to": null
  },
  "model": "cmubbs.post",
  "pk": 68
},
{
  "fields": {
    "text": "is pretty cool!",
    "plain_text": false,
    "topic": 20,
    "created_on": "2015-11-09T01:35:19Z",
    "user": [
      "zruan"
    ],
    "reply_to": null
  },
  "model": "cmubbs.post",
  "pk": 69
},
{
  "fields": {
    "text": "is pretty good!",
    "plain_text": false,
    "topic": 21,
    "created_on": "2015-11-09T01:36:52Z",
    "user": [
      "zruan"
    ],
    "reply_to": null
  },
  "model": "cmubbs.post",
  "pk": 71
},
{
  "fields": {
    "text": "I can provide meals and accommodation. Go with me!\r\nps: It would be cold even indoor :)",
    "plain_text": false,
    "topic": 22,
    "created_on": "2015-11-09T01:39:58Z",
    "user": [
      "zruan"
    ],
    "reply_to": null
  },
  "model": "cmubbs.post",
  "pk": 72
},
{
  "fields": {
    "text": "\u6211\u5c31\u8bd5\u8bd5",
    "plain_text": false,
    "topic": 64,
    "created_on": "2015-11-20T19:31:57Z",
    "user": [
      "zruan"
    ],
    "reply_to": null
  },
  "model": "cmubbs.post",
  "pk": 115
},
{
  "fields": {
    "text": "\u6c34\u6c34\u6c34\u6c34\u6c34\u6c34\u6c34\u6c34\u6c34\u6c34\u6c34\u6c34\u6c34\u6c34\u6c34\u6c34\u6c34\u6c34\u6c34\u6c34\u6c34\u6c34\u6c34\u6c34\u6c34\u6c34\u6c34",
    "plain_text": false,
    "topic": 65,
    "created_on": "2015-11-21T01:29:12Z",
    "user": [
      "zruan"
    ],
    "reply_to": null
  },
  "model": "cmubbs.post",
  "pk": 116
},
{
  "fields": {
    "text": "\u5475\u5475",
    "plain_text": false,
    "topic": 65,
    "created_on": "2015-11-21T21:47:13Z",
    "user": [
      "bowenz"
    ],
    "reply_to": null
  },
  "model": "cmubbs.post",
  "pk": 118
},
{
  "fields": {
    "text": "\u5982\u65f6\u949f\u822c\u89c4\u5f8b\uff0c\u65e0\u6cd5\u963b\u6321",
    "plain_text": false,
    "topic": 66,
    "created_on": "2015-11-22T06:26:55Z",
    "user": [
      "bowenz"
    ],
    "reply_to": null
  },
  "model": "cmubbs.post",
  "pk": 119
},
{
  "fields": {
    "text": "\u4e0e\u5176\u611f\u6168\u8def\u96be\u884c\uff0c\u4e0d\u5982\u9a6c\u4e0a\u51fa\u53d1",
    "plain_text": false,
    "topic": 66,
    "created_on": "2015-11-22T06:28:22Z",
    "user": [
      "bowenz"
    ],
    "reply_to": null
  },
  "model": "cmubbs.post",
  "pk": 120
},
{
  "fields": {
    "text": "\u5927\u5bb6\u591a\u63a8\u5e7f\u4e00\u4e0b\u554a\uff0c\u8fd9\u4e2a\u7ad9\u5f88\u597d\u7684",
    "plain_text": false,
    "topic": 67,
    "created_on": "2015-11-22T06:32:02Z",
    "user": [
      "bowenz"
    ],
    "reply_to": null
  },
  "model": "cmubbs.post",
  "pk": 121
},
{
  "fields": {
    "text": "EE\u8fd8\u662f\u4e0d\u9519\u7684\uff0c\u4e0d\u8fc7\u4eca\u5929\u53c8\u827a\u672f\u4e86\uff0c\u770b\u5230\u4e86\u4ed6\u6bd4\u8d5b\u5b8c\u90a3\u5403\u4e86\u5c4e\u4e00\u822c\u7684\u8868\u60c5\uff0c\u6211\u8868\u793a\u5f88\u6b23\u6170",
    "plain_text": false,
    "topic": 16,
    "created_on": "2015-11-22T06:33:18Z",
    "user": [
      "bowenz"
    ],
    "reply_to": null
  },
  "model": "cmubbs.post",
  "pk": 122
},
{
  "fields": {
    "text": "\u79cb\u5b63\u8d5b\u5168\u519b\u8986\u6ca1\u554a",
    "plain_text": false,
    "topic": 68,
    "created_on": "2015-11-22T06:33:45Z",
    "user": [
      "bowenz"
    ],
    "reply_to": null
  },
  "model": "cmubbs.post",
  "pk": 123
},
{
  "fields": {
    "text": "Hi foodies! Choose your favoriate food here~",
    "plain_text": false,
    "topic": 69,
    "created_on": "2015-11-22T12:10:42Z",
    "user": [
      "linxiz"
    ],
    "reply_to": null
  },
  "model": "cmubbs.post",
  "pk": 124
},
{
  "fields": {
    "text": "I want to vote for hotpot! But there is no such a choice ",
    "plain_text": false,
    "topic": 69,
    "created_on": "2015-11-22T12:12:33Z",
    "user": [
      "linxiz"
    ],
    "reply_to": null
  },
  "model": "cmubbs.post",
  "pk": 125
},
{
  "fields": {
    "text": "I vote for steak. I also love mashed potatoes!!!!!",
    "plain_text": false,
    "topic": 69,
    "created_on": "2015-11-22T12:16:50Z",
    "user": [
      "lalala"
    ],
    "reply_to": null
  },
  "model": "cmubbs.post",
  "pk": 126
},
{
  "fields": {
    "text": "I think Lulu's Noodles is a great place to have dinner! I love their wonton soup!",
    "plain_text": false,
    "topic": 70,
    "created_on": "2015-11-22T12:21:19Z",
    "user": [
      "linxiz"
    ],
    "reply_to": null
  },
  "model": "cmubbs.post",
  "pk": 127
},
{
  "fields": {
    "text": "Lulu's Noodles, Little Asia, Rose Tea Cafe~~~",
    "plain_text": false,
    "topic": 71,
    "created_on": "2015-11-22T12:24:29Z",
    "user": [
      "linxiz"
    ],
    "reply_to": null
  },
  "model": "cmubbs.post",
  "pk": 128
},
{
  "fields": {
    "text": "Up",
    "plain_text": false,
    "topic": 75,
    "created_on": "2015-11-22T12:46:15Z",
    "user": [
      "linxiz"
    ],
    "reply_to": null
  },
  "model": "cmubbs.post",
  "pk": 131
},
{
  "fields": {
    "text": "Up",
    "plain_text": false,
    "topic": 75,
    "created_on": "2015-11-22T12:46:20Z",
    "user": [
      "linxiz"
    ],
    "reply_to": null
  },
  "model": "cmubbs.post",
  "pk": 132
},
{
  "fields": {
    "text": "\u55e8\uff0c\u6211\u548c\u540c\u5b66\u4eec\u63a8\u5e7f\u7684\u65f6\u5019\uff0c\u8fd9\u7fa4\u4eba\u4e00\u4e2a\u4e2a\u6469\u62f3\u64e6\u638c\u60f3\u6765\u653b\u51fb\u8fd9\u4e2a\u7f51\u7ad9\uff0c\u4e0d\u8ba9\u9ed1\u4ee5\u540e\u5c31\u4e0d\u6765\u4e86\u3002\u3002\u90fd\u662f\u6cea\u3002\u3002",
    "plain_text": false,
    "topic": 67,
    "created_on": "2015-11-22T23:00:13Z",
    "user": [
      "zruan"
    ],
    "reply_to": null
  },
  "model": "cmubbs.post",
  "pk": 133
},
{
  "fields": {
    "text": "up",
    "plain_text": false,
    "topic": 75,
    "created_on": "2015-11-22T23:18:06Z",
    "user": [
      "cmulq"
    ],
    "reply_to": null
  },
  "model": "cmubbs.post",
  "pk": 135
},
{
  "fields": {
    "text": "Tooooooo much homework!",
    "plain_text": false,
    "topic": 77,
    "created_on": "2015-11-23T11:27:58Z",
    "user": [
      "linxiz"
    ],
    "reply_to": null
  },
  "model": "cmubbs.post",
  "pk": 136
},
{
  "fields": {
    "text": "+1",
    "plain_text": false,
    "topic": 77,
    "created_on": "2015-11-23T11:28:21Z",
    "user": [
      "lalala"
    ],
    "reply_to": null
  },
  "model": "cmubbs.post",
  "pk": 137
},
{
  "fields": {
    "text": "Every time my friends said they have to finish their homework of cloud computing and could not come. We lack people to play cards with!",
    "plain_text": false,
    "topic": 78,
    "created_on": "2015-11-23T11:32:20Z",
    "user": [
      "linxiz"
    ],
    "reply_to": null
  },
  "model": "cmubbs.post",
  "pk": 138
},
{
  "fields": {
    "text": "But I think it is really worth the time.",
    "plain_text": false,
    "topic": 78,
    "created_on": "2015-11-23T11:34:54Z",
    "user": [
      "linxiz"
    ],
    "reply_to": null
  },
  "model": "cmubbs.post",
  "pk": 139
},
{
  "fields": {
    "text": "cannot agree more!",
    "plain_text": false,
    "topic": 78,
    "created_on": "2015-11-23T12:17:08Z",
    "user": [
      "linxiz"
    ],
    "reply_to": null
  },
  "model": "cmubbs.post",
  "pk": 146
},
{
  "fields": {
    "text": "+1",
    "plain_text": false,
    "topic": 78,
    "created_on": "2015-11-23T12:58:15Z",
    "user": [
      "linxiz"
    ],
    "reply_to": null
  },
  "model": "cmubbs.post",
  "pk": 150
},
{
  "fields": {
    "text": "+2",
    "plain_text": false,
    "topic": 78,
    "created_on": "2015-11-23T13:07:06Z",
    "user": [
      "linxiz"
    ],
    "reply_to": null
  },
  "model": "cmubbs.post",
  "pk": 154
},
{
  "fields": {
    "text": "+2",
    "plain_text": false,
    "topic": 77,
    "created_on": "2015-11-23T16:32:06Z",
    "user": [
      "zruan"
    ],
    "reply_to": null
  },
  "model": "cmubbs.post",
  "pk": 155
},
{
  "fields": {
    "text": "aaaa, no card game, no fun ",
    "plain_text": false,
    "topic": 78,
    "created_on": "2015-11-23T16:32:28Z",
    "user": [
      "zruan"
    ],
    "reply_to": null
  },
  "model": "cmubbs.post",
  "pk": 156
},
{
  "fields": {
    "text": "EE~",
    "plain_text": false,
    "topic": 16,
    "created_on": "2015-11-23T17:35:10Z",
    "user": [
      "\u5e7c\u513f\u56ed\u5c0f\u9738\u738b"
    ],
    "reply_to": null
  },
  "model": "cmubbs.post",
  "pk": 157
},
{
  "fields": {
    "text": "\u5f88\u96be\u731c",
    "plain_text": false,
    "topic": 7,
    "created_on": "2015-11-23T17:35:59Z",
    "user": [
      "\u5e7c\u513f\u56ed\u5c0f\u9738\u738b"
    ],
    "reply_to": null
  },
  "model": "cmubbs.post",
  "pk": 158
},
{
  "fields": {
    "text": "\u5929\u9ed1\u8bf7\u95ed\u773c\r\n\u7801\u519c\u8bf7\u7741\u773c\r\n\u7801\u519c\u8bf7\u9009\u62e9\u4e00\u79cd\u8bed\u8a00\uff01\r\n\u4f60\u9009\u62e9\u597d\u4e86\u4e48\r\n\u5929\u4eae\u4e86\r\n\u7801\u519c\u6b7b\u4e86",
    "plain_text": false,
    "topic": 87,
    "created_on": "2015-11-23T17:37:23Z",
    "user": [
      "lianguasth"
    ],
    "reply_to": null
  },
  "model": "cmubbs.post",
  "pk": 159
},
{
  "fields": {
    "text": "Follow your heart",
    "plain_text": false,
    "topic": 91,
    "created_on": "2015-11-23T18:03:13Z",
    "user": [
      "bowenz"
    ],
    "reply_to": null
  },
  "model": "cmubbs.post",
  "pk": 164
},
{
  "fields": {
    "text": "test",
    "plain_text": false,
    "topic": 9,
    "created_on": "2015-11-23T18:08:25Z",
    "user": [
      "linxiz"
    ],
    "reply_to": null
  },
  "model": "cmubbs.post",
  "pk": 165
},
{
  "fields": {
    "text": "aaaa",
    "plain_text": false,
    "topic": 9,
    "created_on": "2015-11-23T18:17:13Z",
    "user": [
      "bowenz"
    ],
    "reply_to": 37
  },
  "model": "cmubbs.post",
  "pk": 166
},
{
  "fields": {
    "text": "heihei",
    "plain_text": false,
    "topic": 9,
    "created_on": "2015-11-23T18:17:25Z",
    "user": [
      "linxiz"
    ],
    "reply_to": 28
  },
  "model": "cmubbs.post",
  "pk": 167
},
{
  "fields": {
    "text": "TT",
    "plain_text": false,
    "topic": 78,
    "created_on": "2015-11-23T18:56:19Z",
    "user": [
      "linxiz"
    ],
    "reply_to": null
  },
  "model": "cmubbs.post",
  "pk": 172
},
{
  "fields": {
    "text": "+1",
    "plain_text": false,
    "topic": 78,
    "created_on": "2015-11-23T20:38:32Z",
    "user": [
      "linxiz"
    ],
    "reply_to": null
  },
  "model": "cmubbs.post",
  "pk": 179
},
{
  "fields": {
    "text": "\u5982\u9898",
    "plain_text": false,
    "topic": 99,
    "created_on": "2015-11-23T23:07:56Z",
    "user": [
      "bowenz"
    ],
    "reply_to": null
  },
  "model": "cmubbs.post",
  "pk": 180
},
{
  "fields": {
    "text": "\u5e94\u8be5\u8fd8\u6709bowen zhu",
    "plain_text": false,
    "topic": 99,
    "created_on": "2015-11-23T23:08:23Z",
    "user": [
      "bowenz"
    ],
    "reply_to": null
  },
  "model": "cmubbs.post",
  "pk": 181
},
{
  "fields": {
    "text": "\u8bf4\u5f97\u5bf9\uff01",
    "plain_text": false,
    "topic": 99,
    "created_on": "2015-11-23T23:08:30Z",
    "user": [
      "bowenz"
    ],
    "reply_to": 181
  },
  "model": "cmubbs.post",
  "pk": 182
},
{
  "fields": {
    "text": "\u96be\u9053\u662f\u4eb2\u5bc6\u7684\u5144\u5f1f\uff1f",
    "plain_text": false,
    "topic": 7,
    "created_on": "2015-11-23T23:09:00Z",
    "user": [
      "bowenz"
    ],
    "reply_to": null
  },
  "model": "cmubbs.post",
  "pk": 183
},
{
  "fields": {
    "text": "\u4e2a\u5b50\u9ad8\u4e00\u70b9\u90fd\u4e0d\u597d @linxiz",
    "plain_text": false,
    "topic": 87,
    "created_on": "2015-11-23T23:12:05Z",
    "user": [
      "bowenz"
    ],
    "reply_to": null
  },
  "model": "cmubbs.post",
  "pk": 184
},
{
  "fields": {
    "text": "Hey it's good to see my name on it...",
    "plain_text": false,
    "topic": 99,
    "created_on": "2015-11-27T21:19:25Z",
    "user": [
      "MostHandsomeGuyInLTI"
    ],
    "reply_to": null
  },
  "model": "cmubbs.post",
  "pk": 187
},
{
  "fields": {
    "text": "Hi, are you jamie or nyberg?",
    "plain_text": false,
    "topic": 99,
    "created_on": "2015-11-29T05:18:41Z",
    "user": [
      "bowenz"
    ],
    "reply_to": 187
  },
  "model": "cmubbs.post",
  "pk": 188
},
{
  "fields": {
    "text": "\u5475\u5475\u54d2~~",
    "plain_text": false,
    "topic": 7,
    "created_on": "2015-12-02T18:16:00Z",
    "user": [
      "shicheng"
    ],
    "reply_to": null
  },
  "model": "cmubbs.post",
  "pk": 192
},
{
  "fields": {
    "text": "\u6211\u6295Bowen Zhu!",
    "plain_text": false,
    "topic": 99,
    "created_on": "2015-12-02T18:16:49Z",
    "user": [
      "shicheng"
    ],
    "reply_to": null
  },
  "model": "cmubbs.post",
  "pk": 193
},
{
  "fields": {
    "text": "\u70eb\u70eb\u70eb\u70eb\u70eb\u70eb\u70eb\u70eb\u70eb\u70eb\u70eb\u70eb\u70eb\u70eb\u70eb\u70eb\u70eb\u70eb\u70eb\u70eb\u70eb\u70eb\u70eb\u70eb\u70eb\u70eb\u70eb\u70eb\u70eb\u70eb\u70eb\u70eb\u70eb\u70eb\u70eb\u70eb\u70eb\u70eb\u70eb\u70eb\u70eb\u70eb\u70eb\u70eb\u70eb\u70eb\u70eb\u70eb\u70eb\u70eb\u70eb\u70eb\u70eb\u70eb\u70eb\u70eb\u70eb\u70eb\u70eb\u70eb\u70eb\u70eb\u70eb\u70eb\u70eb\u70eb\u70eb\u70eb\u70eb\u70eb\u70eb\u70eb\u70eb\u70eb\u70eb\u70eb\u70eb\u70eb\u70eb\u70eb\u70eb\u70eb\u70eb\u70eb\u70eb\u70eb\u70eb\u70eb\u70eb\u70eb\u70eb\u70eb\u70eb\u70eb\u70eb\u70eb\u70eb\u70eb\u70eb\u70eb\u70eb\u70eb\u70eb\u70eb\u70eb\u70eb\u70eb\u70eb\u70eb\u70eb\u70eb\u70eb\u70eb\u70eb\u70eb\u70eb\u70eb\u70eb\u70eb\u70eb\u70eb\u70eb\u70eb\u70eb\u70eb\u70eb\u70eb\u70eb\u70eb\u70eb\u70eb\u70eb\u70eb\u70eb\u70eb\u70eb\u70eb\u70eb\u70eb\u70eb\u70eb\u70eb\u70eb\u70eb\u70eb\u70eb\u70eb\u70eb\u70eb\u70eb\u70eb\u70eb\u70eb\u70eb\u70eb\u70eb\u70eb\u70eb\u70eb\u70eb\u70eb\u70eb\u70eb\u70eb\u70eb\u70eb\u70eb\u70eb\u70eb\u70eb\u70eb\u70eb\u70eb\u70eb\u70eb\u70eb\u70eb\u70eb\u70eb\u70eb\u70eb\u70eb\u70eb\u70eb\u70eb\u70eb\u70eb\u70eb\u70eb\u70eb\u70eb\u70eb\u70eb\u70eb\u70eb\u70eb\u70eb\u70eb\u70eb\u70eb\u70eb\u70eb\u70eb\u70eb\u70eb\u70eb\u70eb\u70eb\u70eb\u70eb\u70eb\u70eb\u70eb\u70eb\u70eb\u70eb\u70eb\u70eb\u70eb\u70eb\u70eb\u70eb\u70eb\u70eb\u70eb\u70eb\u70eb\u70eb\u70eb\u70eb\u70eb\u70eb\u70eb\u70eb\u70eb\u70eb\u70eb\u70eb\u70eb\u70eb\u70eb\u70eb\u70eb\u70eb\u70eb\u70eb\u70eb\u70eb\u70eb\u70eb\u70eb\u70eb\u70eb\u70eb\u70eb\u70eb\u70eb\u70eb\u70eb\u70eb\u70eb\u70eb\u70eb\u70eb\u70eb\u70eb\u70eb\u70eb\u70eb\u70eb\u70eb\u70eb\u70eb\u70eb\u70eb\u70eb\u70eb\u70eb\u70eb\u70eb\u70eb\u70eb\u70eb\u70eb\u70eb\u70eb\u70eb\u70eb\u70eb\u70eb\u70eb\u70eb\u70eb\u70eb\u70eb\u70eb\u70eb\u70eb\u70eb\u70eb\u70eb\u70eb\u70eb\u70eb\u70eb\u70eb\u70eb\u70eb\u70eb\u70eb\u70eb\u70eb\u70eb\u70eb\u70eb\u70eb\u70eb\u70eb\u70eb\u70eb\u70eb\u70eb\u70eb\u70eb\u70eb\u70eb\u70eb\u70eb\u70eb\u70eb\u70eb\u70eb\u70eb\u70eb\u70eb\u70eb\u70eb\u70eb\u70eb\u70eb\u70eb\u70eb\u70eb\u70eb\u70eb\u70eb\u70eb\u70eb\u70eb\u70eb\u70eb\u70eb\u70eb\u70eb\u70eb\u70eb\u70eb\u70eb\u70eb\u70eb\u70eb\u70eb\u70eb\u70eb\u70eb\u70eb\u70eb\u70eb\u70eb\u70eb\u70eb\u70eb\u70eb\u70eb\u70eb\u70eb\u70eb\u70eb\u70eb\u70eb\u70eb\u70eb\u70eb\u70eb\u70eb\u70eb\u70eb\u70eb\u70eb\u70eb\u70eb\u70eb\u70eb\u70eb\u70eb\u70eb\u70eb\u70eb\u70eb\u70eb\u70eb\u70eb\u70eb\u70eb\u70eb\u70eb\u70eb\u70eb\u70eb\u70eb\u70eb\u70eb\u70eb\u70eb\u70eb\u70eb\u70eb\u70eb\u70eb\u70eb\u70eb\u70eb\u70eb\u70eb\u70eb\u70eb\u70eb\u70eb\u70eb\u70eb\u70eb\u70eb\u70eb\u70eb\u70eb\u70eb\u70eb\u70eb\u70eb\u70eb\u70eb\u70eb\u70eb\u70eb\u70eb\u70eb\u70eb\u70eb\u70eb\u70eb\u70eb\u70eb\u70eb\u70eb\u70eb\u70eb\u70eb\u70eb\u70eb\u70eb\u70eb\u70eb\u70eb\u70eb\u70eb\u70eb\u70eb\u70eb\u70eb\u70eb\u70eb\u70eb\u70eb\u70eb\u70eb\u70eb\u70eb\u70eb\u70eb\u70eb\u70eb\u70eb\u70eb\u70eb\u70eb\u70eb\u70eb\u70eb\u70eb\u70eb\u70eb\u70eb\u70eb\u70eb\u70eb\u70eb\u70eb\u70eb\u70eb\u70eb\u70eb\u70eb\u70eb\u70eb\u70eb\u70eb\u70eb\u70eb\u70eb\u70eb\u70eb\u70eb\u70eb\u70eb\u70eb\u70eb\u70eb\u70eb\u70eb\u70eb\u70eb\u70eb\u70eb\u70eb\u70eb\u70eb\u70eb\u70eb\u70eb\u70eb\u70eb\u70eb\u70eb\u70eb\u70eb\u70eb\u70eb\u70eb\u70eb\u70eb\u70eb\u70eb\u70eb\u70eb\u70eb\u70eb\u70eb\u70eb\u70eb\u70eb\u70eb\u70eb\u70eb\u70eb\u70eb\u70eb\u70eb\u70eb\u70eb\u70eb\u70eb\u70eb\u70eb\u70eb\u70eb\u70eb\u70eb\u70eb\u70eb\u70eb\u70eb\u70eb\u70eb\u70eb\u70eb\u70eb\u70eb\u70eb\u70eb\u70eb\u70eb\u70eb\u70eb\u70eb\u70eb\u70eb\u70eb\u70eb\u70eb\u70eb\u70eb\u70eb\u70eb\u70eb\u70eb\u70eb\u70eb\u70eb\u70eb\u70eb\u70eb\u70eb\u70eb\u70eb\u70eb\u70eb\u70eb\u70eb\u70eb\u70eb\u70eb\u70eb\u70eb\u70eb\u70eb\u70eb\u70eb\u70eb\u70eb\u70eb\u70eb\u70eb\u70eb\u70eb\u70eb\u70eb\u70eb\u70eb\u70eb\u70eb\u70eb\u70eb\u70eb\u70eb\u70eb\u70eb\u70eb\u70eb\u70eb\u70eb\u70eb\u70eb\u70eb\u70eb\u70eb\u70eb\u70eb\u70eb\u70eb\u70eb\u70eb\u70eb\u70eb\u70eb\u70eb\u70eb\u70eb\u70eb\u70eb\u70eb\u70eb\u70eb\u70eb\u70eb\u70eb\u70eb\u70eb\u70eb\u70eb\u70eb\u70eb\u70eb\u70eb\u70eb\u70eb\u70eb\u70eb\u70eb\u70eb\u70eb\u70eb\u70eb\u70eb\u70eb\u70eb\u70eb\u70eb\u70eb\u70eb\u70eb\u70eb\u70eb\u70eb\u70eb\u70eb\u70eb\u70eb\u70eb\u70eb\u70eb\u70eb\u70eb\u70eb\u70eb\u70eb\u70eb\u70eb\u70eb\u70eb\u70eb\u70eb\u70eb\u70eb\u70eb\u70eb\u70eb\u70eb\u70eb\u70eb\u70eb\u70eb\u70eb\u70eb\u70eb\u70eb\u70eb\u70eb\u70eb\u70eb\u70eb\u70eb\u70eb\u70eb\u70eb\u70eb\u70eb\u70eb\u70eb\u70eb\u70eb\u70eb\u70eb\u70eb\u70eb\u70eb\u70eb\u70eb\u70eb\u70eb\u70eb\u70eb\u70eb\u70eb\u70eb\u70eb\u70eb\u70eb\u70eb\u70eb\u70eb\u70eb\u70eb\u70eb\u70eb\u70eb\u70eb\u70eb\u70eb\u70eb\u70eb\u70eb\u70eb\u70eb\u70eb\u70eb\u70eb\u70eb\u70eb\u70eb\u70eb\u70eb\u70eb\u70eb\u70eb\u70eb\u70eb\u70eb\u70eb\u70eb\u70eb\u70eb\u70eb\u70eb\u70eb\u70eb\u70eb\u70eb\u70eb\u70eb\u70eb\u70eb\u70eb\u70eb\u70eb\u70eb\u70eb\u70eb\u70eb\u70eb\u70eb\u70eb\u70eb\u70eb\u70eb\u70eb\u70eb\u70eb\u70eb\u70eb\u70eb\u70eb\u70eb\u70eb\u70eb\u70eb\u70eb\u70eb\u70eb\u70eb\u70eb\u70eb\u70eb\u70eb\u70eb\u70eb\u70eb\u70eb\u70eb\u70eb\u70eb\u70eb\u70eb\u70eb\u70eb\u70eb\u70eb\u70eb\u70eb\u70eb\u70eb\u70eb\u70eb\u70eb\u70eb\u70eb\u70eb\u70eb\u70eb\u70eb\u70eb\u70eb\u70eb\u70eb\u70eb\u70eb\u70eb\u70eb\u70eb\u70eb\u70eb\u70eb\u70eb\u70eb\u70eb\u70eb\u70eb\u70eb\u70eb\u70eb\u70eb\u70eb\u70eb\u70eb\u70eb\u70eb\u70eb\u70eb\u70eb\u70eb\u70eb\u70eb\u70eb\u70eb\u70eb\u70eb\u70eb\u70eb\u70eb\u70eb\u70eb\u70eb\u70eb\u70eb\u70eb\u70eb\u70eb\u70eb\u70eb\u70eb\u70eb\u70eb\u70eb\u70eb\u70eb\u70eb\u70eb\u70eb\u70eb\u70eb\u70eb\u70eb\u70eb\u70eb\u70eb\u70eb\u70eb\u70eb\u70eb\u70eb\u70eb\u70eb\u70eb\u70eb\u70eb\u70eb\u70eb\u70eb\u70eb\u70eb\u70eb\u70eb\u70eb\u70eb\u70eb\u70eb\u70eb\u70eb\u70eb\u70eb\u70eb\u70eb\u70eb\u70eb\u70eb\u70eb\u70eb\u70eb\u70eb\u70eb\u70eb\u70eb\u70eb\u70eb\u70eb\u70eb\u70eb\u70eb\u70eb\u70eb\u70eb\u70eb\u70eb\u70eb\u70eb\u70eb\u70eb\u70eb\u70eb\u70eb\u70eb\u70eb\u70eb\u70eb\u70eb\u70eb\u70eb\u70eb\u70eb\u70eb\u70eb\u70eb\u70eb\u70eb\u70eb\u70eb\u70eb\u70eb\u70eb\u70eb\u70eb",
    "plain_text": false,
    "topic": 102,
    "created_on": "2015-12-02T18:33:19Z",
    "user": [
      "linxiz"
    ],
    "reply_to": null
  },
  "model": "cmubbs.post",
  "pk": 198
},
{
  "fields": {
    "text": "RT",
    "plain_text": false,
    "topic": 103,
    "created_on": "2015-12-02T18:35:08Z",
    "user": [
      "linxiz"
    ],
    "reply_to": null
  },
  "model": "cmubbs.post",
  "pk": 199
},
{
  "fields": {
    "text": "+1",
    "plain_text": false,
    "topic": 99,
    "created_on": "2015-12-03T15:45:44Z",
    "user": [
      "bowenz"
    ],
    "reply_to": 193
  },
  "model": "cmubbs.post",
  "pk": 200
},
{
  "fields": {
    "text": "\u4eb2\u5bc6\u7684\u5144\u8d35\uff1f",
    "plain_text": false,
    "topic": 7,
    "created_on": "2015-12-03T15:46:08Z",
    "user": [
      "bowenz"
    ],
    "reply_to": 183
  },
  "model": "cmubbs.post",
  "pk": 201
},
{
  "fields": {
    "text": "\u96be\u9053\u90fd\u662f\u7801\u519c\uff1f\u6211\u4e0d\u4fe1",
    "plain_text": false,
    "topic": 104,
    "created_on": "2015-12-03T16:20:30Z",
    "user": [
      "bowenz"
    ],
    "reply_to": null
  },
  "model": "cmubbs.post",
  "pk": 202
},
{
  "fields": {
    "text": "\u52a8\u7269\u5458",
    "plain_text": false,
    "topic": 104,
    "created_on": "2015-12-03T20:58:30Z",
    "user": [
      "lianguasth"
    ],
    "reply_to": null
  },
  "model": "cmubbs.post",
  "pk": 203
},
{
  "fields": {
    "text": "\u4f60\u662f\u60f3\u8bf4\u4f60\u60f3\u5f53\u52a8\u7269\u4e48\u3002\u3002\u3002",
    "plain_text": false,
    "topic": 104,
    "created_on": "2015-12-03T20:59:16Z",
    "user": [
      "bowenz"
    ],
    "reply_to": 203
  },
  "model": "cmubbs.post",
  "pk": 204
},
{
  "fields": {
    "text": "coming soon~",
    "plain_text": false,
    "topic": 103,
    "created_on": "2015-12-03T21:07:20Z",
    "user": [
      "bowenz"
    ],
    "reply_to": 199
  },
  "model": "cmubbs.post",
  "pk": 205
},
{
  "fields": {
    "text": "\u80af\u5b9a\u662f\u5f20\u6cf0\u6e90\u6700\u5e05\u554a\uff08\u672c\u67615\u6bdb\uff0c\u62ec\u53f7\u5185\u5220\u6389\uff09",
    "plain_text": false,
    "topic": 99,
    "created_on": "2015-12-03T21:27:58Z",
    "user": [
      "bowenz"
    ],
    "reply_to": null
  },
  "model": "cmubbs.post",
  "pk": 206
},
{
  "fields": {
    "text": "\u6d88\u706d0\u56de\u590d",
    "plain_text": false,
    "topic": 102,
    "created_on": "2015-12-03T21:38:32Z",
    "user": [
      "bowenz"
    ],
    "reply_to": null
  },
  "model": "cmubbs.post",
  "pk": 207
},
{
  "fields": {
    "text": "\u6211\u5c31\u56de\u4e00\u4e0b",
    "plain_text": false,
    "topic": 64,
    "created_on": "2015-12-03T21:38:44Z",
    "user": [
      "bowenz"
    ],
    "reply_to": null
  },
  "model": "cmubbs.post",
  "pk": 208
},
{
  "fields": {
    "text": "\u592a\u591a\uff0c\u53cd\u6b63\u4e0d\u662f\u7801\u519c\uff0c\u644a\u624b",
    "plain_text": false,
    "topic": 104,
    "created_on": "2015-12-04T00:03:07Z",
    "user": [
      "linxiz"
    ],
    "reply_to": null
  },
  "model": "cmubbs.post",
  "pk": 209
},
{
  "fields": {
    "text": "must be within one week !",
    "plain_text": false,
    "topic": 103,
    "created_on": "2015-12-04T00:04:19Z",
    "user": [
      "linxiz"
    ],
    "reply_to": null
  },
  "model": "cmubbs.post",
  "pk": 210
},
{
  "fields": {
    "text": "a... login in with wrong username > <",
    "plain_text": false,
    "topic": 103,
    "created_on": "2015-12-04T00:04:46Z",
    "user": [
      "zruan"
    ],
    "reply_to": 210
  },
  "model": "cmubbs.post",
  "pk": 211
},
{
  "fields": {
    "text": "\u5f20\u6cf0\u6e90\u6700\u5e05\uff01\uff01\uff08\u672c\u67615\u6bdb\uff0c\u62ec\u53f7\u5185\u5220\u6389\uff09",
    "plain_text": false,
    "topic": 99,
    "created_on": "2015-12-04T00:11:58Z",
    "user": [
      "bowenz"
    ],
    "reply_to": null
  },
  "model": "cmubbs.post",
  "pk": 212
},
{
  "fields": {
    "text": "\u8bf4\u591a\u4e86\u90fd\u662f\u6cea\u3002\u3002\u3002",
    "plain_text": false,
    "topic": 104,
    "created_on": "2015-12-04T00:27:36Z",
    "user": [
      "bowenz"
    ],
    "reply_to": 209
  },
  "model": "cmubbs.post",
  "pk": 213
},
{
  "fields": {
    "text": "lz\u548c5\u697c\u6109\u5feb\u5730\u751f\u6d3b\u5728\u4e86\u4e00\u8d77",
    "plain_text": false,
    "topic": 102,
    "created_on": "2015-12-04T00:31:40Z",
    "user": [
      "zruan"
    ],
    "reply_to": null
  },
  "model": "cmubbs.post",
  "pk": 214
},
{
  "fields": {
    "text": "\u62a2\u4e2a5l",
    "plain_text": false,
    "topic": 102,
    "created_on": "2015-12-04T00:33:37Z",
    "user": [
      "bowenz"
    ],
    "reply_to": null
  },
  "model": "cmubbs.post",
  "pk": 215
},
{
  "fields": {
    "text": "\u5c45\u7136\u6ca1\u62a2\u4e0a\uff1f",
    "plain_text": false,
    "topic": 102,
    "created_on": "2015-12-04T00:33:58Z",
    "user": [
      "bowenz"
    ],
    "reply_to": null
  },
  "model": "cmubbs.post",
  "pk": 216
},
{
  "fields": {
    "text": "alert('like a boss');",
    "plain_text": false,
    "topic": 7,
    "created_on": "2015-12-04T00:35:18Z",
    "user": [
      "admin"
    ],
    "reply_to": null
  },
  "model": "cmubbs.post",
  "pk": 217
},
{
  "fields": {
    "text": "\u771f\u7fa1\u6155\u6709\u4e24\u4e2a\u8d26\u53f7\u7684\u4eba",
    "plain_text": false,
    "topic": 103,
    "created_on": "2015-12-04T00:36:17Z",
    "user": [
      "bowenz"
    ],
    "reply_to": 211
  },
  "model": "cmubbs.post",
  "pk": 218
},
{
  "fields": {
    "text": "111",
    "plain_text": false,
    "topic": 7,
    "created_on": "2015-12-04T00:38:44Z",
    "user": [
      "admin"
    ],
    "reply_to": null
  },
  "model": "cmubbs.post",
  "pk": 219
},
{
  "fields": {
    "text": "\u6362\u4e2a\u540d\u5b57\u518d\u6765\u4e00\u6b21\uff0c\u53cd\u6b63\u4e0d\u662f\u7801\u519c",
    "plain_text": false,
    "topic": 104,
    "created_on": "2015-12-04T00:39:12Z",
    "user": [
      "yy"
    ],
    "reply_to": null
  },
  "model": "cmubbs.post",
  "pk": 220
},
{
  "fields": {
    "text": "22",
    "plain_text": false,
    "topic": 7,
    "created_on": "2015-12-04T00:39:25Z",
    "user": [
      "admin"
    ],
    "reply_to": null
  },
  "model": "cmubbs.post",
  "pk": 221
},
{
  "fields": {
    "text": "11",
    "plain_text": false,
    "topic": 7,
    "created_on": "2015-12-04T00:40:57Z",
    "user": [
      "admin"
    ],
    "reply_to": null
  },
  "model": "cmubbs.post",
  "pk": 222
},
{
  "fields": {
    "text": "",
    "plain_text": false,
    "topic": 7,
    "created_on": "2015-12-04T00:48:01Z",
    "user": [
      "admin"
    ],
    "reply_to": null
  },
  "model": "cmubbs.post",
  "pk": 224
},
{
  "fields": {
    "text": "",
    "plain_text": false,
    "topic": 7,
    "created_on": "2015-12-04T00:49:03Z",
    "user": [
      "admin"
    ],
    "reply_to": null
  },
  "model": "cmubbs.post",
  "pk": 225
},
{
  "fields": {
    "text": "",
    "plain_text": false,
    "topic": 7,
    "created_on": "2015-12-04T00:49:18Z",
    "user": [
      "admin"
    ],
    "reply_to": null
  },
  "model": "cmubbs.post",
  "pk": 226
},
{
  "fields": {
    "text": "click ",
    "plain_text": false,
    "topic": 7,
    "created_on": "2015-12-04T00:50:20Z",
    "user": [
      "admin"
    ],
    "reply_to": null
  },
  "model": "cmubbs.post",
  "pk": 227
},
{
  "fields": {
    "text": "alert('test')",
    "plain_text": false,
    "topic": 7,
    "created_on": "2015-12-04T00:50:44Z",
    "user": [
      "yy"
    ],
    "reply_to": 222
  },
  "model": "cmubbs.post",
  "pk": 228
},
{
  "fields": {
    "text": "click  ",
    "plain_text": false,
    "topic": 7,
    "created_on": "2015-12-04T00:51:52Z",
    "user": [
      "admin"
    ],
    "reply_to": null
  },
  "model": "cmubbs.post",
  "pk": 229
},
{
  "fields": {
    "text": "click  ",
    "plain_text": false,
    "topic": 7,
    "created_on": "2015-12-04T00:52:17Z",
    "user": [
      "admin"
    ],
    "reply_to": 229
  },
  "model": "cmubbs.post",
  "pk": 230
},
{
  "fields": {
    "text": "",
    "plain_text": false,
    "topic": 7,
    "created_on": "2015-12-04T00:53:52Z",
    "user": [
      "admin"
    ],
    "reply_to": null
  },
  "model": "cmubbs.post",
  "pk": 231
},
{
  "fields": {
    "text": "\u5927\u5e08\u4f4f\u624b\uff01\u5b83\u8fd8\u53ea\u662f\u4e2a\u5b69\u5b50\u554a",
    "plain_text": false,
    "topic": 7,
    "created_on": "2015-12-04T01:09:08Z",
    "user": [
      "zruan"
    ],
    "reply_to": null
  },
  "model": "cmubbs.post",
  "pk": 233
},
{
  "fields": {
    "text": "because we all use the same password for debugging...",
    "plain_text": false,
    "topic": 103,
    "created_on": "2015-12-04T01:19:54Z",
    "user": [
      "linxiz"
    ],
    "reply_to": null
  },
  "model": "cmubbs.post",
  "pk": 234
},
{
  "fields": {
    "text": "\u5c45\u7136\u6536\u5230\u4e86\u901a\u77e5\u8bf4\u8fd9\u4e2a\u5e16\u5b50\u6709\u56de\u5e16\uff01\u5feb\u8bf4\uff01\u662f\u8c01\u7528\u6211\u7684\u53f7\u53d1\u7684\u5e16\uff01",
    "plain_text": false,
    "topic": 104,
    "created_on": "2015-12-04T01:20:41Z",
    "user": [
      "linxiz"
    ],
    "reply_to": null
  },
  "model": "cmubbs.post",
  "pk": 235
},
{
  "fields": {
    "text": "\u8fd8\u7528\u8bf4\u5417\uff1f\u80af\u5b9a\u662f",
    "plain_text": false,
    "topic": 104,
    "created_on": "2015-12-04T01:28:17Z",
    "user": [
      "bowenz"
    ],
    "reply_to": 235
  },
  "model": "cmubbs.post",
  "pk": 236
},
{
  "fields": {
    "text": "aaa",
    "plain_text": false,
    "topic": 7,
    "created_on": "2015-12-04T01:53:55Z",
    "user": [
      "admin"
    ],
    "reply_to": 224
  },
  "model": "cmubbs.post",
  "pk": 240
},
{
  "fields": {
    "text": "\u80af\u5b9a\u662f\u697c\u4e0a\u54fc\u5527\uff01",
    "plain_text": false,
    "topic": 104,
    "created_on": "2015-12-04T01:57:32Z",
    "user": [
      "linxiz"
    ],
    "reply_to": 236
  },
  "model": "cmubbs.post",
  "pk": 241
},
{
  "fields": {
    "text": "\u6211\u4ee5\u524d\u90fd\u8fc7\u7968\uff0c\u73b0\u5728\u9009\u9879\u91cc\u770b\u4e0d\u5230\u6731\u535a\u6587\uff0c\u662fbug\u4e48\uff1f",
    "plain_text": false,
    "topic": 99,
    "created_on": "2015-12-04T02:26:56Z",
    "user": [
      "lianguasth"
    ],
    "reply_to": null
  },
  "model": "cmubbs.post",
  "pk": 243
},
{
  "fields": {
    "text": "\u53ef\u4ee5\u590f\u5929\u53bb\u561b",
    "plain_text": false,
    "topic": 22,
    "created_on": "2015-12-04T02:59:03Z",
    "user": [
      "wanpiqiao"
    ],
    "reply_to": null
  },
  "model": "cmubbs.post",
  "pk": 244
},
{
  "fields": {
    "text": "\u4ee5\u53ca\u6700\u5e95\u4e0b\u7684\u7ebf\u548c\u7248\u6743\u8fd9\u4e2a\u989c\u8272\u6839\u672c\u770b\u4e0d\u89c1\u554a\u554a\u554a\u554a\u554a\u554a",
    "plain_text": false,
    "topic": 22,
    "created_on": "2015-12-04T02:59:34Z",
    "user": [
      "wanpiqiao"
    ],
    "reply_to": null
  },
  "model": "cmubbs.post",
  "pk": 245
},
{
  "fields": {
    "text": "\u4ee5\u53capreview\u770b\u8d77\u6765\u5e76\u6ca1\u6709\u4ec0\u4e48\u5375\u7528\u554a\u554a\u554a\u554a",
    "plain_text": false,
    "topic": 22,
    "created_on": "2015-12-04T03:00:02Z",
    "user": [
      "wanpiqiao"
    ],
    "reply_to": null
  },
  "model": "cmubbs.post",
  "pk": 246
},
{
  "fields": {
    "text": "\u4e0d\u662fbug\uff0c\u4f60\u5c31\u662f\u770b\u4e0d\u5230\uff0c\u6211\u53ea\u662f\u8bf4\u8bf4\u73a9\u7684\u3002\u3002\u3002\u9009\u9879\u52a0\u4e0d\u4e0a\u53bb\u3002\u3002\u3002",
    "plain_text": false,
    "topic": 99,
    "created_on": "2015-12-04T03:00:22Z",
    "user": [
      "bowenz"
    ],
    "reply_to": 243
  },
  "model": "cmubbs.post",
  "pk": 247
},
{
  "fields": {
    "text": "\u8fd9\u91cc\u9762\u4e0d\u80fd\u9009\u5b57\u4f53\u548c\u989c\u8272\u4e5f\u4e0d\u5f00\u5fc3",
    "plain_text": false,
    "topic": 22,
    "created_on": "2015-12-04T03:00:28Z",
    "user": [
      "wanpiqiao"
    ],
    "reply_to": 72
  },
  "model": "cmubbs.post",
  "pk": 248
},
{
  "fields": {
    "text": "\u8fd9\u4e2a\u56fe\u662f\u8dea\u4e86\u4e48",
    "plain_text": false,
    "topic": 7,
    "created_on": "2015-12-04T03:02:46Z",
    "user": [
      "wanpiqiao"
    ],
    "reply_to": 222
  },
  "model": "cmubbs.post",
  "pk": 249
},
{
  "fields": {
    "text": "\u771f\u4e0d\u662f\u6211\u3002\u3002\u3002\u6211\u53ea\u7528\u81ea\u5df1\u7684\u8d26\u53f7\u7684",
    "plain_text": false,
    "topic": 104,
    "created_on": "2015-12-04T03:39:56Z",
    "user": [
      "bowenz"
    ],
    "reply_to": 241
  },
  "model": "cmubbs.post",
  "pk": 250
},
{
  "fields": {
    "text": "\u7ecfTrip Pins \u7f51\u7ad9\u5c0f\u7ec4\u6210\u5458\u59d4\u6258\uff0c\u6211\u7279\u610f\u5728\u8fd9\u91cc\u53d1\u5e16\u5ba3\u4f20\u4ed6\u4eec\u7684\u7f51\u7ad9 www.trippins.us \u5e0c\u671b\u5927\u5bb6\u4e0a\u53bb\u8f6c\u8f6c\u5e76\u627e\u627ebug\uff0c\u770b\u770b\u8c01\u627e\u7684\u6700\u591a\uff01",
    "plain_text": false,
    "topic": 109,
    "created_on": "2015-12-04T06:26:21Z",
    "user": [
      "bowenz"
    ],
    "reply_to": null
  },
  "model": "cmubbs.post",
  "pk": 251
},
{
  "fields": {
    "text": ".......",
    "plain_text": false,
    "topic": 109,
    "created_on": "2015-12-04T06:27:34Z",
    "user": [
      "\u5e7c\u513f\u56ed\u5c0f\u9738\u738b"
    ],
    "reply_to": null
  },
  "model": "cmubbs.post",
  "pk": 252
},
{
  "fields": {
    "text": "\u8bc4\u8bba\u7684\u957f\u5ea6\u6709\u9650\uff0c\u4f1a\u88ab\u5207\u6389\u4e00\u90e8\u5206",
    "plain_text": false,
    "topic": 109,
    "created_on": "2015-12-04T06:54:45Z",
    "user": [
      "bowenz"
    ],
    "reply_to": null
  },
  "model": "cmubbs.post",
  "pk": 253
},
{
  "fields": {
    "text": "\u7f51\u7ad9\u5f00\u53d1\u8005\u79f0\uff1a\u201c\u6211\u4eec\u7684\u7f51\u7ad9\u4e0d\u60e7\u6015\u4efb\u4f55\u6311\u6218\uff01\u201d",
    "plain_text": false,
    "topic": 109,
    "created_on": "2015-12-04T07:07:47Z",
    "user": [
      "bowenz"
    ],
    "reply_to": 251
  },
  "model": "cmubbs.post",
  "pk": 254
},
{
  "fields": {
    "text": "settings \u548c pin trip \u8fd8\u662f\u70b9\u4e0d\u4e86\uff0c\u4ee5\u53ca\u5e76\u4e0d\u77e5\u9053\u540e\u8005\u662f\u4ec0\u4e48\u610f\u601d\uff1f",
    "plain_text": false,
    "topic": 109,
    "created_on": "2015-12-04T18:00:26Z",
    "user": [
      "yy"
    ],
    "reply_to": null
  },
  "model": "cmubbs.post",
  "pk": 255
},
{
  "fields": {
    "text": "\u554a\u554a\u554a\u554a\u554a\u554a\uff0c\u7535\u8111\u541b\u4f60\u600e\u4e48\u4e86\uff0c\u4f60\u5feb\u9192\u9192\uff01\u6211\u5e26\u4f60\u56de\u5bb6\u5403\u597d\u5403\u7684\uff01",
    "plain_text": false,
    "topic": 110,
    "created_on": "2015-12-04T18:01:56Z",
    "user": [
      "yy"
    ],
    "reply_to": null
  },
  "model": "cmubbs.post",
  "pk": 256
},
{
  "fields": {
    "text": "\u7535\u8111\u541b\u52a0\u6cb9\uff01\u4f60\u53ef\u4ee5\u7684\uff01",
    "plain_text": false,
    "topic": 110,
    "created_on": "2015-12-04T18:11:49Z",
    "user": [
      "bowenz"
    ],
    "reply_to": null
  },
  "model": "cmubbs.post",
  "pk": 257
},
{
  "fields": {
    "text": "\u95ee\u9898\u5df2\u4fee\u590d\uff0c\u6b22\u8fce\u7ee7\u7eed\u628a\u73a9",
    "plain_text": false,
    "topic": 109,
    "created_on": "2015-12-04T18:24:40Z",
    "user": [
      "\u5e7c\u513f\u56ed\u5c0f\u9738\u738b"
    ],
    "reply_to": null
  },
  "model": "cmubbs.post",
  "pk": 258
},
{
  "fields": {
    "text": "\u5f3a\u70c8\u8981\u6c42fix bug\u52a0\u5165\u6731\u535a\u6587\u8fd9\u4e2a\u9009\u9879",
    "plain_text": false,
    "topic": 99,
    "created_on": "2015-12-04T18:28:36Z",
    "user": [
      "Riviera"
    ],
    "reply_to": null
  },
  "model": "cmubbs.post",
  "pk": 259
},
{
  "fields": {
    "text": "Fix~",
    "plain_text": false,
    "topic": 99,
    "created_on": "2015-12-04T18:33:52Z",
    "user": [
      "bowenz"
    ],
    "reply_to": 259
  },
  "model": "cmubbs.post",
  "pk": 260
},
{
  "fields": {
    "text": "bowen bowen",
    "plain_text": false,
    "topic": 99,
    "created_on": "2015-12-04T18:51:30Z",
    "user": [
      "bowenzhu"
    ],
    "reply_to": null
  },
  "model": "cmubbs.post",
  "pk": 261
},
{
  "fields": {
    "text": "\u9009\u51fa\u4f60\u4eec\u5fc3\u4e2d\u7684\u7537\u795e\uff08\u7981\u6b62\u6076\u610f\u5237\u7968\uff01\uff01\uff01\uff09",
    "plain_text": false,
    "topic": 111,
    "created_on": "2015-12-04T19:01:24Z",
    "user": [
      "bowenz"
    ],
    "reply_to": null
  },
  "model": "cmubbs.post",
  "pk": 262
},
{
  "fields": {
    "text": "I'm the big fan of Yang Wu!",
    "plain_text": false,
    "topic": 111,
    "created_on": "2015-12-04T19:11:24Z",
    "user": [
      "bowenz"
    ],
    "reply_to": null
  },
  "model": "cmubbs.post",
  "pk": 263
},
{
  "fields": {
    "text": "http://www.zhihu.com/question/21086081   Hope this help~",
    "plain_text": false,
    "topic": 110,
    "created_on": "2015-12-05T00:58:05Z",
    "user": [
      "bowenz"
    ],
    "reply_to": 256
  },
  "model": "cmubbs.post",
  "pk": 266
},
{
  "fields": {
    "text": "\u5982\u9898",
    "plain_text": false,
    "topic": 115,
    "created_on": "2015-12-05T01:50:17Z",
    "user": [
      "King of LTI"
    ],
    "reply_to": null
  },
  "model": "cmubbs.post",
  "pk": 268
},
{
  "fields": {
    "text": "\u8981\u9020\u53cd\uff1f",
    "plain_text": false,
    "topic": 115,
    "created_on": "2015-12-05T01:57:27Z",
    "user": [
      "Brother Jamie"
    ],
    "reply_to": null
  },
  "model": "cmubbs.post",
  "pk": 269
},
{
  "fields": {
    "text": "\u7fa4\u4f17\u7684\u773c\u775b\u662f\u96ea\u4eae\u7684\uff0c\u6211\u76f8\u4fe1\u4ed6\u4eec\u4f1a\u9009\u51fa\u771f\u6b63\u7684\u738b\u8005",
    "plain_text": false,
    "topic": 115,
    "created_on": "2015-12-05T01:58:32Z",
    "user": [
      "King of LTI"
    ],
    "reply_to": 269
  },
  "model": "cmubbs.post",
  "pk": 270
},
{
  "fields": {
    "text": "\u7adf\u7136\u6253\u5e73\u4e86\u2026\u2026\u7fa4\u4f17\u7684\u5fc3\u601d\u771f\u4e0d\u53ef\u6d4b",
    "plain_text": false,
    "topic": 115,
    "created_on": "2015-12-05T02:04:57Z",
    "user": [
      "manjusaka077"
    ],
    "reply_to": null
  },
  "model": "cmubbs.post",
  "pk": 271
},
{
  "fields": {
    "text": "RT\r\nbless...",
    "plain_text": false,
    "topic": 116,
    "created_on": "2015-12-05T02:05:37Z",
    "user": [
      "manjusaka077"
    ],
    "reply_to": null
  },
  "model": "cmubbs.post",
  "pk": 272
},
{
  "fields": {
    "text": "\u9876~",
    "plain_text": false,
    "topic": 116,
    "created_on": "2015-12-05T02:12:54Z",
    "user": [
      "bowenz"
    ],
    "reply_to": null
  },
  "model": "cmubbs.post",
  "pk": 273
},
{
  "fields": {
    "text": "\u6709\u5956\u54c1\u6ca1\uff1f",
    "plain_text": false,
    "topic": 109,
    "created_on": "2015-12-05T17:41:18Z",
    "user": [
      "yy"
    ],
    "reply_to": null
  },
  "model": "cmubbs.post",
  "pk": 274
},
{
  "fields": {
    "text": "\u6211\u5e72\u7684\uff0c\u644a\u624b",
    "plain_text": false,
    "topic": 104,
    "created_on": "2015-12-05T17:42:38Z",
    "user": [
      "yy"
    ],
    "reply_to": null
  },
  "model": "cmubbs.post",
  "pk": 275
},
{
  "fields": {
    "text": "\u4f60\u4e0a\u6b21\u6ca1\u767b\u51fa\u5457\uff0c\u6211\u4e5f\u6ca1\u68c0\u67e5\u6211\u5728\u7528\u8c01\u7684\u53f7",
    "plain_text": false,
    "topic": 104,
    "created_on": "2015-12-05T17:43:07Z",
    "user": [
      "yy"
    ],
    "reply_to": null
  },
  "model": "cmubbs.post",
  "pk": 276
},
{
  "fields": {
    "text": "\u6ca1\u6709zhubowen\u600e\u4e48\u9009\uff1f",
    "plain_text": false,
    "topic": 111,
    "created_on": "2015-12-05T18:23:36Z",
    "user": [
      "bowenzhu"
    ],
    "reply_to": null
  },
  "model": "cmubbs.post",
  "pk": 277
},
{
  "fields": {
    "text": "\u6709\u6709\u6709\uff0c\u60f3\u8981\u5956\u54c1\u8bf7\u8054\u7cfb\u6211",
    "plain_text": false,
    "topic": 109,
    "created_on": "2015-12-05T18:28:48Z",
    "user": [
      "bowenz"
    ],
    "reply_to": 274
  },
  "model": "cmubbs.post",
  "pk": 278
},
{
  "fields": {
    "text": "\u5e72\u5f97\u6f02\u4eae",
    "plain_text": false,
    "topic": 104,
    "created_on": "2015-12-05T18:29:31Z",
    "user": [
      "bowenz"
    ],
    "reply_to": 275
  },
  "model": "cmubbs.post",
  "pk": 279
},
{
  "fields": {
    "text": "\u8010\u4f2f\u683c\u52a0\u6cb9\uff01",
    "plain_text": false,
    "topic": 115,
    "created_on": "2015-12-05T18:45:43Z",
    "user": [
      "bowenz"
    ],
    "reply_to": null
  },
  "model": "cmubbs.post",
  "pk": 280
},
{
  "fields": {
    "text": "bowen zhu\u5462",
    "plain_text": false,
    "topic": 111,
    "created_on": "2015-12-05T19:34:44Z",
    "user": [
      "loono"
    ],
    "reply_to": null
  },
  "model": "cmubbs.post",
  "pk": 281
},
{
  "fields": {
    "text": "bless",
    "plain_text": false,
    "topic": 116,
    "created_on": "2015-12-05T19:40:09Z",
    "user": [
      "linxiz"
    ],
    "reply_to": null
  },
  "model": "cmubbs.post",
  "pk": 282
},
{
  "fields": {
    "text": "\u697c\u4e0a\u4e00\u770b\u5c31\u662fYY",
    "plain_text": false,
    "topic": 67,
    "created_on": "2015-12-05T19:43:15Z",
    "user": [
      "linxiz"
    ],
    "reply_to": 133
  },
  "model": "cmubbs.post",
  "pk": 283
},
{
  "fields": {
    "text": "\u5927\u5199\u7684YY\u4e0d\u662f\u4e00\u4e2a\u8f6f\u4ef6\u5417\uff1f",
    "plain_text": false,
    "topic": 67,
    "created_on": "2015-12-05T19:55:34Z",
    "user": [
      "bowenz"
    ],
    "reply_to": 283
  },
  "model": "cmubbs.post",
  "pk": 284
},
{
  "fields": {
    "text": "\u9ec4\u5b50\u97ec\u597d\u5e05",
    "plain_text": false,
    "topic": 99,
    "created_on": "2015-12-05T20:01:48Z",
    "user": [
      "bowenfans"
    ],
    "reply_to": 261
  },
  "model": "cmubbs.post",
  "pk": 285
},
{
  "fields": {
    "text": "\u56fe\u6302\u4e86\uff0c\u662f\u88ab\u7ba1\u7406\u5458\u5220\u4e86\u5417\uff1f",
    "plain_text": false,
    "topic": 7,
    "created_on": "2015-12-05T20:02:18Z",
    "user": [
      "bowenfans"
    ],
    "reply_to": null
  },
  "model": "cmubbs.post",
  "pk": 286
},
{
  "fields": {
    "text": "Bowen",
    "plain_text": false,
    "topic": 111,
    "created_on": "2015-12-05T20:02:41Z",
    "user": [
      "bowenfans"
    ],
    "reply_to": null
  },
  "model": "cmubbs.post",
  "pk": 287
},
{
  "fields": {
    "text": "\u7528\u6237\u770b\u4e0d\u5230\u81ea\u5df1\u4e4b\u524d\u5bf9pin\u7684\u6253\u5206\uff0c\u4ee5\u53ca\u5728\u5730\u56fe\u4e0a\u7684pin\u4e0d\u80fd\u76f4\u63a5\u8bc4\u8bba\u5e76\u4e14\u4e5f\u4e0d\u63d0\u4f9b\u5230\u53ef\u4ee5\u8bc4\u8bba\u7684\u94fe\u63a5\u3002\u3002\u3002\r\n\r\n\u987a\u4fbf\u95ee\u4e0bhome feed\u662f\u5e72\u795e\u9a6c\u7528\u7684\uff1f\r\n\r\n\u4ee5\u53ca\u697c\u4e0a\u4f60\u600e\u4e48\u77e5\u9053\u662f\u8c01\u56de\u7684\u5e16TT\uff0c\u4e3a\u4ec0\u4e48\u8981\u5728\u533f\u540d\u7248\u5757\u53d1\u5e16\u3002\u3002\u3002\r\n",
    "plain_text": false,
    "topic": 109,
    "created_on": "2015-12-05T20:03:44Z",
    "user": [
      "linxiz"
    ],
    "reply_to": 278
  },
  "model": "cmubbs.post",
  "pk": 288
},
{
  "fields": {
    "text": "\u8bed\u97f3\u4e48\u3002\u3002\u3002\u4e00\u770b\u697c\u4e0a\u5c31\u662f\u6253\u6e38\u620f\u7684\u3002\u3002\u3002",
    "plain_text": false,
    "topic": 67,
    "created_on": "2015-12-05T20:05:14Z",
    "user": [
      "linxiz"
    ],
    "reply_to": 284
  },
  "model": "cmubbs.post",
  "pk": 289
},
{
  "fields": {
    "text": "The most handsome guy in LTI.",
    "plain_text": false,
    "topic": 99,
    "created_on": "2015-12-05T21:42:58Z",
    "user": [
      "\u5e7c\u513f\u56ed\u5c0f\u9738\u738b"
    ],
    "reply_to": null
  },
  "model": "cmubbs.post",
  "pk": 309
},
{
  "fields": {
    "text": "<mark><big></mark><big></big><big></big><b>bl</big>ess</b>",
    "plain_text": false,
    "topic": 116,
    "created_on": "2015-12-05T23:41:31Z",
    "user": [
      "zruan"
    ],
    "reply_to": null
  },
  "model": "cmubbs.post",
  "pk": 310
},
{
  "fields": {
    "text": "\u56e0\u4e3a\u6211\u61d2\u3002\u3002\u3002\u4e0d\u60f3\u5199\u4e86(:3JZ)",
    "plain_text": false,
    "topic": 22,
    "created_on": "2015-12-06T01:51:17Z",
    "user": [
      "zruan"
    ],
    "reply_to": 248
  },
  "model": "cmubbs.post",
  "pk": 312
},
{
  "fields": {
    "text": "\u6069\u3002\u3002\u5df2\u7ecf\u5feb\u6b7b\u4e86\u3002\u3002\u6211\u51b3\u5b9a\u660e\u5929\u53bb\u4fee\u3002\u3002",
    "plain_text": false,
    "topic": 110,
    "created_on": "2015-12-06T03:16:10Z",
    "user": [
      "zruan"
    ],
    "reply_to": null
  },
  "model": "cmubbs.post",
  "pk": 313
},
{
  "fields": {
    "text": "Home feed\u5c31\u662f\u4f60\u53ef\u4ee5follow\u5176\u4ed6\u7528\u6237\uff0c\u5f53\u4ed6\u4eec\u53d1\u65b0\u7684pin\u65f6\uff0cHome Feed\u91cc\u5c31\u4f1a\u51fa\u73b0\u8fd9\u4e9b\u65b0\u7684pin\u3002",
    "plain_text": false,
    "topic": 109,
    "created_on": "2015-12-06T05:10:22Z",
    "user": [
      "\u5e7c\u513f\u56ed\u5c0f\u9738\u738b"
    ],
    "reply_to": 288
  },
  "model": "cmubbs.post",
  "pk": 316
},
{
  "fields": {
    "text": "Holy High\uff01",
    "plain_text": false,
    "topic": 109,
    "created_on": "2015-12-06T05:12:00Z",
    "user": [
      "bowenz"
    ],
    "reply_to": 316
  },
  "model": "cmubbs.post",
  "pk": 317
},
{
  "fields": {
    "text": "We can change to any other better restaurant if you wish~",
    "plain_text": false,
    "topic": 122,
    "created_on": "2015-12-06T06:20:38Z",
    "user": [
      "linxiz"
    ],
    "reply_to": null
  },
  "model": "cmubbs.post",
  "pk": 318
},
{
  "fields": {
    "text": "s",
    "plain_text": false,
    "topic": 123,
    "created_on": "2015-12-06T06:23:25Z",
    "user": [
      "linxiz"
    ],
    "reply_to": null
  },
  "model": "cmubbs.post",
  "pk": 319
},
{
  "fields": {
    "text": "You can vote for where to go~\r\nhttp://biyemaijianbing.com/in_topic/123",
    "plain_text": false,
    "topic": 122,
    "created_on": "2015-12-06T06:24:10Z",
    "user": [
      "linxiz"
    ],
    "reply_to": null
  },
  "model": "cmubbs.post",
  "pk": 320
},
{
  "fields": {
    "text": "Finally approved this Friday!",
    "plain_text": false,
    "topic": 103,
    "created_on": "2015-12-06T06:42:29Z",
    "user": [
      "linxiz"
    ],
    "reply_to": null
  },
  "model": "cmubbs.post",
  "pk": 321
},
{
  "fields": {
    "text": "Any suggestion?",
    "plain_text": false,
    "topic": 125,
    "created_on": "2015-12-06T06:43:31Z",
    "user": [
      "linxiz"
    ],
    "reply_to": null
  },
  "model": "cmubbs.post",
  "pk": 322
},
{
  "fields": {
    "text": "I think it is wonderful!",
    "plain_text": false,
    "topic": 126,
    "created_on": "2015-12-06T06:49:40Z",
    "user": [
      "linxiz"
    ],
    "reply_to": null
  },
  "model": "cmubbs.post",
  "pk": 323
},
{
  "fields": {
    "text": "This is a topic to discuss about POI. Welcome to share your thoughts!",
    "plain_text": false,
    "topic": 127,
    "created_on": "2015-12-06T06:51:52Z",
    "user": [
      "linxiz"
    ],
    "reply_to": null
  },
  "model": "cmubbs.post",
  "pk": 324
},
{
  "fields": {
    "text": "NOTHING CAN PREPARE YOU FOR THE END",
    "plain_text": false,
    "topic": 128,
    "created_on": "2015-12-06T06:57:45Z",
    "user": [
      "linxiz"
    ],
    "reply_to": null
  },
  "model": "cmubbs.post",
  "pk": 325
},
{
  "fields": {
    "text": "+1",
    "plain_text": false,
    "topic": 1,
    "created_on": "2015-12-06T07:00:35Z",
    "user": [
      "lalala"
    ],
    "reply_to": null
  },
  "model": "cmubbs.post",
  "pk": 326
},
{
  "fields": {
    "text": "Follow your heart~",
    "plain_text": false,
    "topic": 129,
    "created_on": "2015-12-06T19:53:50Z",
    "user": [
      "bowenz"
    ],
    "reply_to": null
  },
  "model": "cmubbs.post",
  "pk": 329
},
{
  "fields": {
    "text": "No, it's too bloody",
    "plain_text": false,
    "topic": 126,
    "created_on": "2015-12-06T20:03:18Z",
    "user": [
      "bowenz"
    ],
    "reply_to": null
  },
  "model": "cmubbs.post",
  "pk": 330
},
{
  "fields": {
    "text": "<big><b>This topic focuses on interesting features that might be missed during the 40 minutes</b></big>\r\n\r\n<b>1. Special Tags: Event, Image, Vote.</b> ---------- 2 floor\r\n<b>2. Profiles</b> --------------------------------------------- 3 floor\r\n<b>3. Super User</b> ---------------------------------------- 4 floor\r\n<b>4. Secret Form, anonymous when post</b> ------- 5 floor\r\n<b>5. Hot Topics</b> ----------------------------------------- 6 floor\r\n<b>6. Messages</b> ------------------------------------------ 7 floor\r\n<b>7. Share Topic.</b> --------------------------------------- 8 floor",
    "plain_text": false,
    "topic": 132,
    "created_on": "2015-12-07T01:06:07Z",
    "user": [
      "zruan"
    ],
    "reply_to": null
  },
  "model": "cmubbs.post",
  "pk": 333
},
{
  "fields": {
    "text": "<b>1. Special Tags</b>\r\n\r\n    1). Event: create private/public event with the help of google map, also, add to google calender if you want;\r\n    2). Image: a collection of images in that forum;\r\n    3). Vote:   create vote choices and vote for your favourite !\r\n\r\nHere is where tag is:\r\n",
    "plain_text": false,
    "topic": 132,
    "created_on": "2015-12-07T01:45:20Z",
    "user": [
      "zruan"
    ],
    "reply_to": null
  },
  "model": "cmubbs.post",
  "pk": 334
},
{
  "fields": {
    "text": "good",
    "plain_text": false,
    "topic": 122,
    "created_on": "2015-12-07T01:53:02Z",
    "user": [
      "bowenz"
    ],
    "reply_to": null
  },
  "model": "cmubbs.post",
  "pk": 335
},
{
  "fields": {
    "text": "<b>2. Profiles</b>\r\n\r\nSidebar on the left has quite a lot of information.\r\n\r\n",
    "plain_text": false,
    "topic": 132,
    "created_on": "2015-12-07T01:53:09Z",
    "user": [
      "zruan"
    ],
    "reply_to": null
  },
  "model": "cmubbs.post",
  "pk": 336
},
{
  "fields": {
    "text": "3. Super User\r\n\r\nWe have a manage system which enable super user to manage forum.\r\nSuper user can also add other users to be managers through the manage system.\r\n\r\nThe manage system is as the following:\r\n",
    "plain_text": false,
    "topic": 132,
    "created_on": "2015-12-07T01:58:41Z",
    "user": [
      "zruan"
    ],
    "reply_to": null
  },
  "model": "cmubbs.post",
  "pk": 337
},
{
  "fields": {
    "text": "<b>4. Secret Form, anonymous when post</b>\r\n\r\nIn the secret form, all the posts are <mark><b>anonym</mark>ous</b>, you can post anything without worrying about anything.",
    "plain_text": false,
    "topic": 132,
    "created_on": "2015-12-07T02:01:27Z",
    "user": [
      "zruan"
    ],
    "reply_to": null
  },
  "model": "cmubbs.post",
  "pk": 338
},
{
  "fields": {
    "text": "<b>5. Hot Topics</b>\r\n\r\nThe most popular 10 topics within two days. \r\nPlaced on the right side of the header bar.\r\n\r\n",
    "plain_text": false,
    "topic": 132,
    "created_on": "2015-12-07T02:04:03Z",
    "user": [
      "zruan"
    ],
    "reply_to": null
  },
  "model": "cmubbs.post",
  "pk": 339
},
{
  "fields": {
    "text": "<b>6. Messages</b>\r\n\r\nyou can message others through multiply ways:\r\n1). click on the mail icon near username in topic;\r\n2). go to other's profile page, click \"message\";\r\n3). go to your message page, \"start chat\"\r\n\r\n",
    "plain_text": false,
    "topic": 132,
    "created_on": "2015-12-07T02:09:58Z",
    "user": [
      "zruan"
    ],
    "reply_to": null
  },
  "model": "cmubbs.post",
  "pk": 340
},
{
  "fields": {
    "text": "<b>7. Share Topic. </b>\r\n\r\nUsers can share topics to Twitter, Facebook, Google + if he/she wants.\r\n",
    "plain_text": false,
    "topic": 132,
    "created_on": "2015-12-07T02:12:52Z",
    "user": [
      "zruan"
    ],
    "reply_to": null
  },
  "model": "cmubbs.post",
  "pk": 341
},
{
  "fields": {
    "text": "pretty good!",
    "plain_text": false,
    "topic": 134,
    "created_on": "2015-12-07T02:19:57Z",
    "user": [
      "bowenz"
    ],
    "reply_to": null
  },
  "model": "cmubbs.post",
  "pk": 342
},
{
  "fields": {
    "text": "Follow your heart~",
    "plain_text": false,
    "topic": 135,
    "created_on": "2015-12-07T02:31:16Z",
    "user": [
      "bowenz"
    ],
    "reply_to": null
  },
  "model": "cmubbs.post",
  "pk": 343
},
{
  "fields": {
    "text": "<b>8. Some small but interesting features</b>\r\n\r\nAll small icons have their unique features, you can try to enjoy them ~\r\nFor example:\r\n",
    "plain_text": false,
    "topic": 132,
    "created_on": "2015-12-07T04:25:26Z",
    "user": [
      "zruan"
    ],
    "reply_to": null
  },
  "model": "cmubbs.post",
  "pk": 345
},
{
  "fields": {
    "text": "want to write now ?",
    "plain_text": false,
    "topic": 125,
    "created_on": "2015-12-07T04:36:12Z",
    "user": [
      "zruan"
    ],
    "reply_to": null
  },
  "model": "cmubbs.post",
  "pk": 346
},
{
  "fields": {
    "text": "JUMP \uff01\r\nGintama !\r\nNatsume !\r\nGo !\r\ntoo many excellent series !\r\n",
    "plain_text": false,
    "topic": 143,
    "created_on": "2015-12-07T04:39:20Z",
    "user": [
      "zruan"
    ],
    "reply_to": null
  },
  "model": "cmubbs.post",
  "pk": 347
},
{
  "fields": {
    "text": "Let me know!!!",
    "plain_text": false,
    "topic": 144,
    "created_on": "2015-12-07T04:52:36Z",
    "user": [
      "bowenz"
    ],
    "reply_to": null
  },
  "model": "cmubbs.post",
  "pk": 348
},
{
  "fields": {
    "text": "well... you should ask him",
    "plain_text": false,
    "topic": 144,
    "created_on": "2015-12-07T04:52:55Z",
    "user": [
      "bowenz"
    ],
    "reply_to": null
  },
  "model": "cmubbs.post",
  "pk": 349
},
{
  "fields": {
    "text": "Seems like there is course to play pokemon ? \r\nBut I'll graduate next semester TAT\r\nLoose the chance to go through the game ! I usually stop at around 4th gym and cannot move on lol",
    "plain_text": false,
    "topic": 145,
    "created_on": "2015-12-07T04:54:29Z",
    "user": [
      "zruan"
    ],
    "reply_to": null
  },
  "model": "cmubbs.post",
  "pk": 350
},
{
  "fields": {
    "text": "Wow... 4th gym...",
    "plain_text": false,
    "topic": 145,
    "created_on": "2015-12-07T04:55:16Z",
    "user": [
      "bowenz"
    ],
    "reply_to": null
  },
  "model": "cmubbs.post",
  "pk": 351
},
{
  "fields": {
    "text": "Haven't finish the experiment yet... ",
    "plain_text": false,
    "topic": 125,
    "created_on": "2015-12-07T04:56:45Z",
    "user": [
      "bowenz"
    ],
    "reply_to": null
  },
  "model": "cmubbs.post",
  "pk": 352
},
{
  "fields": {
    "text": "Our manager is the real boss! She has a super talent on Web development!",
    "plain_text": false,
    "topic": 141,
    "created_on": "2015-12-07T04:57:47Z",
    "user": [
      "bowenz"
    ],
    "reply_to": null
  },
  "model": "cmubbs.post",
  "pk": 353
},
{
  "fields": {
    "text": "...\u256e(\u256f\u25bd\u2570)\u256d",
    "plain_text": false,
    "topic": 145,
    "created_on": "2015-12-07T04:57:49Z",
    "user": [
      "zruan"
    ],
    "reply_to": 351
  },
  "model": "cmubbs.post",
  "pk": 354
},
{
  "fields": {
    "text": "Gintama!",
    "plain_text": false,
    "topic": 143,
    "created_on": "2015-12-07T05:00:15Z",
    "user": [
      "bowenz"
    ],
    "reply_to": null
  },
  "model": "cmubbs.post",
  "pk": 355
},
{
  "fields": {
    "text": "Do we have courses related to PRG games, reviewing animation, playing dota, lol ? Anyway, Pokemon is a great game ! As well as the anime !",
    "plain_text": false,
    "topic": 146,
    "created_on": "2015-12-07T05:03:22Z",
    "user": [
      "zruan"
    ],
    "reply_to": null
  },
  "model": "cmubbs.post",
  "pk": 356
},
{
  "fields": {
    "text": "agree !",
    "plain_text": false,
    "topic": 141,
    "created_on": "2015-12-07T05:04:16Z",
    "user": [
      "zruan"
    ],
    "reply_to": 353
  },
  "model": "cmubbs.post",
  "pk": 357
},
{
  "fields": {
    "text": "I heard that CMU has a course teaching LOL, that's really cool",
    "plain_text": false,
    "topic": 146,
    "created_on": "2015-12-07T05:10:26Z",
    "user": [
      "bowenz"
    ],
    "reply_to": null
  },
  "model": "cmubbs.post",
  "pk": 358
},
{
  "fields": {
    "text": "aaaaa, cannot sublease the apt even if it's a good one lol",
    "plain_text": false,
    "topic": 148,
    "created_on": "2015-12-07T05:13:43Z",
    "user": [
      "zruan"
    ],
    "reply_to": null
  },
  "model": "cmubbs.post",
  "pk": 359
},
{
  "fields": {
    "text": "same for me...",
    "plain_text": false,
    "topic": 148,
    "created_on": "2015-12-07T05:15:51Z",
    "user": [
      "bowenz"
    ],
    "reply_to": null
  },
  "model": "cmubbs.post",
  "pk": 360
},
{
  "fields": {
    "text": "Life is hard, is it ?",
    "plain_text": false,
    "topic": 149,
    "created_on": "2015-12-07T05:16:31Z",
    "user": [
      "zruan"
    ],
    "reply_to": null
  },
  "model": "cmubbs.post",
  "pk": 361
},
{
  "fields": {
    "text": "Cooking seems to be of more fun that coding sometimes lol\r\nLet's run a restaurant !",
    "plain_text": false,
    "topic": 150,
    "created_on": "2015-12-07T05:19:03Z",
    "user": [
      "zruan"
    ],
    "reply_to": null
  },
  "model": "cmubbs.post",
  "pk": 362
},
{
  "fields": {
    "text": "Too early --- bugs in the homework question or the submission platform\r\nToo late   --- cannot finish it on time \r\n\r\nSo, what's the best time ?",
    "plain_text": false,
    "topic": 151,
    "created_on": "2015-12-07T05:20:22Z",
    "user": [
      "zruan"
    ],
    "reply_to": null
  },
  "model": "cmubbs.post",
  "pk": 363
},
{
  "fields": {
    "text": "anyone who can understand the title can understand what I mean \u2190w\u2190",
    "plain_text": false,
    "topic": 152,
    "created_on": "2015-12-07T05:23:17Z",
    "user": [
      "zruan"
    ],
    "reply_to": null
  },
  "model": "cmubbs.post",
  "pk": 364
},
{
  "fields": {
    "text": "Let's selling chinese pancake after graduation!",
    "plain_text": false,
    "topic": 150,
    "created_on": "2015-12-07T05:24:12Z",
    "user": [
      "bowenz"
    ],
    "reply_to": null
  },
  "model": "cmubbs.post",
  "pk": 365
},
{
  "fields": {
    "text": "me : 2:00 p.m. ~ 11:00 a.m.",
    "plain_text": false,
    "topic": 149,
    "created_on": "2015-12-07T05:25:23Z",
    "user": [
      "bowenz"
    ],
    "reply_to": null
  },
  "model": "cmubbs.post",
  "pk": 366
},
{
  "fields": {
    "text": "if you really spend only 12 hours a week for most of the 12 unit course, you will fail at last.\r\n\"12\" is only a virtual number which means, as much as possible.\r\n\r\nDo you agree ?",
    "plain_text": false,
    "topic": 153,
    "created_on": "2015-12-07T05:27:08Z",
    "user": [
      "zruan"
    ],
    "reply_to": null
  },
  "model": "cmubbs.post",
  "pk": 367
},
{
  "fields": {
    "text": "FFF",
    "plain_text": false,
    "topic": 152,
    "created_on": "2015-12-07T05:27:43Z",
    "user": [
      "linxiz"
    ],
    "reply_to": null
  },
  "model": "cmubbs.post",
  "pk": 368
},
{
  "fields": {
    "text": "I can partly understand... ",
    "plain_text": false,
    "topic": 152,
    "created_on": "2015-12-07T05:28:13Z",
    "user": [
      "bowenz"
    ],
    "reply_to": null
  },
  "model": "cmubbs.post",
  "pk": 369
},
{
  "fields": {
    "text": "I can see fires on my hand ! ",
    "plain_text": false,
    "topic": 152,
    "created_on": "2015-12-07T05:28:59Z",
    "user": [
      "zruan"
    ],
    "reply_to": 368
  },
  "model": "cmubbs.post",
  "pk": 370
},
{
  "fields": {
    "text": "Start early and find out bugs for us!",
    "plain_text": false,
    "topic": 151,
    "created_on": "2015-12-07T05:29:30Z",
    "user": [
      "bowenz"
    ],
    "reply_to": null
  },
  "model": "cmubbs.post",
  "pk": 371
},
{
  "fields": {
    "text": "no ~ way ~",
    "plain_text": false,
    "topic": 151,
    "created_on": "2015-12-07T05:30:09Z",
    "user": [
      "zruan"
    ],
    "reply_to": 371
  },
  "model": "cmubbs.post",
  "pk": 372
},
{
  "fields": {
    "text": "+1",
    "plain_text": false,
    "topic": 150,
    "created_on": "2015-12-07T05:31:23Z",
    "user": [
      "linxiz"
    ],
    "reply_to": 365
  },
  "model": "cmubbs.post",
  "pk": 373
},
{
  "fields": {
    "text": "start early and wait till piazza is full of hints~~",
    "plain_text": false,
    "topic": 151,
    "created_on": "2015-12-07T05:31:37Z",
    "user": [
      "zruan"
    ],
    "reply_to": null
  },
  "model": "cmubbs.post",
  "pk": 374
},
{
  "fields": {
    "text": "TEST",
    "plain_text": false,
    "topic": 155,
    "created_on": "2015-12-07T05:36:51Z",
    "user": [
      "linxiz"
    ],
    "reply_to": null
  },
  "model": "cmubbs.post",
  "pk": 381
},
{
  "fields": {
    "text": "TEST",
    "plain_text": false,
    "topic": 155,
    "created_on": "2015-12-07T05:36:59Z",
    "user": [
      "linxiz"
    ],
    "reply_to": 381
  },
  "model": "cmubbs.post",
  "pk": 382
},
{
  "fields": {
    "text": "TEST",
    "plain_text": false,
    "topic": 156,
    "created_on": "2015-12-07T05:39:40Z",
    "user": [
      "linxiz"
    ],
    "reply_to": null
  },
  "model": "cmubbs.post",
  "pk": 386
},
{
  "fields": {
    "post": 115,
    "image": "images/\u4e03\u5927\u7f6a0_Dif8sTe.jpg",
    "forum": 6
  },
  "model": "cmubbs.postimage",
  "pk": 4
},
{
  "fields": {
    "post": 124,
    "image": "images/steak.jpg",
    "forum": 6
  },
  "model": "cmubbs.postimage",
  "pk": 5
},
{
  "fields": {
    "post": 124,
    "image": "images/sushi.jpg",
    "forum": 6
  },
  "model": "cmubbs.postimage",
  "pk": 6
},
{
  "fields": {
    "post": 124,
    "image": "images/burger.jpg",
    "forum": 6
  },
  "model": "cmubbs.postimage",
  "pk": 7
},
{
  "fields": {
    "post": 124,
    "image": "images/udon.png",
    "forum": 6
  },
  "model": "cmubbs.postimage",
  "pk": 8
},
{
  "fields": {
    "post": 136,
    "image": "images/emo.jpg",
    "forum": 6
  },
  "model": "cmubbs.postimage",
  "pk": 10
},
{
  "fields": {
    "post": 159,
    "image": "images/original_RWYW_075b0000aa411190.gif",
    "forum": 6
  },
  "model": "cmubbs.postimage",
  "pk": 12
},
{
  "fields": {
    "post": 209,
    "image": "images/emo_41xrVBf.jpg",
    "forum": 24
  },
  "model": "cmubbs.postimage",
  "pk": 18
},
{
  "fields": {
    "post": 212,
    "image": "images/3b62201.jpg",
    "forum": 9
  },
  "model": "cmubbs.postimage",
  "pk": 19
},
{
  "fields": {
    "post": 219,
    "image": "images/aa.jpg",
    "forum": 9
  },
  "model": "cmubbs.postimage",
  "pk": 20
},
{
  "fields": {
    "post": 221,
    "image": "images/a.py",
    "forum": 9
  },
  "model": "cmubbs.postimage",
  "pk": 21
},
{
  "fields": {
    "post": 222,
    "image": "images/a_JrbW5VZ.py",
    "forum": 9
  },
  "model": "cmubbs.postimage",
  "pk": 22
},
{
  "fields": {
    "post": 261,
    "image": "images/197526_4899323767359_1586579999_n.jpg",
    "forum": 9
  },
  "model": "cmubbs.postimage",
  "pk": 23
},
{
  "fields": {
    "post": 262,
    "image": "images/11067515_800514420029993_609954778785607671_n.jpg",
    "forum": 9
  },
  "model": "cmubbs.postimage",
  "pk": 24
},
{
  "fields": {
    "post": 262,
    "image": "images/11141125_738090526318851_3170626432840068590_o.jpg",
    "forum": 9
  },
  "model": "cmubbs.postimage",
  "pk": 25
},
{
  "fields": {
    "post": 262,
    "image": "images/11096703_854568124627175_5199799398095943454_n.jpg",
    "forum": 9
  },
  "model": "cmubbs.postimage",
  "pk": 26
},
{
  "fields": {
    "post": 309,
    "image": "images/0774834E-412A-4D18-A493-550D4E83A2EF.png",
    "forum": 9
  },
  "model": "cmubbs.postimage",
  "pk": 28
},
{
  "fields": {
    "post": 319,
    "image": "images/sushi.jpg",
    "forum": 6
  },
  "model": "cmubbs.postimage",
  "pk": 30
},
{
  "fields": {
    "post": 319,
    "image": "images/udon.png",
    "forum": 6
  },
  "model": "cmubbs.postimage",
  "pk": 31
},
{
  "fields": {
    "post": 323,
    "image": "images/got21.jpg",
    "forum": 29
  },
  "model": "cmubbs.postimage",
  "pk": 32
},
{
  "fields": {
    "post": 324,
    "image": "images/POITOP2.jpg",
    "forum": 29
  },
  "model": "cmubbs.postimage",
  "pk": 33
},
{
  "fields": {
    "post": 325,
    "image": "images/images.jpeg",
    "forum": 30
  },
  "model": "cmubbs.postimage",
  "pk": 34
},
{
  "fields": {
    "post": 334,
    "image": "images/event_tag.jpg",
    "forum": 31
  },
  "model": "cmubbs.postimage",
  "pk": 35
},
{
  "fields": {
    "post": 336,
    "image": "images/profile_sidebar.jpg",
    "forum": 31
  },
  "model": "cmubbs.postimage",
  "pk": 36
},
{
  "fields": {
    "post": 337,
    "image": "images/manage_0.jpg",
    "forum": 31
  },
  "model": "cmubbs.postimage",
  "pk": 37
},
{
  "fields": {
    "post": 337,
    "image": "images/manage_1.jpg",
    "forum": 31
  },
  "model": "cmubbs.postimage",
  "pk": 38
},
{
  "fields": {
    "post": 339,
    "image": "images/hot_topics.jpg",
    "forum": 31
  },
  "model": "cmubbs.postimage",
  "pk": 39
},
{
  "fields": {
    "post": 340,
    "image": "images/msg_0.jpg",
    "forum": 31
  },
  "model": "cmubbs.postimage",
  "pk": 40
},
{
  "fields": {
    "post": 340,
    "image": "images/msg_1.jpg",
    "forum": 31
  },
  "model": "cmubbs.postimage",
  "pk": 41
},
{
  "fields": {
    "post": 340,
    "image": "images/msg_2.jpg",
    "forum": 31
  },
  "model": "cmubbs.postimage",
  "pk": 42
},
{
  "fields": {
    "post": 341,
    "image": "images/share.jpg",
    "forum": 31
  },
  "model": "cmubbs.postimage",
  "pk": 43
},
{
  "fields": {
    "post": 342,
    "image": "images/03.jpg",
    "forum": 14
  },
  "model": "cmubbs.postimage",
  "pk": 44
},
{
  "fields": {
    "post": 345,
    "image": "images/favorite.jpg",
    "forum": 31
  },
  "model": "cmubbs.postimage",
  "pk": 45
},
{
  "fields": {
    "post": 345,
    "image": "images/like.jpg",
    "forum": 31
  },
  "model": "cmubbs.postimage",
  "pk": 46
},
{
  "fields": {
    "post": 365,
    "image": "images/DSC_0099-700x466.jpg",
    "forum": 6
  },
  "model": "cmubbs.postimage",
  "pk": 47
},
{
  "fields": {
    "text": "\u57fa\u4e8e\u5927\u5bb6\u7684\u8981\u6c42\uff0c\u73b0\u5728\u6211\u4eec\u518d\u52a0\u4e0aBowen Zhu\u8fd9\u4e2a\u9009\u9879",
    "created_on": "2015-12-04T00:05:21Z",
    "father_post": 180
  },
  "model": "cmubbs.subpost",
  "pk": 1
},
{
  "fields": {
    "text": "\u7531\u4e8e\u6280\u672f\u539f\u56e0\uff0c\u73b0\u5728\u9009\u9879\u6539\u4e0d\u4e86\u4e86\uff0c\u6240\u4ee5\u652f\u6301Bowen Zhu\u7684\u540c\u5b66\u8bf7\u56de\u5e16\u5427\u3002\u3002\u3002",
    "created_on": "2015-12-04T03:30:54Z",
    "father_post": 180
  },
  "model": "cmubbs.subpost",
  "pk": 2
},
{
  "fields": {
    "text": "see the event here:\r\nhttp://biyemaijianbing.com/in_topic/122",
    "created_on": "2015-12-06T06:25:01Z",
    "father_post": 319
  },
  "model": "cmubbs.subpost",
  "pk": 3
},
{
  "fields": {
    "text": "Hong Kong Chew Fun Beef is also delicious!",
    "created_on": "2015-12-07T01:58:05Z",
    "father_post": 127
  },
  "model": "cmubbs.subpost",
  "pk": 4
},
{
  "fields": {
    "text": "Some small but interesting features  [ favourite forum, like topic, etc ] ------ 9 floor",
    "created_on": "2015-12-07T03:55:48Z",
    "father_post": 333
  },
  "model": "cmubbs.subpost",
  "pk": 5
},
{
  "fields": {
    "is_read": true,
    "text": "haha",
    "created_on": "2015-11-04T18:50:34Z",
    "sender": [
      "bowenz"
    ],
    "receiver": [
      "zruan"
    ]
  },
  "model": "cmubbs.message",
  "pk": 1
},
{
  "fields": {
    "is_read": true,
    "text": "233333",
    "created_on": "2015-11-04T18:59:01Z",
    "sender": [
      "bowenz"
    ],
    "receiver": [
      "zruan"
    ]
  },
  "model": "cmubbs.message",
  "pk": 2
},
{
  "fields": {
    "is_read": true,
    "text": "Holy high!",
    "created_on": "2015-11-05T03:27:56Z",
    "sender": [
      "bowenz"
    ],
    "receiver": [
      "zruan"
    ]
  },
  "model": "cmubbs.message",
  "pk": 3
},
{
  "fields": {
    "is_read": true,
    "text": "See it!",
    "created_on": "2015-11-05T03:44:29Z",
    "sender": [
      "zruan"
    ],
    "receiver": [
      "bowenz"
    ]
  },
  "model": "cmubbs.message",
  "pk": 4
},
{
  "fields": {
    "is_read": true,
    "text": "Lalalala~",
    "created_on": "2015-11-05T03:45:07Z",
    "sender": [
      "linxiz"
    ],
    "receiver": [
      "bowenz"
    ]
  },
  "model": "cmubbs.message",
  "pk": 5
},
{
  "fields": {
    "is_read": true,
    "text": "Hahaha~",
    "created_on": "2015-11-05T03:45:33Z",
    "sender": [
      "linxiz"
    ],
    "receiver": [
      "zruan"
    ]
  },
  "model": "cmubbs.message",
  "pk": 6
},
{
  "fields": {
    "is_read": true,
    "text": "Xiao ming wei shen me hui shuai dao ?",
    "created_on": "2015-11-05T03:46:10Z",
    "sender": [
      "zruan"
    ],
    "receiver": [
      "linxiz"
    ]
  },
  "model": "cmubbs.message",
  "pk": 7
},
{
  "fields": {
    "is_read": true,
    "text": "amazing bbs!",
    "created_on": "2015-11-05T03:46:44Z",
    "sender": [
      "bowenz"
    ],
    "receiver": [
      "linxiz"
    ]
  },
  "model": "cmubbs.message",
  "pk": 8
},
{
  "fields": {
    "is_read": true,
    "text": "Let's play dota!",
    "created_on": "2015-11-05T03:47:01Z",
    "sender": [
      "bowenz"
    ],
    "receiver": [
      "zruan"
    ]
  },
  "model": "cmubbs.message",
  "pk": 9
},
{
  "fields": {
    "is_read": true,
    "text": "wwww",
    "created_on": "2015-11-06T04:28:14Z",
    "sender": [
      "bowenz"
    ],
    "receiver": [
      "linxiz"
    ]
  },
  "model": "cmubbs.message",
  "pk": 10
},
{
  "fields": {
    "is_read": true,
    "text": "No, I want to play lol!",
    "created_on": "2015-11-09T00:46:59Z",
    "sender": [
      "zruan"
    ],
    "receiver": [
      "bowenz"
    ]
  },
  "model": "cmubbs.message",
  "pk": 11
},
{
  "fields": {
    "is_read": true,
    "text": "Please guess~ I won't tell you the answer!",
    "created_on": "2015-11-09T00:48:00Z",
    "sender": [
      "linxiz"
    ],
    "receiver": [
      "zruan"
    ]
  },
  "model": "cmubbs.message",
  "pk": 12
},
{
  "fields": {
    "is_read": true,
    "text": "I like the new message reminder in this bbs!",
    "created_on": "2015-11-09T00:48:52Z",
    "sender": [
      "linxiz"
    ],
    "receiver": [
      "bowenz"
    ]
  },
  "model": "cmubbs.message",
  "pk": 13
},
{
  "fields": {
    "is_read": true,
    "text": ":(",
    "created_on": "2015-11-11T03:08:58Z",
    "sender": [
      "bowenz"
    ],
    "receiver": [
      "zruan"
    ]
  },
  "model": "cmubbs.message",
  "pk": 14
},
{
  "fields": {
    "is_read": true,
    "text": "me too!",
    "created_on": "2015-11-11T03:09:59Z",
    "sender": [
      "bowenz"
    ],
    "receiver": [
      "linxiz"
    ]
  },
  "model": "cmubbs.message",
  "pk": 15
},
{
  "fields": {
    "is_read": true,
    "text": "[Event Application] Apply for \"private event\"\n|",
    "created_on": "2015-11-17T12:51:42Z",
    "sender": [
      "linxiz"
    ],
    "receiver": [
      "linxiz"
    ]
  },
  "model": "cmubbs.message",
  "pk": 16
},
{
  "fields": {
    "is_read": true,
    "text": "[Event Application] Apply for \"private event\"\n|",
    "created_on": "2015-11-17T12:53:47Z",
    "sender": [
      "linxiz"
    ],
    "receiver": [
      "linxiz"
    ]
  },
  "model": "cmubbs.message",
  "pk": 17
},
{
  "fields": {
    "is_read": true,
    "text": "[Event Application] Apply for \"private event\"\n|",
    "created_on": "2015-11-17T12:57:30Z",
    "sender": [
      "linxiz"
    ],
    "receiver": [
      "linxiz"
    ]
  },
  "model": "cmubbs.message",
  "pk": 18
},
{
  "fields": {
    "is_read": true,
    "text": "[Event Application] Apply for \"private event\"\n|",
    "created_on": "2015-11-17T12:57:32Z",
    "sender": [
      "linxiz"
    ],
    "receiver": [
      "linxiz"
    ]
  },
  "model": "cmubbs.message",
  "pk": 19
},
{
  "fields": {
    "is_read": true,
    "text": "[Event Application] Apply for \"private event\"\n|",
    "created_on": "2015-11-17T12:57:35Z",
    "sender": [
      "linxiz"
    ],
    "receiver": [
      "linxiz"
    ]
  },
  "model": "cmubbs.message",
  "pk": 20
},
{
  "fields": {
    "is_read": true,
    "text": "[Event Application] Apply for \"private event\"\n|",
    "created_on": "2015-11-17T12:59:44Z",
    "sender": [
      "linxiz"
    ],
    "receiver": [
      "linxiz"
    ]
  },
  "model": "cmubbs.message",
  "pk": 21
},
{
  "fields": {
    "is_read": true,
    "text": "[Event Application] Apply for \"private event\"\n|",
    "created_on": "2015-11-17T12:59:47Z",
    "sender": [
      "linxiz"
    ],
    "receiver": [
      "linxiz"
    ]
  },
  "model": "cmubbs.message",
  "pk": 22
},
{
  "fields": {
    "is_read": true,
    "text": "[Event Application] Apply for \"private event\"\n|",
    "created_on": "2015-11-17T13:00:30Z",
    "sender": [
      "linxiz"
    ],
    "receiver": [
      "linxiz"
    ]
  },
  "model": "cmubbs.message",
  "pk": 23
},
{
  "fields": {
    "is_read": true,
    "text": "[Event Application] Apply for \"private event\"\n|",
    "created_on": "2015-11-17T13:01:25Z",
    "sender": [
      "lalala"
    ],
    "receiver": [
      "linxiz"
    ]
  },
  "model": "cmubbs.message",
  "pk": 24
},
{
  "fields": {
    "is_read": true,
    "text": "[Event Application]\n<p> User <a href=/user_profile/lalala>lalala is applying for event <a href=/edit_event/50> private event </a>.</p><ln>\nlalala wrote:\n<p> Please accept my application~~~ </p>",
    "created_on": "2015-11-17T14:36:31Z",
    "sender": [
      "lalala"
    ],
    "receiver": [
      "linxiz"
    ]
  },
  "model": "cmubbs.message",
  "pk": 25
},
{
  "fields": {
    "is_read": true,
    "text": "[Event Application]<br><p> User <a href=/user_profile/lalala>lalala</a> is applying for event <a href=/edit_event/50> private event </a>.</p><ln>\nlalala wrote:\n<p> Please accept my application~~~ </p>",
    "created_on": "2015-11-17T14:39:18Z",
    "sender": [
      "lalala"
    ],
    "receiver": [
      "linxiz"
    ]
  },
  "model": "cmubbs.message",
  "pk": 26
},
{
  "fields": {
    "is_read": true,
    "text": "[Event Application]<br><p> User <a href=/user_profile/lalala>lalala</a> is applying for event <a href=/in_topic/50> private event </a>.</p><ln>\nlalala wrote:\n<p> Please accept my application~~~ </p>",
    "created_on": "2015-11-17T14:41:01Z",
    "sender": [
      "lalala"
    ],
    "receiver": [
      "linxiz"
    ]
  },
  "model": "cmubbs.message",
  "pk": 27
},
{
  "fields": {
    "is_read": true,
    "text": "[Event Application]<br><p> User <a href=/user_profile/linxiz>linxiz</a> is applying for event <a href=/in_topic/50> private event </a>.</p><ln>\nlinxiz wrote:\n<p> Please accept my application~~~ </p>",
    "created_on": "2015-11-17T14:45:41Z",
    "sender": [
      "cmubbs-system"
    ],
    "receiver": [
      "linxiz"
    ]
  },
  "model": "cmubbs.message",
  "pk": 28
},
{
  "fields": {
    "is_read": true,
    "text": "[Event Application]<br><p> User <a href=/user_profile/lalala>lalala</a> is applying for event <a href=/in_topic/50> private event </a>.</p><ln>\nlalala wrote:\n<p> Please accept my application~~~ </p>",
    "created_on": "2015-11-17T15:23:53Z",
    "sender": [
      "cmubbs-system"
    ],
    "receiver": [
      "linxiz"
    ]
  },
  "model": "cmubbs.message",
  "pk": 29
},
{
  "fields": {
    "is_read": true,
    "text": "[Event Application]<br><p> User <a href=/user_profile/lalala>lalala</a> is applying for event <a href=/in_topic/50> private event </a>.</p><ln>\nlalala wrote:\n<p> Please accept my application~~~ </p>",
    "created_on": "2015-11-17T15:25:27Z",
    "sender": [
      "cmubbs-system"
    ],
    "receiver": [
      "linxiz"
    ]
  },
  "model": "cmubbs.message",
  "pk": 30
},
{
  "fields": {
    "is_read": true,
    "text": "[Event Update]<br><p> You have been added into event <a href=/in_topic/29>dinner</a> by event owner on 03:25 17/11/2015. </p>",
    "created_on": "2015-11-17T15:25:55Z",
    "sender": [
      "cmubbs-system"
    ],
    "receiver": [
      "lalala"
    ]
  },
  "model": "cmubbs.message",
  "pk": 31
},
{
  "fields": {
    "is_read": true,
    "text": "[Event Application]<br><p> User <a href=/user_profile/lalala>lalala</a> is applying for event <a href=/in_topic/50> private event </a>.</p><ln>\nlalala wrote:\n<p> Please accept my application~~~ </p>",
    "created_on": "2015-11-17T15:27:33Z",
    "sender": [
      "cmubbs-system"
    ],
    "receiver": [
      "linxiz"
    ]
  },
  "model": "cmubbs.message",
  "pk": 32
},
{
  "fields": {
    "is_read": true,
    "text": "[Event Update]<br><p> You have been added into event <a href=/in_topic/50>private event</a> by event owner on 03:27 17/11/2015. </p>",
    "created_on": "2015-11-17T15:27:48Z",
    "sender": [
      "cmubbs-system"
    ],
    "receiver": [
      "lalala"
    ]
  },
  "model": "cmubbs.message",
  "pk": 33
},
{
  "fields": {
    "is_read": true,
    "text": "[Event Update]<br><p> You have been deleted from event <a href=/in_topic/50>private event</a> by event owner on 03:28 17/11/2015. </p>",
    "created_on": "2015-11-17T15:28:52Z",
    "sender": [
      "cmubbs-system"
    ],
    "receiver": [
      "lalala"
    ]
  },
  "model": "cmubbs.message",
  "pk": 34
},
{
  "fields": {
    "is_read": true,
    "text": "[Event Application]<br><p> User <a href=/user_profile/linxiz>linxiz</a> is applying for event <a href=/in_topic/50> private event </a>.</p><ln>\nlinxiz wrote:\n<p> Please accept my application~~~ </p>",
    "created_on": "2015-11-17T18:56:16Z",
    "sender": [
      "cmubbs-system"
    ],
    "receiver": [
      "linxiz"
    ]
  },
  "model": "cmubbs.message",
  "pk": 35
},
{
  "fields": {
    "is_read": true,
    "text": "[Event Update]<br><p> You have been added into event <a href=/in_topic/50>private event</a> by event owner on 06:56 17/11/2015. </p>",
    "created_on": "2015-11-17T18:56:31Z",
    "sender": [
      "cmubbs-system"
    ],
    "receiver": [
      "linxiz"
    ]
  },
  "model": "cmubbs.message",
  "pk": 36
},
{
  "fields": {
    "is_read": true,
    "text": "[Event Application]<br><p> User <a href=/user_profile/linxiz>linxiz</a> is applying for event <a href=/in_topic/50> private event </a>.</p><ln>\nlinxiz wrote:\n<p> Please accept my application~~~ </p>",
    "created_on": "2015-11-17T18:56:43Z",
    "sender": [
      "cmubbs-system"
    ],
    "receiver": [
      "linxiz"
    ]
  },
  "model": "cmubbs.message",
  "pk": 37
},
{
  "fields": {
    "is_read": true,
    "text": "[Event Update]<br><p> You have been added into event <a href=/in_topic/50>private event</a> by event owner on 06:58 17/11/2015. </p>",
    "created_on": "2015-11-17T18:58:40Z",
    "sender": [
      "cmubbs-system"
    ],
    "receiver": [
      "linxiz"
    ]
  },
  "model": "cmubbs.message",
  "pk": 38
},
{
  "fields": {
    "is_read": true,
    "text": "[Event Application]<br><p> User <a href=/user_profile/linxiz>linxiz</a> is applying for event <a href=/in_topic/50> private event </a>.</p><ln>\nlinxiz wrote:\n<p> Please accept my application~~~ </p>",
    "created_on": "2015-11-17T18:58:47Z",
    "sender": [
      "cmubbs-system"
    ],
    "receiver": [
      "linxiz"
    ]
  },
  "model": "cmubbs.message",
  "pk": 39
},
{
  "fields": {
    "is_read": true,
    "text": "[Event Application]<br><p> User <a href=/user_profile/linxiz>linxiz</a> is applying for event <a href=/in_topic/54> a private event </a>.</p><ln>\nlinxiz wrote:\n<p> Please accept my application~~~ </p>",
    "created_on": "2015-11-17T19:07:43Z",
    "sender": [
      "cmubbs-system"
    ],
    "receiver": [
      "linxiz"
    ]
  },
  "model": "cmubbs.message",
  "pk": 40
},
{
  "fields": {
    "is_read": true,
    "text": "[Event Update]<br><p> You have been added into event <a href=/in_topic/54>a private event</a> by event owner on 07:07 17/11/2015. </p>",
    "created_on": "2015-11-17T19:07:55Z",
    "sender": [
      "cmubbs-system"
    ],
    "receiver": [
      "linxiz"
    ]
  },
  "model": "cmubbs.message",
  "pk": 41
},
{
  "fields": {
    "is_read": true,
    "text": "[Event Application]<br><p> User <a href=/user_profile/linxiz>linxiz</a> is applying for event <a href=/in_topic/54> a private event </a>.</p><ln>\nlinxiz wrote:\n<p> Please accept my application~~~ </p>",
    "created_on": "2015-11-17T19:39:20Z",
    "sender": [
      "cmubbs-system"
    ],
    "receiver": [
      "linxiz"
    ]
  },
  "model": "cmubbs.message",
  "pk": 42
},
{
  "fields": {
    "is_read": true,
    "text": "[Event Application]<br><p> User <a href=/user_profile/linxiz>linxiz</a> is applying for event <a href=/in_topic/59> a private event </a>.</p><ln>\nlinxiz wrote:\n<p> Please accept my application~~~ </p>",
    "created_on": "2015-11-17T19:42:22Z",
    "sender": [
      "cmubbs-system"
    ],
    "receiver": [
      "linxiz"
    ]
  },
  "model": "cmubbs.message",
  "pk": 43
},
{
  "fields": {
    "is_read": true,
    "text": "[Event Application]<br><p> User <a href=/user_profile/linxiz>linxiz</a> is applying for event <a href=/in_topic/73> home party </a>.</p><ln>\nlinxiz wrote:\n<p> Please accept my application~~~ </p>",
    "created_on": "2015-11-22T12:29:20Z",
    "sender": [
      "cmubbs-system"
    ],
    "receiver": [
      "linxiz"
    ]
  },
  "model": "cmubbs.message",
  "pk": 44
},
{
  "fields": {
    "is_read": true,
    "text": "[Event Application]<br><p> User <a href=/user_profile/linxiz>linxiz</a> is applying for event <a href=/in_topic/74> A trip to orlando! </a>.</p><ln>\nlinxiz wrote:\n<p> Please accept my application~~~ </p>",
    "created_on": "2015-11-22T12:42:55Z",
    "sender": [
      "cmubbs-system"
    ],
    "receiver": [
      "linxiz"
    ]
  },
  "model": "cmubbs.message",
  "pk": 45
},
{
  "fields": {
    "is_read": true,
    "text": "[Event Application]<br><p> User <a href=/user_profile/zruan>zruan</a> is applying for event <a href=/in_topic/74> A trip to orlando! </a>.</p><p><a href='/user_profile/linxiz#event_applications'>See the application.</a></p><ln>\nzruan wrote:\n<p> really ?! seriously ?! </p>",
    "created_on": "2015-11-22T23:02:57Z",
    "sender": [
      "cmubbs-system"
    ],
    "receiver": [
      "linxiz"
    ]
  },
  "model": "cmubbs.message",
  "pk": 46
},
{
  "fields": {
    "is_read": true,
    "text": "[Event Application]<br><p> User <a href=/user_profile/linxiz>linxiz</a> is applying for event <a href=/in_topic/79> demo </a>.</p><p><a href='/user_profile/linxiz#event_applications'>See the application.</a></p><ln>\nlinxiz wrote:\n<p> Please let me join! </p>",
    "created_on": "2015-11-23T11:42:10Z",
    "sender": [
      "cmubbs-system"
    ],
    "receiver": [
      "linxiz"
    ]
  },
  "model": "cmubbs.message",
  "pk": 47
},
{
  "fields": {
    "is_read": true,
    "text": "[Event Update]<br><p> You have been added into event <a href=/in_topic/79>demo</a> by event owner on 11:42 23/11/2015. </p>",
    "created_on": "2015-11-23T11:42:51Z",
    "sender": [
      "cmubbs-system"
    ],
    "receiver": [
      "linxiz"
    ]
  },
  "model": "cmubbs.message",
  "pk": 48
},
{
  "fields": {
    "is_read": true,
    "text": "[Event Application]<br><p> User <a href=/user_profile/linxiz>linxiz</a> is applying for event <a href=/in_topic/82> demo </a>.</p><p><a href='/user_profile/linxiz#event_applications'>See the application.</a></p><ln>\nlinxiz wrote:\n<p> demo </p>",
    "created_on": "2015-11-23T12:12:41Z",
    "sender": [
      "cmubbs-system"
    ],
    "receiver": [
      "linxiz"
    ]
  },
  "model": "cmubbs.message",
  "pk": 49
},
{
  "fields": {
    "is_read": true,
    "text": "[Event Update]<br><p> You have been added into event <a href=/in_topic/82>demo</a> by event owner on 12:13 23/11/2015. </p>",
    "created_on": "2015-11-23T12:13:05Z",
    "sender": [
      "cmubbs-system"
    ],
    "receiver": [
      "linxiz"
    ]
  },
  "model": "cmubbs.message",
  "pk": 50
},
{
  "fields": {
    "is_read": true,
    "text": "[Event Application]<br><p> User <a href=/user_profile/linxiz>linxiz</a> is applying for event <a href=/in_topic/59> a private event </a>.</p><p><a href='/user_profile/linxiz#event_applications'>See the application.</a></p><ln>\nlinxiz wrote:\n<p> demo\r\n </p>",
    "created_on": "2015-11-23T12:21:54Z",
    "sender": [
      "cmubbs-system"
    ],
    "receiver": [
      "linxiz"
    ]
  },
  "model": "cmubbs.message",
  "pk": 51
},
{
  "fields": {
    "is_read": true,
    "text": "[Event Update]<br><p> You have been added into event <a href=/in_topic/59>a private event</a> by event owner on 12:21 23/11/2015. </p>",
    "created_on": "2015-11-23T12:21:59Z",
    "sender": [
      "cmubbs-system"
    ],
    "receiver": [
      "linxiz"
    ]
  },
  "model": "cmubbs.message",
  "pk": 52
},
{
  "fields": {
    "is_read": true,
    "text": "[Event Update]<br><p> You have been added into event <a href=/in_topic/74>A trip to orlando!</a> by event owner on 12:22 23/11/2015. </p>",
    "created_on": "2015-11-23T12:22:04Z",
    "sender": [
      "cmubbs-system"
    ],
    "receiver": [
      "linxiz"
    ]
  },
  "model": "cmubbs.message",
  "pk": 53
},
{
  "fields": {
    "is_read": true,
    "text": "[Event Application]<br><p> User <a href=/user_profile/linxiz>linxiz</a> is applying for event <a href=/in_topic/84> demo </a>.</p><p><a href='/user_profile/linxiz#event_applications'>See the application.</a></p><ln>\nlinxiz wrote:\n<p> demo </p>",
    "created_on": "2015-11-23T12:55:41Z",
    "sender": [
      "cmubbs-system"
    ],
    "receiver": [
      "linxiz"
    ]
  },
  "model": "cmubbs.message",
  "pk": 54
},
{
  "fields": {
    "is_read": true,
    "text": "[Event Update]<br><p> You have been added into event <a href=/in_topic/84>demo</a> by event owner on 12:56 23/11/2015. </p>",
    "created_on": "2015-11-23T12:56:03Z",
    "sender": [
      "cmubbs-system"
    ],
    "receiver": [
      "linxiz"
    ]
  },
  "model": "cmubbs.message",
  "pk": 55
},
{
  "fields": {
    "is_read": true,
    "text": "[Event Application]<br><p> User <a href=/user_profile/linxiz>linxiz</a> is applying for event <a href=/in_topic/86> dem </a>.</p><p><a href='/user_profile/linxiz#event_applications'>See the application.</a></p><ln>\nlinxiz wrote:\n<p> let me join </p>",
    "created_on": "2015-11-23T13:04:51Z",
    "sender": [
      "cmubbs-system"
    ],
    "receiver": [
      "linxiz"
    ]
  },
  "model": "cmubbs.message",
  "pk": 56
},
{
  "fields": {
    "is_read": true,
    "text": "[Event Update]<br><p> You have been added into event <a href=/in_topic/86>dem</a> by event owner on 01:05 23/11/2015. </p>",
    "created_on": "2015-11-23T13:05:10Z",
    "sender": [
      "cmubbs-system"
    ],
    "receiver": [
      "linxiz"
    ]
  },
  "model": "cmubbs.message",
  "pk": 57
},
{
  "fields": {
    "is_read": true,
    "text": "<script>alert(\"sb\");</script>",
    "created_on": "2015-11-23T18:27:14Z",
    "sender": [
      "bowenz"
    ],
    "receiver": [
      "lalala"
    ]
  },
  "model": "cmubbs.message",
  "pk": 58
},
{
  "fields": {
    "is_read": true,
    "text": "test",
    "created_on": "2015-11-23T18:27:29Z",
    "sender": [
      "bowenz"
    ],
    "receiver": [
      "lalala"
    ]
  },
  "model": "cmubbs.message",
  "pk": 59
},
{
  "fields": {
    "is_read": true,
    "text": "test",
    "created_on": "2015-11-23T18:27:39Z",
    "sender": [
      "bowenz"
    ],
    "receiver": [
      "lalala"
    ]
  },
  "model": "cmubbs.message",
  "pk": 60
},
{
  "fields": {
    "is_read": true,
    "text": "Hey Billy",
    "created_on": "2015-11-23T18:52:29Z",
    "sender": [
      "\u5e7c\u513f\u56ed\u5c0f\u9738\u738b"
    ],
    "receiver": [
      "bowenz"
    ]
  },
  "model": "cmubbs.message",
  "pk": 61
},
{
  "fields": {
    "is_read": true,
    "text": "[Event Application]<br><p> User <a href=/user_profile/linxiz>linxiz</a> is applying for event <a href=/in_topic/94> tt </a>.</p><p><a href='/user_profile/linxiz#event_applications'>See the application.</a></p><ln>\nlinxiz wrote:\n<p> tt </p>",
    "created_on": "2015-11-23T18:54:19Z",
    "sender": [
      "cmubbs-system"
    ],
    "receiver": [
      "linxiz"
    ]
  },
  "model": "cmubbs.message",
  "pk": 62
},
{
  "fields": {
    "is_read": true,
    "text": "[Event Update]<br><p> You have been added into event <a href=/in_topic/94>tt</a> by event owner on 06:54 23/11/2015. </p>",
    "created_on": "2015-11-23T18:54:28Z",
    "sender": [
      "cmubbs-system"
    ],
    "receiver": [
      "linxiz"
    ]
  },
  "model": "cmubbs.message",
  "pk": 63
},
{
  "fields": {
    "is_read": true,
    "text": "hei, bie fa zhong wen jiu xing",
    "created_on": "2015-11-23T19:25:39Z",
    "sender": [
      "bowenz"
    ],
    "receiver": [
      "\u5e7c\u513f\u56ed\u5c0f\u9738\u738b"
    ]
  },
  "model": "cmubbs.message",
  "pk": 64
},
{
  "fields": {
    "is_read": true,
    "text": "[Event Application]<br><p> User <a href=/user_profile/linxiz>linxiz</a> is applying for event <a href=/in_topic/96> tt </a>.</p><p><a href='/user_profile/linxiz#event_applications'>See the application.</a></p><ln>\nlinxiz wrote:\n<p> demo </p>",
    "created_on": "2015-11-23T20:13:50Z",
    "sender": [
      "cmubbs-system"
    ],
    "receiver": [
      "linxiz"
    ]
  },
  "model": "cmubbs.message",
  "pk": 65
},
{
  "fields": {
    "is_read": true,
    "text": "[Event Update]<br><p> You have been added into event <a href=/in_topic/96>tt</a> by event owner on 08:14 23/11/2015. </p>",
    "created_on": "2015-11-23T20:14:09Z",
    "sender": [
      "cmubbs-system"
    ],
    "receiver": [
      "linxiz"
    ]
  },
  "model": "cmubbs.message",
  "pk": 66
},
{
  "fields": {
    "is_read": true,
    "text": "[Event Application]<br><p> User <a href=/user_profile/linxiz>linxiz</a> is applying for event <a href=/in_topic/98> demo </a>.</p><p><a href='/user_profile/linxiz#event_applications'>See the application.</a></p><ln>\nlinxiz wrote:\n<p> demo </p>",
    "created_on": "2015-11-23T20:36:20Z",
    "sender": [
      "cmubbs-system"
    ],
    "receiver": [
      "linxiz"
    ]
  },
  "model": "cmubbs.message",
  "pk": 67
},
{
  "fields": {
    "is_read": true,
    "text": "[Event Update]<br><p> You have been added into event <a href=/in_topic/98>demo</a> by event owner on 08:36 23/11/2015. </p>",
    "created_on": "2015-11-23T20:36:35Z",
    "sender": [
      "cmubbs-system"
    ],
    "receiver": [
      "linxiz"
    ]
  },
  "model": "cmubbs.message",
  "pk": 68
},
{
  "fields": {
    "is_read": true,
    "text": "'",
    "created_on": "2015-12-02T02:58:38Z",
    "sender": [
      "bowenz"
    ],
    "receiver": [
      "zruan"
    ]
  },
  "model": "cmubbs.message",
  "pk": 69
},
{
  "fields": {
    "is_read": true,
    "text": "\u2018",
    "created_on": "2015-12-02T03:11:23Z",
    "sender": [
      "zruan"
    ],
    "receiver": [
      "bowenz"
    ]
  },
  "model": "cmubbs.message",
  "pk": 70
},
{
  "fields": {
    "is_read": true,
    "text": "'",
    "created_on": "2015-12-02T03:11:26Z",
    "sender": [
      "zruan"
    ],
    "receiver": [
      "bowenz"
    ]
  },
  "model": "cmubbs.message",
  "pk": 71
},
{
  "fields": {
    "is_read": true,
    "text": "hello~~",
    "created_on": "2015-12-02T18:20:17Z",
    "sender": [
      "shicheng"
    ],
    "receiver": [
      "zruan"
    ]
  },
  "model": "cmubbs.message",
  "pk": 72
},
{
  "fields": {
    "is_read": true,
    "text": "wo shi 09 gei wo zhong",
    "created_on": "2015-12-04T00:55:57Z",
    "sender": [
      "bowenz"
    ],
    "receiver": [
      "\u5e7c\u513f\u56ed\u5c0f\u9738\u738b"
    ]
  },
  "model": "cmubbs.message",
  "pk": 73
},
{
  "fields": {
    "is_read": true,
    "text": "alert(1);",
    "created_on": "2015-12-04T01:28:41Z",
    "sender": [
      "admin"
    ],
    "receiver": [
      "admin"
    ]
  },
  "model": "cmubbs.message",
  "pk": 74
},
{
  "fields": {
    "is_read": true,
    "text": "alert(1);",
    "created_on": "2015-12-04T01:29:42Z",
    "sender": [
      "admin"
    ],
    "receiver": [
      "admin"
    ]
  },
  "model": "cmubbs.message",
  "pk": 75
},
{
  "fields": {
    "is_read": false,
    "text": "test",
    "created_on": "2015-12-04T02:10:38Z",
    "sender": [
      "lalala"
    ],
    "receiver": [
      "cmubbs-system"
    ]
  },
  "model": "cmubbs.message",
  "pk": 76
},
{
  "fields": {
    "is_read": false,
    "text": "test\r\nlalala",
    "created_on": "2015-12-04T02:10:58Z",
    "sender": [
      "lalala"
    ],
    "receiver": [
      "cmubbs-system"
    ]
  },
  "model": "cmubbs.message",
  "pk": 77
},
{
  "fields": {
    "is_read": true,
    "text": "test0\r\ntest1",
    "created_on": "2015-12-04T02:11:56Z",
    "sender": [
      "lalala"
    ],
    "receiver": [
      "bowenz"
    ]
  },
  "model": "cmubbs.message",
  "pk": 78
},
{
  "fields": {
    "is_read": true,
    "text": "alert(\"haha\")",
    "created_on": "2015-12-04T02:16:45Z",
    "sender": [
      "bowenz"
    ],
    "receiver": [
      "zruan"
    ]
  },
  "model": "cmubbs.message",
  "pk": 79
},
{
  "fields": {
    "is_read": true,
    "text": "alert('test')",
    "created_on": "2015-12-04T02:17:13Z",
    "sender": [
      "zruan"
    ],
    "receiver": [
      "yy"
    ]
  },
  "model": "cmubbs.message",
  "pk": 80
},
{
  "fields": {
    "is_read": true,
    "text": "alert('haha')",
    "created_on": "2015-12-04T02:18:17Z",
    "sender": [
      "bowenz"
    ],
    "receiver": [
      "robot"
    ]
  },
  "model": "cmubbs.message",
  "pk": 81
},
{
  "fields": {
    "is_read": true,
    "text": "test link\r\ngoogle.com",
    "created_on": "2015-12-04T02:29:08Z",
    "sender": [
      "lalala"
    ],
    "receiver": [
      "bowenz"
    ]
  },
  "model": "cmubbs.message",
  "pk": 82
},
{
  "fields": {
    "is_read": true,
    "text": "not supporting new line now",
    "created_on": "2015-12-04T02:29:37Z",
    "sender": [
      "lalala"
    ],
    "receiver": [
      "bowenz"
    ]
  },
  "model": "cmubbs.message",
  "pk": 83
},
{
  "fields": {
    "is_read": true,
    "text": "it can support now!\r\ncheers!",
    "created_on": "2015-12-04T02:59:01Z",
    "sender": [
      "bowenz"
    ],
    "receiver": [
      "lalala"
    ]
  },
  "model": "cmubbs.message",
  "pk": 84
},
{
  "fields": {
    "is_read": true,
    "text": "www.trippins.us",
    "created_on": "2015-12-04T06:36:56Z",
    "sender": [
      "bowenz"
    ],
    "receiver": [
      "lalala"
    ]
  },
  "model": "cmubbs.message",
  "pk": 85
},
{
  "fields": {
    "is_read": true,
    "text": "hello",
    "created_on": "2015-12-05T20:01:49Z",
    "sender": [
      "biyemaijianbing"
    ],
    "receiver": [
      "biyemaijianbing"
    ]
  },
  "model": "cmubbs.message",
  "pk": 86
},
{
  "fields": {
    "is_read": true,
    "text": "please add support to display new line in post~ thx",
    "created_on": "2015-12-05T20:04:30Z",
    "sender": [
      "linxiz"
    ],
    "receiver": [
      "bowenz"
    ]
  },
  "model": "cmubbs.message",
  "pk": 87
},
{
  "fields": {
    "is_read": true,
    "text": "ok",
    "created_on": "2015-12-05T20:08:22Z",
    "sender": [
      "bowenz"
    ],
    "receiver": [
      "linxiz"
    ]
  },
  "model": "cmubbs.message",
  "pk": 88
},
{
  "fields": {
    "is_read": true,
    "text": "\u6211\u89c9\u5f97\u5e16\u5b50\u662f\u4e0d\u662f\u5e94\u8be5\u6309\u7167\u6700\u65b0\u56de\u590d\u7684\u65f6\u95f4\u6765\u663e\u793a\u6bd4\u8f83\u597d\uff1f\u8fd9\u6837\u666e\u901a\u7528\u6237\u624d\u65b9\u4fbfUP\uff1f",
    "created_on": "2015-12-05T20:23:53Z",
    "sender": [
      "linxiz"
    ],
    "receiver": [
      "zruan"
    ]
  },
  "model": "cmubbs.message",
  "pk": 89
},
{
  "fields": {
    "is_read": true,
    "text": "\u521a\u521a\u53d1\u73b0\u4e00\u4e2abug\uff1a\u5728user profile page\u91cc\u9762\u5982\u679c\u8fdb\u884c\u4e86follow\u6216\u8005unfollow\u64cd\u4f5c\u7684\u8bdd\uff0c\u5c31\u4e0d\u80fd\u518d\u70b9\u51fbfollower\u7684\u94fe\u63a5\u4e86",
    "created_on": "2015-12-05T20:36:12Z",
    "sender": [
      "linxiz"
    ],
    "receiver": [
      "bowenz"
    ]
  },
  "model": "cmubbs.message",
  "pk": 90
},
{
  "fields": {
    "is_read": true,
    "text": "\u662f\u7684\uff0c\u8fd9\u4e2a\u6211\u4e5f\u53d1\u73b0\u8fc7\uff0c\u4e3b\u8981\u662fyy\u540e\u6765\u7528js\u628a\u6211\u90a3\u5757\u6539\u8fc7\uff0c\u6211\u4e00\u4f1a\u53bb\u770b\u4e00\u4e0b~",
    "created_on": "2015-12-05T20:37:39Z",
    "sender": [
      "bowenz"
    ],
    "receiver": [
      "linxiz"
    ]
  },
  "model": "cmubbs.message",
  "pk": 91
},
{
  "fields": {
    "is_read": true,
    "text": "\u6069\u597d\u7684",
    "created_on": "2015-12-05T20:37:56Z",
    "sender": [
      "linxiz"
    ],
    "receiver": [
      "bowenz"
    ]
  },
  "model": "cmubbs.message",
  "pk": 92
},
{
  "fields": {
    "is_read": true,
    "text": "\u4e3a\u6211\u4eec\u7684demo\u8868\u793a\u6df1\u6df1\u7684\u62c5\u5fe7\u3002\u3002\u3002TA\u548c\u8001\u5e08\u770b\u5230\u4e00\u5806\u4e2d\u6587\u5e16\u3002\u3002\u3002",
    "created_on": "2015-12-05T20:38:32Z",
    "sender": [
      "linxiz"
    ],
    "receiver": [
      "bowenz"
    ]
  },
  "model": "cmubbs.message",
  "pk": 93
},
{
  "fields": {
    "is_read": true,
    "text": "\u6211\u5468\u65e5\u665a\u4e0a\u628a\u6570\u636e\u5907\u4efd\u4e00\u4e0b\uff0c\u7136\u540e\u6211\u4eec\u628a\u4e2d\u6587\u8d34\u5220\u4e00\u4e9b\u5c31\u597d\u4e86~",
    "created_on": "2015-12-05T20:39:10Z",
    "sender": [
      "bowenz"
    ],
    "receiver": [
      "linxiz"
    ]
  },
  "model": "cmubbs.message",
  "pk": 94
},
{
  "fields": {
    "is_read": true,
    "text": "\u6069\u53ef\u4ee5\u3002\u3002\u3002\u6211\u4eec\u660e\u5929\u5b66\u6821\u78b0\u4e2a\u9762\u5427\uff0c\u5220\u5220\u5e16\u53d1\u53d1\u5e16\u8ba8\u8bba\u4e0b\u5468\u4e00\u600e\u4e48guide",
    "created_on": "2015-12-05T20:40:08Z",
    "sender": [
      "linxiz"
    ],
    "receiver": [
      "bowenz"
    ]
  },
  "model": "cmubbs.message",
  "pk": 95
},
{
  "fields": {
    "is_read": true,
    "text": "\u597d\u7684~",
    "created_on": "2015-12-05T20:40:50Z",
    "sender": [
      "bowenz"
    ],
    "receiver": [
      "linxiz"
    ]
  },
  "model": "cmubbs.message",
  "pk": 96
},
{
  "fields": {
    "is_read": true,
    "text": "\u5168\u90e8\u6539\u5b8c\u5566~ \u665a\u4e0a\u6211\u518d\u6539\u4e00\u4e0bjs\u91cc\u7684url",
    "created_on": "2015-12-05T21:34:08Z",
    "sender": [
      "bowenz"
    ],
    "receiver": [
      "linxiz"
    ]
  },
  "model": "cmubbs.message",
  "pk": 97
},
{
  "fields": {
    "is_read": true,
    "text": "\u6700\u5f3a\uff01",
    "created_on": "2015-12-05T21:45:41Z",
    "sender": [
      "bowenz"
    ],
    "receiver": [
      "lianguasth"
    ]
  },
  "model": "cmubbs.message",
  "pk": 98
},
{
  "fields": {
    "is_read": false,
    "text": "\u4f60\u5f00\u4e86\u591a\u5c11\u5c0f\u53f7\u554a\u3002\u3002\u3002\u6211\u53ef\u90fd\u770b\u89c1\u4e86",
    "created_on": "2015-12-05T21:46:05Z",
    "sender": [
      "bowenz"
    ],
    "receiver": [
      "loono"
    ]
  },
  "model": "cmubbs.message",
  "pk": 99
},
{
  "fields": {
    "is_read": false,
    "text": "\u867d\u7136\u6211\u786e\u5b9e\u5f88\u5e05\uff0c\u4f46\u662f\u8fd9\u6837\u4f1a\u8ba9\u5f20\u6cf0\u6e90\u4f24\u5fc3\u7684",
    "created_on": "2015-12-05T21:46:23Z",
    "sender": [
      "bowenz"
    ],
    "receiver": [
      "loono"
    ]
  },
  "model": "cmubbs.message",
  "pk": 100
},
{
  "fields": {
    "is_read": true,
    "text": "\u6700\u57fa\uff01",
    "created_on": "2015-12-05T21:47:37Z",
    "sender": [
      "lianguasth"
    ],
    "receiver": [
      "bowenz"
    ]
  },
  "model": "cmubbs.message",
  "pk": 101
},
{
  "fields": {
    "is_read": true,
    "text": "https://www.caktusgroup.com/blog/2014/11/10/Using-Amazon-S3-to-store-your-Django-sites-static-and-media-files/\r\n\u6700\u5f3a\uff01\r\n",
    "created_on": "2015-12-05T21:52:09Z",
    "sender": [
      "lianguasth"
    ],
    "receiver": [
      "bowenz"
    ]
  },
  "model": "cmubbs.message",
  "pk": 102
},
{
  "fields": {
    "is_read": true,
    "text": "https://github.com/SOMACMU/trippins.git",
    "created_on": "2015-12-05T22:28:13Z",
    "sender": [
      "lianguasth"
    ],
    "receiver": [
      "bowenz"
    ]
  },
  "model": "cmubbs.message",
  "pk": 103
},
{
  "fields": {
    "is_read": true,
    "text": "\u6069\uff0c\u8fd9\u6837\u7684\u786e\u6bd4\u8f83\u5408\u7406\uff0c\u989d\uff0c\u6211\u770b\u770b\u5b9e\u73b0\u8d77\u6765\u9ebb\u4e0d\u9ebb\u70e6><",
    "created_on": "2015-12-05T23:40:51Z",
    "sender": [
      "zruan"
    ],
    "receiver": [
      "linxiz"
    ]
  },
  "model": "cmubbs.message",
  "pk": 104
},
{
  "fields": {
    "is_read": true,
    "text": "\u4f60latest reply\u91cc\u9762\u9664\u4e86\u8bb0user\u4e5f\u8bb0\u4e2atime\u5c31\u884c\u4e86\r\n",
    "created_on": "2015-12-05T23:47:52Z",
    "sender": [
      "linxiz"
    ],
    "receiver": [
      "zruan"
    ]
  },
  "model": "cmubbs.message",
  "pk": 105
},
{
  "fields": {
    "is_read": true,
    "text": "enen, \u5176\u5b9e\u662f\u56e0\u4e3a\uff0c\u5982\u679c\u8981\u7528\u81ea\u5e26\u7684sort\uff0c\u5c31\u8981\u6539model\u3002\u3002\u7528@property\u662f\u4e0d\u80fd\u7684\uff0c\u989d\uff0c\u4e3b\u8981\u662f\uff0c\u6211\u61d2\u3002\u3002\u3002\u6211\u660e\u65e9\u6e05\u9192\u7684\u65f6\u5019\u6539\u5427\uff0c\u5927\u7ea6\u4f1a\u6bd4\u8f83\u52e4\u5feb\u4e00\u70b9\u3002\u3002",
    "created_on": "2015-12-06T01:48:17Z",
    "sender": [
      "zruan"
    ],
    "receiver": [
      "linxiz"
    ]
  },
  "model": "cmubbs.message",
  "pk": 106
},
{
  "fields": {
    "is_read": true,
    "text": "Please change choices into form and add validation in new poll page!!!!!\r\nAnd here is an advice: next time when you have some unfinished work, adding a TODO tag before your comment will be more convenient.",
    "created_on": "2015-12-06T07:57:45Z",
    "sender": [
      "linxiz"
    ],
    "receiver": [
      "bowenz"
    ]
  },
  "model": "cmubbs.message",
  "pk": 107
},
{
  "fields": {
    "is_read": true,
    "text": "\u90a3\u4e2achoice\u6211\u4e00\u5f00\u59cb\u662f\u6253\u7b97\u7528form\u6765\u7740\uff0c\u4f46\u662f\u9700\u8981\u52a8\u6001\u6dfb\u52a0form\u5c31\u5f88\u9ebb\u70e6\uff0c\u6211\u5f53\u65f6\u641e\u4e86\u5f88\u4e45\u6ca1\u641e\u51fa\u6765\u624d\u6362\u6210\u73b0\u5728\u8fd9\u79cd\u5199\u6cd5\u7684\u3002\u3002\u3002",
    "created_on": "2015-12-06T16:37:20Z",
    "sender": [
      "bowenz"
    ],
    "receiver": [
      "linxiz"
    ]
  },
  "model": "cmubbs.message",
  "pk": 108
},
{
  "fields": {
    "is_read": true,
    "text": "1",
    "created_on": "2015-12-07T02:35:46Z",
    "sender": [
      "robot"
    ],
    "receiver": [
      "bowenz"
    ]
  },
  "model": "cmubbs.message",
  "pk": 109
},
{
  "fields": {
    "is_read": true,
    "text": "asgsrgarf",
    "created_on": "2015-12-07T02:49:02Z",
    "sender": [
      "kairuiz"
    ],
    "receiver": [
      "linxiz"
    ]
  },
  "model": "cmubbs.message",
  "pk": 110
},
{
  "fields": {
    "is_read": true,
    "text": "mua!",
    "created_on": "2015-12-07T02:49:21Z",
    "sender": [
      "linxiz"
    ],
    "receiver": [
      "kairuiz"
    ]
  },
  "model": "cmubbs.message",
  "pk": 111
},
{
  "fields": {
    "is_read": true,
    "text": "exin",
    "created_on": "2015-12-07T02:49:36Z",
    "sender": [
      "kairuiz"
    ],
    "receiver": [
      "linxiz"
    ]
  },
  "model": "cmubbs.message",
  "pk": 112
},
{
  "fields": {
    "bio": "=^w^=",
    "follows": [
      2,
      3,
      11,
      32
    ],
    "gender": "F",
    "image": "images/profile.jpg",
    "favorite_forums": [
      6,
      7,
      13,
      14,
      25
    ],
    "user": [
      "linxiz"
    ],
    "birth": "1992-02-29",
    "user_group": 0
  },
  "model": "cmubbs.userinfo",
  "pk": 1
},
{
  "fields": {
    "bio": "I'm Bowen",
    "follows": [
      1,
      3,
      16,
      32,
      33
    ],
    "gender": "M",
    "image": "images/7426e276baa4d5cdf6b4efba8d3345dd_jBJDwn1.jpg",
    "favorite_forums": [
      6,
      7,
      9,
      24
    ],
    "user": [
      "bowenz"
    ],
    "birth": null,
    "user_group": 0
  },
  "model": "cmubbs.userinfo",
  "pk": 2
},
{
  "fields": {
    "bio": "\u70eb\u70eb\u70eb\u70eb\u70eb\u70eb\u70eb\u70eb\u70eb\u70eb\u70eb\u70eb\u70eb\u70eb\u70eb\u70eb\u70eb\u70eb\u70eb\u70eb\u70eb\u70eb\u70eb\u70eb\u70eb\u70eb\u70eb\u70eb\u70eb\u70eb\u70eb\u70eb\u70eb\u70eb\u70eb\u70eb\u70eb\u70eb\u70eb\u70eb\u70eb\u70eb\u70eb\u70eb\u70eb\u70eb\u70eb\u70eb\u70eb\u70eb\u70eb\u70eb\u70eb\u70eb\u70eb\u70eb\u70eb\u70eb\u70eb\u70eb\u70eb\u70eb\u70eb\u70eb\u70eb\u70eb\u70eb\u70eb\u70eb\u70eb\u70eb\u70eb\u70eb\u70eb\u70eb\u70eb\u70eb\u70eb\u70eb\u70eb\u70eb\u70eb\u70eb\u70eb\u70eb\u70eb\u70eb\u70eb\u70eb\u70eb\u70eb\u70eb\u70eb\u70eb\u70eb\u70eb\u70eb\u70eb\u70eb\u70eb\u70eb\u70eb\u70eb\u70eb\u70eb\u70eb\u70eb\u70eb\u70eb\u70eb\u70eb\u70eb\u70eb\u70eb\u70eb\u70eb\u70eb\u70eb\u70eb\u70eb\u70eb\u70eb\u70eb\u70eb\u70eb\u70eb\u70eb\u70eb\u70eb\u70eb\u70eb\u70eb\u70eb\u70eb\u70eb",
    "follows": [],
    "gender": "",
    "image": "images/Screen_Shot_2015-11-23_at_6.57.01_AM.png",
    "favorite_forums": [
      5,
      31
    ],
    "user": [
      "zruan"
    ],
    "birth": "1990-11-19",
    "user_group": 0
  },
  "model": "cmubbs.userinfo",
  "pk": 3
},
{
  "fields": {
    "bio": "",
    "follows": [],
    "gender": "M",
    "image": "images/JPC-May24-14.jpg",
    "favorite_forums": [
      5
    ],
    "user": [
      "Brother Jamie"
    ],
    "birth": null,
    "user_group": 3
  },
  "model": "cmubbs.userinfo",
  "pk": 6
},
{
  "fields": {
    "bio": "",
    "follows": [],
    "gender": "M",
    "image": "images/Eric-Nyberg_150.jpg",
    "favorite_forums": [],
    "user": [
      "King of LTI"
    ],
    "birth": null,
    "user_group": 3
  },
  "model": "cmubbs.userinfo",
  "pk": 7
},
{
  "fields": {
    "bio": "",
    "follows": [],
    "gender": "F",
    "image": "images/default.jpg",
    "favorite_forums": [],
    "user": [
      "xiaohei"
    ],
    "birth": null,
    "user_group": 1
  },
  "model": "cmubbs.userinfo",
  "pk": 9
},
{
  "fields": {
    "bio": "lalala~~~lalala~~~lalala~~~lalala~~~lalala~~~lalala~~~lalala~~~lalala~~~lalala~~~lalala~~~lalala~~~lalala~~~lalala~~~lalala~~~lalala~~~lalala~~~lalala~~~lalala~~~lalala~~~lalala~~~lalala~~~lalala~~~lalala~~~lalala~~~lalala~~~lalala~~~lalala~~~lalala~~~lalala~~~lalala~~~lalala~~~lalala~~~lalala~~~lalala~~~lalala~~~lalala~~~lalala~~~lalala~~~lalala~~~lalala~~~lalala~~~lalala~~~lalala~~~lalala~~~lalala~~~lalala~~~lalala",
    "follows": [
      1
    ],
    "gender": "",
    "image": "images/default_42PxTle.jpg",
    "favorite_forums": [
      6,
      7
    ],
    "user": [
      "lalala"
    ],
    "birth": null,
    "user_group": 1
  },
  "model": "cmubbs.userinfo",
  "pk": 11
},
{
  "fields": {
    "bio": "",
    "follows": [],
    "gender": "",
    "image": "",
    "favorite_forums": [],
    "user": [
      "cmubbs-system"
    ],
    "birth": null,
    "user_group": 3
  },
  "model": "cmubbs.userinfo",
  "pk": 12
},
{
  "fields": {
    "bio": "",
    "follows": [
      3
    ],
    "gender": "",
    "image": "",
    "favorite_forums": [],
    "user": [
      "wanpiqiao"
    ],
    "birth": null,
    "user_group": 3
  },
  "model": "cmubbs.userinfo",
  "pk": 13
},
{
  "fields": {
    "bio": "",
    "follows": [],
    "gender": "",
    "image": "",
    "favorite_forums": [],
    "user": [
      "cmulq"
    ],
    "birth": null,
    "user_group": 3
  },
  "model": "cmubbs.userinfo",
  "pk": 14
},
{
  "fields": {
    "bio": "",
    "follows": [],
    "gender": "",
    "image": "",
    "favorite_forums": [],
    "user": [
      "immzz"
    ],
    "birth": null,
    "user_group": 3
  },
  "model": "cmubbs.userinfo",
  "pk": 15
},
{
  "fields": {
    "bio": "",
    "follows": [],
    "gender": "M",
    "image": "images/IMG_0333.JPG",
    "favorite_forums": [
      9,
      24
    ],
    "user": [
      "\u5e7c\u513f\u56ed\u5c0f\u9738\u738b"
    ],
    "birth": null,
    "user_group": 3
  },
  "model": "cmubbs.userinfo",
  "pk": 16
},
{
  "fields": {
    "bio": "",
    "follows": [],
    "gender": "",
    "image": "",
    "favorite_forums": [],
    "user": [
      "lianguasth"
    ],
    "birth": null,
    "user_group": 3
  },
  "model": "cmubbs.userinfo",
  "pk": 17
},
{
  "fields": {
    "bio": "",
    "follows": [
      1
    ],
    "gender": "",
    "image": "",
    "favorite_forums": [],
    "user": [
      "admin"
    ],
    "birth": null,
    "user_group": 3
  },
  "model": "cmubbs.userinfo",
  "pk": 18
},
{
  "fields": {
    "bio": "",
    "follows": [],
    "gender": "",
    "image": "",
    "favorite_forums": [],
    "user": [
      "MostHandsomeGuyInLTI"
    ],
    "birth": null,
    "user_group": 3
  },
  "model": "cmubbs.userinfo",
  "pk": 19
},
{
  "fields": {
    "bio": "",
    "follows": [],
    "gender": "",
    "image": "",
    "favorite_forums": [],
    "user": [
      "xvblack"
    ],
    "birth": null,
    "user_group": 3
  },
  "model": "cmubbs.userinfo",
  "pk": 20
},
{
  "fields": {
    "bio": "",
    "follows": [],
    "gender": "",
    "image": "",
    "favorite_forums": [],
    "user": [
      "test23"
    ],
    "birth": null,
    "user_group": 3
  },
  "model": "cmubbs.userinfo",
  "pk": 21
},
{
  "fields": {
    "bio": "",
    "follows": [],
    "gender": "",
    "image": "",
    "favorite_forums": [],
    "user": [
      "robot"
    ],
    "birth": null,
    "user_group": 3
  },
  "model": "cmubbs.userinfo",
  "pk": 22
},
{
  "fields": {
    "bio": "",
    "follows": [],
    "gender": "",
    "image": "",
    "favorite_forums": [],
    "user": [
      "shicheng"
    ],
    "birth": null,
    "user_group": 3
  },
  "model": "cmubbs.userinfo",
  "pk": 23
},
{
  "fields": {
    "bio": "",
    "follows": [],
    "gender": "",
    "image": "",
    "favorite_forums": [],
    "user": [
      "yy"
    ],
    "birth": null,
    "user_group": 3
  },
  "model": "cmubbs.userinfo",
  "pk": 24
},
{
  "fields": {
    "bio": "",
    "follows": [],
    "gender": "",
    "image": "",
    "favorite_forums": [],
    "user": [
      "Riviera"
    ],
    "birth": null,
    "user_group": 3
  },
  "model": "cmubbs.userinfo",
  "pk": 25
},
{
  "fields": {
    "bio": "",
    "follows": [],
    "gender": "",
    "image": "",
    "favorite_forums": [],
    "user": [
      "rcx"
    ],
    "birth": null,
    "user_group": 3
  },
  "model": "cmubbs.userinfo",
  "pk": 26
},
{
  "fields": {
    "bio": "",
    "follows": [],
    "gender": "",
    "image": "",
    "favorite_forums": [],
    "user": [
      "loono"
    ],
    "birth": null,
    "user_group": 3
  },
  "model": "cmubbs.userinfo",
  "pk": 27
},
{
  "fields": {
    "bio": "",
    "follows": [],
    "gender": "",
    "image": "",
    "favorite_forums": [],
    "user": [
      "bowen fans"
    ],
    "birth": null,
    "user_group": 3
  },
  "model": "cmubbs.userinfo",
  "pk": 28
},
{
  "fields": {
    "bio": "",
    "follows": [],
    "gender": "",
    "image": "",
    "favorite_forums": [],
    "user": [
      "bowen fans2"
    ],
    "birth": null,
    "user_group": 3
  },
  "model": "cmubbs.userinfo",
  "pk": 29
},
{
  "fields": {
    "bio": "",
    "follows": [],
    "gender": "",
    "image": "",
    "favorite_forums": [],
    "user": [
      "bowen fans3"
    ],
    "birth": null,
    "user_group": 3
  },
  "model": "cmubbs.userinfo",
  "pk": 30
},
{
  "fields": {
    "bio": "",
    "follows": [],
    "gender": "",
    "image": "",
    "favorite_forums": [],
    "user": [
      "bowenzhu"
    ],
    "birth": null,
    "user_group": 3
  },
  "model": "cmubbs.userinfo",
  "pk": 31
},
{
  "fields": {
    "bio": "",
    "follows": [],
    "gender": "",
    "image": "",
    "favorite_forums": [
      6
    ],
    "user": [
      "xiayuc"
    ],
    "birth": null,
    "user_group": 3
  },
  "model": "cmubbs.userinfo",
  "pk": 32
},
{
  "fields": {
    "bio": "",
    "follows": [],
    "gender": "",
    "image": "",
    "favorite_forums": [],
    "user": [
      "manjusaka077"
    ],
    "birth": null,
    "user_group": 3
  },
  "model": "cmubbs.userinfo",
  "pk": 33
},
{
  "fields": {
    "bio": "",
    "follows": [],
    "gender": "",
    "image": "",
    "favorite_forums": [],
    "user": [
      "wy"
    ],
    "birth": null,
    "user_group": 3
  },
  "model": "cmubbs.userinfo",
  "pk": 34
},
{
  "fields": {
    "bio": "",
    "follows": [],
    "gender": "",
    "image": "",
    "favorite_forums": [],
    "user": [
      "biyemaijianbing"
    ],
    "birth": null,
    "user_group": 3
  },
  "model": "cmubbs.userinfo",
  "pk": 35
},
{
  "fields": {
    "bio": "",
    "follows": [],
    "gender": "",
    "image": "",
    "favorite_forums": [],
    "user": [
      "bowenfans"
    ],
    "birth": null,
    "user_group": 3
  },
  "model": "cmubbs.userinfo",
  "pk": 36
},
{
  "fields": {
    "bio": "",
    "follows": [],
    "gender": "",
    "image": "",
    "favorite_forums": [],
    "user": [
      "chanllen"
    ],
    "birth": null,
    "user_group": 3
  },
  "model": "cmubbs.userinfo",
  "pk": 37
},
{
  "fields": {
    "bio": "",
    "follows": [],
    "gender": "",
    "image": "",
    "favorite_forums": [],
    "user": [
      "pigwall"
    ],
    "birth": null,
    "user_group": 3
  },
  "model": "cmubbs.userinfo",
  "pk": 38
},
{
  "fields": {
    "bio": "",
    "follows": [
      1
    ],
    "gender": "",
    "image": "",
    "favorite_forums": [],
    "user": [
      "kairuiz"
    ],
    "birth": null,
    "user_group": 2
  },
  "model": "cmubbs.userinfo",
  "pk": 39
},
{
  "fields": {
    "topic": 74,
    "participants": [
      2,
      3
    ],
    "max_participants": 4,
    "description": "I want to go to Orlando for Xmax~ Planning to go to Disney and Universal Studio. Anyone want to join?",
    "public": false
  },
  "model": "cmubbs.event",
  "pk": 40
},
{
  "fields": {
    "topic": 75,
    "participants": [],
    "max_participants": 1,
    "description": "Price: $480/month. One room in a 3br 2 ba apartment. ",
    "public": false
  },
  "model": "cmubbs.event",
  "pk": 41
},
{
  "fields": {
    "topic": 118,
    "participants": [],
    "max_participants": 8,
    "description": "I am just testing events at the same location. We can change to any restaurant you like!",
    "public": true
  },
  "model": "cmubbs.event",
  "pk": 51
},
{
  "fields": {
    "topic": 120,
    "participants": [],
    "max_participants": 100,
    "description": "We would appreciate your help~~~",
    "public": true
  },
  "model": "cmubbs.event",
  "pk": 53
},
{
  "fields": {
    "topic": 122,
    "participants": [
      1,
      2,
      3
    ],
    "max_participants": 5,
    "description": "Let's have lunch at Little Asia after Monday's demo!",
    "public": false
  },
  "model": "cmubbs.event",
  "pk": 55
},
{
  "fields": {
    "topic": 124,
    "participants": [
      1
    ],
    "max_participants": 8,
    "description": "Let's celebrate! Dinner and card games~",
    "public": true
  },
  "model": "cmubbs.event",
  "pk": 56
},
{
  "fields": {
    "topic": 128,
    "participants": [],
    "max_participants": 4,
    "description": "Anyone wants to go to Waterfront to watch Mockingjay?",
    "public": true
  },
  "model": "cmubbs.event",
  "pk": 57
},
{
  "fields": {
    "topic": 134,
    "participants": [
      2
    ],
    "max_participants": 20,
    "description": "Welcome to Beijing!",
    "public": true
  },
  "model": "cmubbs.event",
  "pk": 60
},
{
  "fields": {
    "topic": 136,
    "participants": [],
    "max_participants": 3,
    "description": "See the awesome minerals!",
    "public": false
  },
  "model": "cmubbs.event",
  "pk": 61
},
{
  "fields": {
    "topic": 137,
    "participants": [],
    "max_participants": 10,
    "description": "Mexico Food!!!",
    "public": true
  },
  "model": "cmubbs.event",
  "pk": 62
},
{
  "fields": {
    "topic": 138,
    "participants": [],
    "max_participants": 100,
    "description": "Network Bar",
    "public": false
  },
  "model": "cmubbs.event",
  "pk": 63
},
{
  "fields": {
    "topic": 139,
    "participants": [],
    "max_participants": 15,
    "description": "CS department need money",
    "public": false
  },
  "model": "cmubbs.event",
  "pk": 64
},
{
  "fields": {
    "topic": 140,
    "participants": [],
    "max_participants": 1000,
    "description": "haha~",
    "public": false
  },
  "model": "cmubbs.event",
  "pk": 65
},
{
  "fields": {
    "topic": 141,
    "participants": [
      2,
      3
    ],
    "max_participants": 3,
    "description": "For the Demo!",
    "public": false
  },
  "model": "cmubbs.event",
  "pk": 66
},
{
  "fields": {
    "topic": 142,
    "participants": [],
    "max_participants": 10,
    "description": "Come and Play!",
    "public": true
  },
  "model": "cmubbs.event",
  "pk": 67
},
{
  "fields": {
    "topic": 147,
    "participants": [],
    "max_participants": 40,
    "description": "2B1B apt, you can either rent one room or all;\r\n570/month for small room, and 670/m for the big root.\r\n",
    "public": true
  },
  "model": "cmubbs.event",
  "pk": 68
},
{
  "fields": {
    "topic": 156,
    "participants": [],
    "max_participants": 2,
    "description": "TEST",
    "public": true
  },
  "model": "cmubbs.event",
  "pk": 69
},
{
  "fields": {
    "lat": 28.385233,
    "lng": -81.563874,
    "formatted_address": "Walt Disney World Resort, Orlando, FL 32830, United States",
    "event": 40
  },
  "model": "cmubbs.location",
  "pk": 40
},
{
  "fields": {
    "lat": 40.4532577,
    "lng": -79.9277771,
    "formatted_address": "5831 Walnut St, Pittsburgh, PA 15232, USA",
    "event": 41
  },
  "model": "cmubbs.location",
  "pk": 41
},
{
  "fields": {
    "lat": 40.4455216,
    "lng": -79.9486315,
    "formatted_address": "301 S Craig St #2, Pittsburgh, PA 15213, United States",
    "event": 51
  },
  "model": "cmubbs.location",
  "pk": 51
},
{
  "fields": {
    "lat": 40.4424925,
    "lng": -79.9425528,
    "formatted_address": "5000 Forbes Ave, Pittsburgh, PA 15213, United States",
    "event": 53
  },
  "model": "cmubbs.location",
  "pk": 53
},
{
  "fields": {
    "lat": 40.4455216,
    "lng": -79.9486315,
    "formatted_address": "301 S Craig St #2, Pittsburgh, PA 15213, United States",
    "event": 55
  },
  "model": "cmubbs.location",
  "pk": 55
},
{
  "fields": {
    "lat": 40.4532577,
    "lng": -79.9277771,
    "formatted_address": "5831 Walnut St, Pittsburgh, PA 15232, USA",
    "event": 56
  },
  "model": "cmubbs.location",
  "pk": 56
},
{
  "fields": {
    "lat": 40.406757,
    "lng": -79.91834,
    "formatted_address": "300 West Waterfront Dr., West Homestead, PA 15120, United States",
    "event": 57
  },
  "model": "cmubbs.location",
  "pk": 57
},
{
  "fields": {
    "lat": 39.904211,
    "lng": 116.407395,
    "formatted_address": "Beijing, Beijing, China",
    "event": 60
  },
  "model": "cmubbs.location",
  "pk": 60
},
{
  "fields": {
    "lat": 40.4432629,
    "lng": -79.9500285,
    "formatted_address": "4400 Forbes Ave, Pittsburgh, PA 15213, United States",
    "event": 61
  },
  "model": "cmubbs.location",
  "pk": 61
},
{
  "fields": {
    "lat": 40.4434746,
    "lng": -79.940153,
    "formatted_address": "Pittsburgh, PA 15213, United States",
    "event": 62
  },
  "model": "cmubbs.location",
  "pk": 62
},
{
  "fields": {
    "lat": 40.4447358,
    "lng": -79.9478304,
    "formatted_address": "4615 Forbes Ave, Pittsburgh, PA 15213, USA",
    "event": 63
  },
  "model": "cmubbs.location",
  "pk": 63
},
{
  "fields": {
    "lat": 40.4437211,
    "lng": -79.9444459,
    "formatted_address": "4902 Forbes Ave, Pittsburgh, PA 15213, United States",
    "event": 64
  },
  "model": "cmubbs.location",
  "pk": 64
},
{
  "fields": {
    "lat": 40.4424925,
    "lng": -79.9425528,
    "formatted_address": "5000 Forbes Ave, Pittsburgh, PA 15213, United States",
    "event": 65
  },
  "model": "cmubbs.location",
  "pk": 65
},
{
  "fields": {
    "lat": 40.4437211,
    "lng": -79.9444459,
    "formatted_address": "4902 Forbes Ave, Pittsburgh, PA 15213, United States",
    "event": 66
  },
  "model": "cmubbs.location",
  "pk": 66
},
{
  "fields": {
    "lat": 40.4424925,
    "lng": -79.9425528,
    "formatted_address": "5000 Forbes Ave, Pittsburgh, PA 15213, United States",
    "event": 67
  },
  "model": "cmubbs.location",
  "pk": 67
},
{
  "fields": {
    "lat": 40.45383,
    "lng": -79.942786,
    "formatted_address": "5030 Centre Ave, Pittsburgh, PA 15213\u7f8e\u56fd",
    "event": 68
  },
  "model": "cmubbs.location",
  "pk": 68
},
{
  "fields": {
    "lat": 40.4424925,
    "lng": -79.9425528,
    "formatted_address": "5000 Forbes Ave, Pittsburgh, PA 15213, United States",
    "event": 69
  },
  "model": "cmubbs.location",
  "pk": 69
},
{
  "fields": {
    "start": "2015-12-21T12:00:00Z",
    "end": "2015-12-29T17:00:00Z",
    "event": 40
  },
  "model": "cmubbs.timeperiod",
  "pk": 40
},
{
  "fields": {
    "start": "2016-01-01T00:00:00Z",
    "end": "2016-08-01T00:00:00Z",
    "event": 41
  },
  "model": "cmubbs.timeperiod",
  "pk": 41
},
{
  "fields": {
    "start": "2015-12-09T23:00:00Z",
    "end": "2015-12-10T00:30:00Z",
    "event": 51
  },
  "model": "cmubbs.timeperiod",
  "pk": 51
},
{
  "fields": {
    "start": "2015-12-04T21:00:00Z",
    "end": "2015-12-07T03:40:00Z",
    "event": 53
  },
  "model": "cmubbs.timeperiod",
  "pk": 53
},
{
  "fields": {
    "start": "2015-12-07T17:00:00Z",
    "end": "2015-12-07T18:30:00Z",
    "event": 55
  },
  "model": "cmubbs.timeperiod",
  "pk": 55
},
{
  "fields": {
    "start": "2015-12-19T22:30:00Z",
    "end": "2015-12-20T04:30:00Z",
    "event": 56
  },
  "model": "cmubbs.timeperiod",
  "pk": 56
},
{
  "fields": {
    "start": "2015-12-06T06:55:00Z",
    "end": "2015-12-06T07:55:00Z",
    "event": 57
  },
  "model": "cmubbs.timeperiod",
  "pk": 57
},
{
  "fields": {
    "start": "2016-01-07T02:16:00Z",
    "end": "2016-02-16T03:16:00Z",
    "event": 60
  },
  "model": "cmubbs.timeperiod",
  "pk": 60
},
{
  "fields": {
    "start": "2015-12-10T03:42:00Z",
    "end": "2015-12-10T04:42:00Z",
    "event": 61
  },
  "model": "cmubbs.timeperiod",
  "pk": 61
},
{
  "fields": {
    "start": "2015-12-07T03:45:00Z",
    "end": "2015-12-07T04:45:00Z",
    "event": 62
  },
  "model": "cmubbs.timeperiod",
  "pk": 62
},
{
  "fields": {
    "start": "2015-12-07T03:46:00Z",
    "end": "2016-02-21T04:46:00Z",
    "event": 63
  },
  "model": "cmubbs.timeperiod",
  "pk": 63
},
{
  "fields": {
    "start": "2015-12-07T03:53:00Z",
    "end": "2015-12-07T04:53:00Z",
    "event": 64
  },
  "model": "cmubbs.timeperiod",
  "pk": 64
},
{
  "fields": {
    "start": "2015-12-08T03:55:00Z",
    "end": "2015-12-09T04:55:00Z",
    "event": 65
  },
  "model": "cmubbs.timeperiod",
  "pk": 65
},
{
  "fields": {
    "start": "2015-12-07T04:00:00Z",
    "end": "2015-12-07T05:00:00Z",
    "event": 66
  },
  "model": "cmubbs.timeperiod",
  "pk": 66
},
{
  "fields": {
    "start": "2015-12-07T04:08:00Z",
    "end": "2015-12-07T05:08:00Z",
    "event": 67
  },
  "model": "cmubbs.timeperiod",
  "pk": 67
},
{
  "fields": {
    "start": "2015-12-07T05:10:00Z",
    "end": "2016-01-31T06:10:00Z",
    "event": 68
  },
  "model": "cmubbs.timeperiod",
  "pk": 68
},
{
  "fields": {
    "start": "2015-12-07T05:39:00Z",
    "end": "2015-12-07T06:39:00Z",
    "event": 69
  },
  "model": "cmubbs.timeperiod",
  "pk": 69
},
{
  "fields": {
    "topic": 69,
    "is_multiple": false,
    "question": "What is your favorite food?",
    "polled_by": [
      1,
      2,
      3,
      11,
      13,
      14,
      32
    ]
  },
  "model": "cmubbs.poll",
  "pk": 3
},
{
  "fields": {
    "topic": 91,
    "is_multiple": false,
    "question": "Which course do you hate most?",
    "polled_by": [
      2,
      3,
      11,
      16,
      36
    ]
  },
  "model": "cmubbs.poll",
  "pk": 9
},
{
  "fields": {
    "topic": 99,
    "is_multiple": false,
    "question": "\u8c01\u662fLTI\u6700\u5e05\u7684\u4eba\uff1f",
    "polled_by": [
      1,
      2,
      6,
      7,
      13,
      16,
      17,
      19,
      22,
      26,
      27,
      28,
      29,
      30,
      31,
      34,
      35,
      36,
      37
    ]
  },
  "model": "cmubbs.poll",
  "pk": 14
},
{
  "fields": {
    "topic": 104,
    "is_multiple": false,
    "question": "\u4f60\u7684\u7406\u60f3\u804c\u4e1a\u662f\u4ec0\u4e48",
    "polled_by": [
      1,
      2,
      13,
      17,
      24,
      25,
      27
    ]
  },
  "model": "cmubbs.poll",
  "pk": 15
},
{
  "fields": {
    "topic": 111,
    "is_multiple": false,
    "question": "\u8c01\u662fINI\u6700\u5e05\u7684\u4eba\uff1f",
    "polled_by": [
      2,
      6,
      7,
      16,
      22,
      31,
      35,
      36,
      39
    ]
  },
  "model": "cmubbs.poll",
  "pk": 17
},
{
  "fields": {
    "topic": 115,
    "is_multiple": false,
    "question": "\u6211\u548c\u6770\u7c73\u5361\u5170\u8c01\u662fLTI\u7684\u738b\u8005\uff1f",
    "polled_by": [
      2,
      6,
      7,
      16,
      33
    ]
  },
  "model": "cmubbs.poll",
  "pk": 18
},
{
  "fields": {
    "topic": 123,
    "is_multiple": false,
    "question": "Which restaurant to have dinner on Monday?",
    "polled_by": [
      1,
      3
    ]
  },
  "model": "cmubbs.poll",
  "pk": 19
},
{
  "fields": {
    "topic": 129,
    "is_multiple": false,
    "question": "Who is the best TA of Web Application?",
    "polled_by": [
      2
    ]
  },
  "model": "cmubbs.poll",
  "pk": 20
},
{
  "fields": {
    "topic": 135,
    "is_multiple": true,
    "question": "Who is the most handsome professor in LTI",
    "polled_by": [
      2
    ]
  },
  "model": "cmubbs.poll",
  "pk": 21
},
{
  "fields": {
    "votes": 1,
    "poll": 3,
    "choice": "steak"
  },
  "model": "cmubbs.choice",
  "pk": 5
},
{
  "fields": {
    "votes": 2,
    "poll": 3,
    "choice": "sushi"
  },
  "model": "cmubbs.choice",
  "pk": 6
},
{
  "fields": {
    "votes": 1,
    "poll": 3,
    "choice": "burger"
  },
  "model": "cmubbs.choice",
  "pk": 7
},
{
  "fields": {
    "votes": 3,
    "poll": 3,
    "choice": "udon"
  },
  "model": "cmubbs.choice",
  "pk": 8
},
{
  "fields": {
    "votes": 5,
    "poll": 9,
    "choice": "Text Mining"
  },
  "model": "cmubbs.choice",
  "pk": 26
},
{
  "fields": {
    "votes": 0,
    "poll": 9,
    "choice": "Machine Learning with Large dataset"
  },
  "model": "cmubbs.choice",
  "pk": 27
},
{
  "fields": {
    "votes": 1,
    "poll": 14,
    "choice": "\u6770\u7c73\u5361\u5170"
  },
  "model": "cmubbs.choice",
  "pk": 40
},
{
  "fields": {
    "votes": 1,
    "poll": 14,
    "choice": "\u8010\u4f2f\u683c"
  },
  "model": "cmubbs.choice",
  "pk": 41
},
{
  "fields": {
    "votes": 5,
    "poll": 14,
    "choice": "\u5f20\u6cf0\u6e90"
  },
  "model": "cmubbs.choice",
  "pk": 42
},
{
  "fields": {
    "votes": 1,
    "poll": 15,
    "choice": "\u7801\u519c"
  },
  "model": "cmubbs.choice",
  "pk": 43
},
{
  "fields": {
    "votes": 2,
    "poll": 15,
    "choice": "\u827a\u672f\u5bb6\uff08\u5fb7\u827a\u53cc\u99a8\u7684\u90a3\u79cd\uff09"
  },
  "model": "cmubbs.choice",
  "pk": 44
},
{
  "fields": {
    "votes": 0,
    "poll": 15,
    "choice": "\u533b\u751f"
  },
  "model": "cmubbs.choice",
  "pk": 45
},
{
  "fields": {
    "votes": 0,
    "poll": 15,
    "choice": "\u8fd0\u52a8\u5458"
  },
  "model": "cmubbs.choice",
  "pk": 46
},
{
  "fields": {
    "votes": 0,
    "poll": 15,
    "choice": "\u4f5c\u5bb6"
  },
  "model": "cmubbs.choice",
  "pk": 47
},
{
  "fields": {
    "votes": 0,
    "poll": 15,
    "choice": "\u516c\u52a1\u5458"
  },
  "model": "cmubbs.choice",
  "pk": 48
},
{
  "fields": {
    "votes": 1,
    "poll": 15,
    "choice": "\u8001\u5e08"
  },
  "model": "cmubbs.choice",
  "pk": 49
},
{
  "fields": {
    "votes": 0,
    "poll": 15,
    "choice": "\u81ea\u7531\u804c\u4e1a"
  },
  "model": "cmubbs.choice",
  "pk": 50
},
{
  "fields": {
    "votes": 3,
    "poll": 15,
    "choice": "\u5176\u4ed6\uff08\u8bf7\u8ddf\u5e16\u6ce8\u660e\uff09"
  },
  "model": "cmubbs.choice",
  "pk": 51
},
{
  "fields": {
    "votes": 12,
    "poll": 14,
    "choice": "Bowen Zhu"
  },
  "model": "cmubbs.choice",
  "pk": 54
},
{
  "fields": {
    "votes": 2,
    "poll": 17,
    "choice": "\u4e8e\u6d77\u78ca"
  },
  "model": "cmubbs.choice",
  "pk": 55
},
{
  "fields": {
    "votes": 3,
    "poll": 17,
    "choice": "\u5434\u7080"
  },
  "model": "cmubbs.choice",
  "pk": 56
},
{
  "fields": {
    "votes": 1,
    "poll": 17,
    "choice": "\u91d1\u661f\u9a70"
  },
  "model": "cmubbs.choice",
  "pk": 57
},
{
  "fields": {
    "votes": 3,
    "poll": 17,
    "choice": "\u5176\u4ed6\uff08\u8bf7\u56de\u5e16\u8bf4\u660e\uff09"
  },
  "model": "cmubbs.choice",
  "pk": 58
},
{
  "fields": {
    "votes": 3,
    "poll": 18,
    "choice": "\u6211"
  },
  "model": "cmubbs.choice",
  "pk": 59
},
{
  "fields": {
    "votes": 2,
    "poll": 18,
    "choice": "\u6770\u7c73\u5361\u5170"
  },
  "model": "cmubbs.choice",
  "pk": 60
},
{
  "fields": {
    "votes": 0,
    "poll": 19,
    "choice": "Little Asia"
  },
  "model": "cmubbs.choice",
  "pk": 61
},
{
  "fields": {
    "votes": 0,
    "poll": 19,
    "choice": "Lulu's Noodles"
  },
  "model": "cmubbs.choice",
  "pk": 62
},
{
  "fields": {
    "votes": 2,
    "poll": 19,
    "choice": "Somewhere near Pitt"
  },
  "model": "cmubbs.choice",
  "pk": 63
},
{
  "fields": {
    "votes": 1,
    "poll": 20,
    "choice": "Shuai Shao"
  },
  "model": "cmubbs.choice",
  "pk": 64
},
{
  "fields": {
    "votes": 0,
    "poll": 20,
    "choice": "Andrew Zeng"
  },
  "model": "cmubbs.choice",
  "pk": 65
},
{
  "fields": {
    "votes": 0,
    "poll": 20,
    "choice": "Brian Bergeron"
  },
  "model": "cmubbs.choice",
  "pk": 66
},
{
  "fields": {
    "votes": 0,
    "poll": 20,
    "choice": "Brian Wachowicz"
  },
  "model": "cmubbs.choice",
  "pk": 67
},
{
  "fields": {
    "votes": 0,
    "poll": 20,
    "choice": "Paul Aluri"
  },
  "model": "cmubbs.choice",
  "pk": 68
},
{
  "fields": {
    "votes": 0,
    "poll": 20,
    "choice": "Jason Hugh Sam"
  },
  "model": "cmubbs.choice",
  "pk": 69
},
{
  "fields": {
    "votes": 0,
    "poll": 21,
    "choice": "Jamie Callan"
  },
  "model": "cmubbs.choice",
  "pk": 70
},
{
  "fields": {
    "votes": 1,
    "poll": 21,
    "choice": "Eric Nyberg"
  },
  "model": "cmubbs.choice",
  "pk": 71
},
{
  "fields": {
    "votes": 0,
    "poll": 21,
    "choice": "Chris Dyer"
  },
  "model": "cmubbs.choice",
  "pk": 72
},
{
  "fields": {
    "votes": 0,
    "poll": 21,
    "choice": "Alan Black"
  },
  "model": "cmubbs.choice",
  "pk": 73
},
{
  "fields": {
    "votes": 1,
    "poll": 21,
    "choice": "William Cohen"
  },
  "model": "cmubbs.choice",
  "pk": 74
},
{
  "fields": {
    "notification_type": "reply",
    "created_on": "2015-12-04T00:52:17Z",
    "user": [
      "admin"
    ],
    "key": "7"
  },
  "model": "cmubbs.notification",
  "pk": 10
},
{
  "fields": {
    "notification_type": "reply",
    "created_on": "2015-12-04T01:53:55Z",
    "user": [
      "admin"
    ],
    "key": "7"
  },
  "model": "cmubbs.notification",
  "pk": 15
},
{
  "fields": {
    "notification_type": "reply",
    "created_on": "2015-12-04T03:02:46Z",
    "user": [
      "admin"
    ],
    "key": "7"
  },
  "model": "cmubbs.notification",
  "pk": 23
},
{
  "fields": {
    "notification_type": "event_add",
    "created_on": "2015-12-04T04:02:58Z",
    "user": [
      "wanpiqiao"
    ],
    "key": "74"
  },
  "model": "cmubbs.notification",
  "pk": 27
},
{
  "fields": {
    "notification_type": "reply",
    "created_on": "2015-12-04T18:33:52Z",
    "user": [
      "Riviera"
    ],
    "key": "99"
  },
  "model": "cmubbs.notification",
  "pk": 35
},
{
  "fields": {
    "notification_type": "reply",
    "created_on": "2015-12-05T02:04:57Z",
    "user": [
      "King of LTI"
    ],
    "key": "115"
  },
  "model": "cmubbs.notification",
  "pk": 44
},
{
  "fields": {
    "notification_type": "reply",
    "created_on": "2015-12-05T02:12:54Z",
    "user": [
      "manjusaka077"
    ],
    "key": "116"
  },
  "model": "cmubbs.notification",
  "pk": 45
},
{
  "fields": {
    "notification_type": "follow",
    "created_on": "2015-12-05T02:15:57Z",
    "user": [
      "manjusaka077"
    ],
    "key": "bowenz"
  },
  "model": "cmubbs.notification",
  "pk": 49
},
{
  "fields": {
    "notification_type": "follow",
    "created_on": "2015-12-05T02:16:02Z",
    "user": [
      "xiayuc"
    ],
    "key": "bowenz"
  },
  "model": "cmubbs.notification",
  "pk": 50
},
{
  "fields": {
    "notification_type": "reply",
    "created_on": "2015-12-05T18:28:48Z",
    "user": [
      "yy"
    ],
    "key": "109"
  },
  "model": "cmubbs.notification",
  "pk": 55
},
{
  "fields": {
    "notification_type": "reply",
    "created_on": "2015-12-05T18:29:31Z",
    "user": [
      "yy"
    ],
    "key": "104"
  },
  "model": "cmubbs.notification",
  "pk": 57
},
{
  "fields": {
    "notification_type": "event_add",
    "created_on": "2015-12-05T19:39:44Z",
    "user": [
      "xiayuc"
    ],
    "key": "59"
  },
  "model": "cmubbs.notification",
  "pk": 61
},
{
  "fields": {
    "notification_type": "reply",
    "created_on": "2015-12-05T20:01:48Z",
    "user": [
      "bowenzhu"
    ],
    "key": "99"
  },
  "model": "cmubbs.notification",
  "pk": 66
},
{
  "fields": {
    "notification_type": "follow",
    "created_on": "2015-12-05T20:34:08Z",
    "user": [
      "xiayuc"
    ],
    "key": "linxiz"
  },
  "model": "cmubbs.notification",
  "pk": 89
},
{
  "fields": {
    "notification_type": "reply-replypost",
    "created_on": "2015-12-06T01:51:17Z",
    "user": [
      "wanpiqiao"
    ],
    "key": "22"
  },
  "model": "cmubbs.notification",
  "pk": 101
},
{
  "fields": {
    "notification_type": "reply-newpost",
    "created_on": "2015-12-06T03:16:10Z",
    "user": [
      "yy"
    ],
    "key": "110"
  },
  "model": "cmubbs.notification",
  "pk": 102
},
{
  "fields": {
    "notification_type": "event_del",
    "created_on": "2015-12-07T02:23:03Z",
    "user": [
      "wanpiqiao"
    ],
    "key": "74"
  },
  "model": "cmubbs.notification",
  "pk": 144
},
{
  "fields": {
    "text": "Welcome to our CMUBBS website! \r\n\r\n---------------------------------------------------------------------------------------------------------------------------------\r\n\r\nUserGuide : http://www.biyemaijianbing.com/in_topic/132\r\n\r\n---------------------------------------------------------------------------------------------------------------------------------\r\nFancy features!\r\n1. Event sharing: Click \"Event\" tag in forum. \r\n2.  The post also support \"Poll\" now. See our example: http://www.biyemaijianbing.com/in_topic/129\r\n\r\n\r\n"
  },
  "model": "cmubbs.broadcast",
  "pk": 1
}
]
